ID,site,plotid,SamplingTime,azimuth,slope,x1h_length_m,x10h_length_m,x100h_length_m,x1000h_length_m,count_x1h,count_x10h,count_x100h,litter1_cm,duff1_cm,litter2_cm,duff2_cm,litter3_cm,duff3_cm,fuel1_cm,fuel2_cm,fuel3_cm,notes
1,caples,1,0,S,2,2,2,3,11.3,2,6,3,2,0,0,0,,,5,0.5,,
2,caples,1,0,W,5,2,2,3,11.3,7,0,0,1,0,0,0,,,0.5,0.5,,
7,caples,1,0,N,2,2,2,3,11.3,6,2,1,1,0,0,0,,,0.5,0.5,,
8,caples,1,0,E,5,2,2,3,11.3,7,1,2,2,2,3,2,,,2.5,3,,
10,caples,2,0,S,33,2,2,3,11.3,0,0,0,0,0,0,0,,,0,0,,
11,caples,2,0,W,5,2,2,3,11.3,0,2,0,1,0,0,0,,,0.5,0,,
12,caples,2,0,N,8,2,2,3,11.3,26,3,0,2,1,5,4,,,2,4,,
13,caples,2,0,E,14,2,2,3,11.3,0,0,0,5,0,2,0,,,3,0,,
14,caples,3,0,S,17,2,2,3,11.3,0,0,0,3,0,0,0,,,1,0,,
15,caples,3,0,W,8,2,2,3,11.3,11,2,1,3,1,4,3,,,3,4,,
16,caples,3,0,N,3,2,2,3,11.3,2,3,2,2,0,2,0,,,1,0,,
17,caples,3,0,E,12,2,2,3,11.3,7,3,1,0,0,0,0,,,10,5,,
18,caples,4,0,S,15,2,2,3,11.3,10,1,0,10,10,20,5,,,10,10,,
21,caples,4,0,W,1,2,2,3,11.3,15,2,0,4,2,5,4,,,4,10,,
23,caples,4,0,N,15,2,2,3,11.3,10,3,0,10,1,25,0,,,10,25,,
25,caples,4,0,E,2,2,2,3,11.3,0,3,2,9,8,4,2,,,7,4,,
30,caples,5,0,S,5,2,2,3,11.3,21,2,0,5,4,6,3,,,5,5,,
32,caples,5,0,W,5,2,2,3,11.3,20,8,0,4,2,4,2,,,4,4,,
37,caples,5,0,N,5,2,2,3,11.3,54,9,1,4,3,4,2,,,5,4.5,,
38,caples,5,0,E,5,2,2,3,11.3,8,9,3,4,3,6,4,,,3.7,6,,
39,caples,6,0,S,10,2,2,3,11.3,37,12,4,2,2,2,2,,,3,3,,
41,caples,6,0,W,8,2,2,3,11.3,6,1,0,2,1,1,0,,,2,1,,
42,caples,6,0,N,23,2,2,3,11.3,20,5,0,2,0,0,0,,,2,1,,
43,caples,6,0,E,11,2,2,3,11.3,19,13,3,2,3,4,2,,,3,4,,
44,caples,7,0,S,5,2,2,3,11.3,16,2,2,5,3,4,0,,,6,2,,
52,caples,7,0,W,3,2,2,3,11.3,17,11,0,0,0,4,2,,,0.5,4,,
56,caples,7,0,N,3,2,2,3,11.3,14,8,6,0,0,3,2,,,1,2,,
63,caples,7,0,E,6,2,2,3,11.3,3,1,0,1,1,1,1,,,1,2,,
69,caples,8,0,S,10,2,2,3,11.3,18,5,3,6,5,4,3,,,6,5,,
74,caples,8,0,W,17,2,2,3,11.3,20,6,8,5,3,3,2,,,5,4,,
76,caples,8,0,N,11,2,2,3,11.3,8,7,0,3,3,5,2,,,3,6,,
85,caples,8,0,E,11,2,2,3,11.3,29,11,1,5,4,4,3,,,6,5,,
87,caples,9,0,S,23,2,2,3,11.3,45,2,0,2,3,1,2,,,2,1,,
88,caples,9,0,W,34,2,2,3,11.3,27,5,0,2,1,2,1,,,2,2,,
89,caples,9,0,N,23,2,2,3,11.3,47,4,0,2,1,1,1,,,2,2,,
90,caples,9,0,E,33,2,2,3,11.3,24,3,0,1,0,1,1,,,1,1,,
91,caples,10,0,S,5,2,2,3,11.3,52,3,1,6,5,7,5,,,7,7,,
92,caples,10,0,W,2,2,2,3,11.3,49,2,4,3,1,1,0,,,3,2,,
93,caples,10,0,N,5,2,2,3,11.3,43,4,1,6,4,1,1,,,6,1,,
94,caples,10,0,E,2,2,2,3,11.3,56,5,0,3,2,6,3,,,3,7,,
95,caples,11,0,S,2,2,2,3,11.3,5,0,0,10,6,1,0,,,11,3,,
96,caples,11,0,W,9,2,2,3,11.3,28,5,2,5,4,5,5,,,6,4,,
97,caples,11,0,N,11,2,2,3,11.3,27,3,1,4,3,6,2,,,5,7,,
102,caples,12,0,S,5,2,2,3,11.3,28,3,2,2,1,3,2,,,2,2.7,,
103,caples,12,0,W,2,2,2,3,11.3,35,14,2,3,2,2,2,,,6,4,,
104,caples,12,0,N,5,2,2,3,11.3,9,2,3,5,2,5,3,,,5,5,,
106,caples,12,0,E,15,2,2,3,11.3,47,13,0,4,3,4,4,,,4,4,,
107,caples,13,0,S,21,2,2,3,11.3,7,3,1,3,2,3,2,,,4.7,3,,
108,caples,13,0,W,8,2,2,3,11.3,45,10,0,2,2,2,3,,,2,2,,
109,caples,13,0,N,21,2,2,3,11.3,12,6,1,5,3,5,2,,,5,5,,
111,caples,13,0,E,4,2,2,3,11.3,7,4,2,3,0,0,0,,,1,1,,
112,caples,14,0,S,25,2,2,3,11.3,51,3,1,3,2,4,4,,,2.5,4,,
113,caples,14,0,W,8,2,2,3,11.3,41,4,5,3,2,4,4,,,2.5,4,,
114,caples,14,0,N,13,2,2,3,11.3,12,5,1,1,0,0,0,,,1,0.5,,
115,caples,14,0,E,4,2,2,3,11.3,36,8,0,5,2,1,1,,,6,1,,
116,caples,15,0,S,49,2,2,3,11.3,10,2,2,2,2,2,2,,,1.5,1.5,,
117,caples,15,0,W,3,2,2,3,11.3,34,6,0,3,2,3,2,,,2,2,,
118,caples,15,0,N,35,2,2,3,11.3,48,8,0,5,3,5,3,,,3,3,,
119,caples,15,0,E,2,2,2,3,11.3,42,4,0,3,2,3,2,,,3,3,,
120,caples,16,0,W,22,2,2,3,11.3,33,3,1,3,2,1,0,,,3.3,1,,
122,caples,16,0,N,6,2,2,3,11.3,10,1,2,0,0,2,1,,,0.5,2,,
124,caples,16,0,S,2,2,2,3,11.3,17,3,3,1,0,1,0,,,1,1,,
125,caples,16,0,E,18,2,2,3,11.3,67,7,0,3,2,2,3,,,3,2,,
126,caples,17,0,S,2,2,2,3,11.3,23,1,2,2,0,0,0,,,2,1,,
127,caples,17,0,W,2,2,2,3,11.3,6,0,1,1,1,3,4,,,1.3,3,,
129,caples,17,0,N,6,2,2,3,11.3,48,16,2,7,4,3,2,,,7,3.5,,
130,caples,17,0,E,1,2,2,3,11.3,6,1,0,2,0,1,0,,,2,1,,
131,caples,18,0,S,28,2,2,3,11.3,24,1,0,3,2,4,3,,,3,3,,
132,caples,18,0,W,16,2,2,3,11.3,43,4,0,2,2,1,0,,,2,1.7,,
133,caples,18,0,N,41,2,2,3,11.3,42,4,0,3,3,4,3,,,2.5,3,,
134,caples,37,0,S,16,2,2,3,11.3,49,11,3,3,1,10,5,,,4,11,,
135,caples,37,0,W,16,2,2,3,11.3,10,2,0,7,3,0,0,,,7,8,,
137,caples,37,0,N,29,2,2,3,11.3,11,10,5,2,0,0,2,,,9,7,,
138,caples,37,0,E,11,2,2,3,11.3,13,3,2,4,1,5,2,,,3,4,,
139,caples,38,0,S,5,2,2,3,11.3,25,11,0,4,2,2,1,,,60,58,,
140,caples,38,0,W,2,2,2,3,11.3,0,1,0,6,3,6,4,,,72,60,,
141,caples,38,0,N,4,2,2,3,11.3,1,0,0,0,0,0,0,,,20,42,,
142,caples,38,0,E,2,2,2,3,11.3,2,0,0,1,0,0,0,,,13,9,,
143,caples,39,0,S,16,2,2,3,11.3,0,0,0,0,0,0,0,,,2,13,,
144,caples,39,0,W,11,2,2,3,11.3,0,0,0,0,0,0,0,,,0,0,,
145,caples,39,0,N,16,2,2,3,11.3,0,0,0,0,0,0,0,,,0,0.1,,
146,caples,39,0,E,9,2,2,3,11.3,0,0,0,0,0,0,0,,,0,0,,
147,caples,40,0,S,12,2,2,3,11.3,7,4,1,4,2,7,7,,,3,8,,
148,caples,40,0,W,6,2,2,3,11.3,17,1,0,1,0,0,0,,,8,0.5,,
150,caples,40,0,N,18,2,2,3,11.3,17,9,0,2,2,1,0,,,40,10,,
155,caples,40,0,E,10,2,2,3,11.3,12,2,0,2,1,2,1,,,5,6,,
157,caples,41,0,S,25,2,2,3,11.3,3,0,0,0,0,1,1,,,8,14,,
158,caples,41,0,W,15,2,2,3,11.3,1,0,0,1,0,2,0,,,10,18,,
159,caples,41,0,N,23,2,2,3,11.3,2,0,0,0,0,0,0,,,15,14,,
160,caples,41,0,E,16,2,2,3,11.3,0,0,0,0,0,0,0,,,8,6,,
161,caples,42,0,S,3,2,2,3,11.3,3,2,0,6,6,4,2,,,14,16,,
163,caples,42,0,W,7,2,2,3,11.3,5,0,1,1,0,4,4,,,2,5,,
164,caples,42,0,N,19,2,2,3,11.3,15,3,2,2,2,3,2,,,10,5,,
165,caples,42,0,E,3,2,2,3,11.3,5,4,0,3,1,4,3,,,4,2,,
166,caples,43,0,S,23,2,2,3,11.3,8,0,0,3,1,1,0,,,45,26,,
167,caples,43,0,W,4,2,2,3,11.3,2,0,0,1,0,0,0,,,16,20,,
168,caples,43,0,N,16,2,2,3,11.3,3,0,0,4,3,0,0,,,30,5,,
169,caples,43,0,E,0,2,2,3,11.3,24,1,0,2,2,3,2,,,32,35,,
170,caples,44,0,S,42,2,2,3,11.3,21,0,0,4,3,5,3,,,16,9,,
171,caples,44,0,W,4,2,2,3,11.3,17,2,0,1,2,2,1,,,5,1,,
172,caples,44,0,N,16,2,2,3,11.3,18,0,0,2,2,4,3,,,2,12,,
173,caples,44,0,E,0,2,2,3,11.3,22,5,1,6,4,7,5,,,9,12,,
174,caples,45,0,S,2,2,2,3,11.3,25,5,1,5,4,6,4,,,4,21,,
175,caples,45,0,W,18,2,2,3,11.3,16,1,1,5,8,2,1,,,17,18,,
176,caples,45,0,N,0,2,2,3,11.3,13,2,1,2,3,2,2,,,19,21,,
178,caples,45,0,E,21,2,2,3,11.3,2,0,0,1,3,1,1,,,20,2,,
179,caples,46,0,S,0,2,2,3,11.3,5,2,1,2,12,3,9,,,108,64,,
181,caples,46,0,W,1,2,2,3,11.3,11,2,3,4,4,9,4,,,78,20,,
186,caples,46,0,N,1,2,2,3,11.3,11,3,1,7,8,7,8,,,16,18,,
187,caples,46,0,E,2,2,2,3,11.3,17,4,0,3,6,6,5,,,38,12,,
188,caples,47,0,S,2,2,2,3,11.3,2,0,0,3,9,2,9,,,50,32,,
189,caples,47,0,W,0,2,2,3,11.3,42,2,3,8,9,6,8,,,35,30,,
191,caples,47,0,N,2,2,2,3,11.3,6,7,1,3,10,2,9,,,42,40,,
192,caples,47,0,E,1,2,2,3,11.3,5,2,1,3,6,3,6,,,26,18,,
193,caples,48,0,S,13,2,2,3,11.3,13,3,0,3,4,2,4,,,11,40,,
194,caples,48,0,W,53,2,2,3,11.3,17,0,0,0,0,0,0,,,15,0,,
195,caples,48,0,N,11,2,2,3,11.3,27,4,0,3,5,1,0,,,35,50,,
196,caples,18,0,E,13,2,2,3,11.3,36,3,0,5,3,3,1,,,4,2,,
197,caples,19,0,S,28,2,2,3,11.3,0,0,0,1,0,0,0,,,0.5,0.1,,
198,caples,19,0,W,13,2,2,3,11.3,17,3,0,0,0,1,0,,,0,1,,
199,caples,19,0,N,20,2,2,3,11.3,13,0,0,3,2,0,0,,,3,1,,
200,caples,19,0,E,6,2,2,3,11.3,9,1,0,3,1,3,1,,,2,2.3,,
201,caples,20,0,S,5,2,2,3,11.3,32,4,3,4,3,2,0,,,2,2,,
202,caples,20,0,W,36,2,2,3,11.3,0,0,0,0,0,0,0,,,0,0,,
203,caples,20,0,N,2,2,2,3,11.3,3,6,2,1,1,2,1,,,2,2,,
204,caples,20,0,E,20,2,2,3,11.3,12,4,3,0,0,2,2,,,0.5,1,,
205,caples,21,0,S,35,2,2,3,11.3,49,8,1,0,0,5,3,,,0.5,5,,
206,caples,21,0,W,15,2,2,3,11.3,23,3,2,0,0,0,0,,,0.5,0,,
207,caples,21,0,N,39,2,2,3,11.3,27,1,0,6,4,3,1,,,6,2,,
208,caples,21,0,E,8,2,2,3,11.3,12,0,1,1,0,1,0,,,1,1,,
209,caples,22,0,S,28,2,2,3,11.3,21,2,0,5,3,4,4,,,5,4,,
210,caples,22,0,W,12,2,2,3,11.3,21,3,1,2,2,4,2,,,6,7,,
211,caples,22,0,N,31,2,2,3,11.3,3,1,0,1,0,0,0,,,0,32,,
212,caples,22,0,E,30,2,2,3,11.3,4,1,0,0,0,1,0,,,7,38,,
213,caples,23,0,S,26,2,2,3,11.3,38,5,0,8,3,6,3,,,5,5,,
214,caples,23,0,W,9,2,2,3,11.3,52,15,1,4,2,2,4,,,9,6,,
215,caples,23,0,N,26,2,2,3,11.3,38,6,6,1,0,0,0,,,5,2,,
216,caples,23,0,E,3,2,2,3,11.3,7,3,1,2,4,3,2,,,61,15,,
218,caples,24,0,S,54,2,2,3,11.3,26,1,0,11,5,11,3,,,11,13,,
220,caples,24,0,W,10,2,2,3,11.3,24,3,2,5,2,5,2,,,3,6,,
221,caples,24,0,N,45,2,2,3,11.3,11,1,1,3,2,2,0,,,3,1,,
222,caples,24,0,E,25,2,2,3,11.3,35,4,2,6,5,4,6,,,35,14,,
224,caples,25,0,S,12,2,2,3,11.3,31,2,0,3,0,0,0,,,60,59,,
225,caples,25,0,W,3,2,2,3,11.3,22,0,0,0,0,3,3,,,0.5,70,,
226,caples,25,0,N,1,2,2,3,11.3,0,0,0,0,0,0,0,,,0,0,,
227,caples,25,0,E,10,2,2,3,11.3,0,0,0,0,0,0,0,,,0,0,,
228,caples,26,0,S,23,2,2,3,11.3,9,1,0,1,0,1,0,,,39,25,,
229,caples,26,0,W,24,2,2,3,11.3,16,1,0,0,0,1,1,,,27,55,,
230,caples,26,0,N,10,2,2,3,11.3,53,4,3,1,1,3,3,,,105,95,,
231,caples,26,0,E,110,2,2,3,11.3,0,0,0,0,0,0,0,,,25,0,,
232,caples,27,0,S,28,2,2,3,11.3,4,0,0,0,0,3,1,,,0,6,,
233,caples,27,0,W,47,2,2,3,11.3,2,1,0,1,0,0,0,,,30,0.5,,
234,caples,27,0,N,35,2,2,3,11.3,9,0,0,2,0,3,0,,,15,50,,
235,caples,27,0,E,36,2,2,3,11.3,24,1,0,6,4,5,4,,,130,50,,
236,caples,28,0,S,18,2,2,3,11.3,33,11,4,5,4,2,1,,,25,2,,
238,caples,28,0,W,12,2,2,3,11.3,24,2,1,3,2,2,2,,,3,3,,
239,caples,28,0,N,20,2,2,3,11.3,20,6,1,5,3,5,3,,,5,5,,
242,caples,28,0,E,18,2,2,3,11.3,12,4,1,5,3,5,5,,,3,5,,
243,caples,29,0,S,1,2,2,3,11.3,8,2,1,4,3,5,4,,,23,5,,
244,caples,29,0,W,2,2,2,3,11.3,69,12,1,6,5,2,1,,,23,5,,
245,caples,29,0,N,15,2,2,3,11.3,21,3,4,2,0,2,1,,,14,40,,
247,caples,29,0,E,1,2,2,3,11.3,7,5,1,6,3,4,3,,,6,50,,
248,caples,30,0,S,25,2,2,3,11.3,34,2,0,3,1,3,2,,,55,88,,
249,caples,30,0,W,3,2,2,3,11.3,7,3,0,3,1,0,0,,,25,0,,
250,caples,30,0,N,15,2,2,3,11.3,0,0,0,1,0,0,0,,,8,0,,
251,caples,30,0,E,7,2,2,3,11.3,0,2,1,1,1,0,0,,,1,7,,
252,caples,31,0,S,1,2,2,3,11.3,0,0,0,5,0,5,0,,,27,65,,
253,caples,31,0,W,0,2,2,3,11.3,0,0,0,5,0,5,0,,,52,55,,
254,caples,31,0,N,0,2,2,3,11.3,0,0,0,5,0,5,0,,,70,54,,
255,caples,31,0,E,1,2,2,3,11.3,0,0,0,5,0,5,0,,,90,73,,
256,caples,36,0,S,6,2,2,3,11.3,20,9,1,3,1,2,1,,,17,9,,
257,caples,36,0,W,1,2,2,3,11.3,0,0,0,1,2,2,1,,,3,3,,
258,caples,36,0,N,2,2,2,3,11.3,0,0,1,1,2,2,1,,,0,0,,
259,caples,36,0,E,1,2,2,3,11.3,1,0,0,1,1,1,1,,,0,2,,
260,caples,48,0,E,23,2,2,3,11.3,2,0,0,0,0,0,0,,,2,0,,
261,caples,49,0,S,7,2,2,3,11.3,1,0,0,4,5,0,0,,,5,1,,
262,caples,49,0,W,3,2,2,3,11.3,0,0,0,0,0,0,0,,,0,0,,
263,caples,49,0,N,30,2,2,3,11.3,1,0,0,0,0,2,0,,,0.5,7,,
264,caples,49,0,E,0,2,2,3,11.3,26,17,4,2,1,3,2,,,11,30,,
267,caples,50,0,S,13,2,2,3,11.3,5,0,0,0,0,0,0,,,0,8,,
268,caples,50,0,W,6,2,2,3,11.3,7,0,0,3,4,2,1,,,15,15,,
270,caples,50,0,N,17,2,2,3,11.3,0,0,0,0,0,0,0,,,0,0,,
271,caples,50,0,E,15,2,2,3,11.3,6,0,0,0,0,0,0,,,1,4,,
272,caples,51,0,S,36,2,2,3,11.3,12,0,0,2,3,0,0,,,10,0,,
273,caples,51,0,W,22,2,2,3,11.3,0,0,0,0,0,0,0,,,0,0,,
274,caples,51,0,N,32,2,2,3,11.3,8,0,0,1,0,0,0,,,1,0,,
275,caples,51,0,E,18,2,2,3,11.3,0,0,0,3,1,0,0,,,2,0,,
276,caples,52,0,S,4,2,2,3,11.3,25,5,3,6,5,0,0,,,6,1,,
277,caples,52,0,W,5,2,2,3,11.3,22,0,0,4,4,5,6,,,2,3,,
278,caples,52,0,N,11,2,2,3,11.3,11,1,1,2,0,2,1,,,5,2,,
279,caples,52,0,E,5,2,2,3,11.3,7,0,1,1,0,2,1,,,4,3,,
280,caples,53,0,S,8,2,2,3,11.3,5,6,4,4,6,3,6,,,30,35,,
281,caples,53,0,W,0,2,2,3,11.3,15,6,1,2,1,4,2,,,8,16,,
282,caples,53,0,N,15,2,2,3,11.3,0,0,0,1,0,0,0,,,26,35,,
283,caples,53,0,E,15,2,2,3,11.3,2,1,1,5,3,3,1,,,36,140,,
284,caples,54,0,S,22,2,2,3,11.3,15,4,2,3,2,1,1,,,16,45,,
285,caples,54,0,W,1,2,2,3,11.3,71,11,3,2,3,8,5,,,15,10,,
286,caples,54,0,N,29,2,2,3,11.3,18,0,0,2,1,3,2,,,1,11,,
287,caples,32,0,S,11,2,2,3,11.3,42,3,2,6,4,4,3,,,90,94,,
288,caples,32,0,W,4,2,2,3,11.3,44,11,1,9,5,14,9,,,9,13,,
289,caples,32,0,N,10,2,2,3,11.3,13,5,6,4,6,7,10,,,22,0,,
292,caples,32,0,E,1,2,2,3,11.3,37,2,1,3,3,0,0,,,2,0,,
293,caples,33,0,S,4,2,2,3,11.3,29,4,0,7,3,8,3,,,8,8,,
295,caples,33,0,W,4,2,2,3,11.3,52,16,6,3,2,5,7,,,5,5,,
297,caples,33,0,N,5,2,2,3,11.3,27,12,1,1,2,3,1,,,4,1,,
299,caples,33,0,E,7,2,2,3,11.3,28,7,3,6,7,4,9,,,4,23,,
303,caples,34,0,S,2,2,2,3,11.3,0,0,0,0,0,0,0,,,0,0,,
304,caples,34,0,W,26,2,2,3,11.3,0,1,0,1,0,1,0,,,1,2,,
305,caples,34,0,N,15,2,2,3,11.3,3,0,1,2,1,2,0,,,1,2,,
306,caples,34,0,E,12,2,2,3,11.3,8,4,0,2,4,0,0,,,3,1,,
307,caples,35,0,S,33,2,2,3,11.3,21,3,0,0,0,3,1,,,1,3,,
308,caples,35,0,W,18,2,2,3,11.3,0,0,3,0,0,0,0,,,0,2,,
309,caples,35,0,N,18,2,2,3,11.3,10,2,2,0,1,0,0,,,2,0,,
310,caples,35,0,E,17,2,2,3,11.3,4,5,0,0,0,0,2,,,1,6,,
311,caples,54,0,E,2,2,2,3,11.3,31,30,0,7,6,8,5,,,12,8,,
312,caples,55,0,S,19,2,2,3,11.3,2,0,0,0,0,2,0,,,10,25,,
313,caples,55,0,W,5,2,2,3,11.3,11,2,2,6,5,9,6,,,40,5,,
314,caples,55,0,N,19,2,2,3,11.3,3,0,0,0,0,0,0,,,10,16,,
315,caples,55,0,E,9,2,2,3,11.3,20,3,1,4,3,1,1,,,10,11,,
316,caples,56,0,S,10,2,2,3,11.3,20,1,1,2,1,5,2,,,25,10,,
317,caples,56,0,W,5,2,2,3,11.3,11,4,5,3,2,2,1,,,10,12,,
319,caples,56,0,N,14,2,2,3,11.3,7,0,0,0,0,0,0,,,1,2,,
320,caples,56,0,E,12,2,2,3,11.3,18,7,1,8,7,3,1,,,11,13,,
321,caples,57,0,S,20,2,2,3,11.3,26,5,3,0,0,0,0,,,1,2,,
322,caples,57,0,W,1,2,2,3,11.3,18,1,0,8,3,6,4,,,1,1,,
323,caples,57,0,N,14,2,2,3,11.3,11,2,0,3,3,3,2,,,3,3,,
324,caples,57,0,E,3,2,2,3,11.3,4,1,0,1,0,1,0,,,14,11,,
325,caples,58,0,N,8,2,2,3,11.3,8,2,2,2,0,2,1,,,4,3,,
326,caples,58,0,E,7,2,2,3,11.3,61,4,1,4,1,3,0,,,9,6,,
327,caples,58,0,S,5,2,2,3,11.3,6,0,1,0,0,0,0,,,1,7.1,,
328,caples,58,0,W,13,2,2,3,11.3,30,3,0,3,4,6,6,,,6.1,5.2,,
329,caples,59,0,N,19,2,2,3,11.3,7,0,4,5,6,2,0,,,10,2,,
330,caples,59,0,E,14,2,2,3,11.3,3,3,1,3,2,4,2,,,1,4,,
331,caples,59,0,S,37,2,2,3,11.3,28,6,0,2,2,4,0,,,12.2,0.5,,
332,caples,59,0,W,3,2,2,3,11.3,3,1,0,0,3,2,2,,,0.5,1,,
333,caples,60,0,N,2,2,2,3,11.3,2,0,0,0,0,1,0,,,1,4,,
334,caples,60,0,E,18,2,2,3,11.3,5,0,0,2,0,0,0,,,2,1,,
335,caples,60,0,S,4,2,2,3,11.3,6,0,0,0,0,1,0,,,0.5,0.5,,
336,caples,60,0,W,16,2,2,3,11.3,1,2,0,1,0,2,0,,,1,4,,
1,caples,130,0,W,46,2,2,3,11.3,9,3,4,4,7,3,8,4,4,3,31,2,
21,caples,94,0,W,27,2,2,3,11.3,2,2,3,11,10,5,15,,,10.8,7.6,,
22,caples,94,0,E,27,2,2,3,11.3,1,4,0,5,6,12,16,,,51,12.1,,
23,caples,94,0,S,5,2,2,3,11.3,17,15,4,4,6,8,9,,,4.9,4.8,,
24,caples,94,0,N,5,2,2,3,11.3,18,3,0,3,9,8,6,,,3.7,9.8,,
25,caples,93,0,W,6,2,2,3,11.3,13,8,0,10,8,9,10,,,15.9,9.6,,
28,caples,93,0,N,18,2,2,3,11.3,5,10,2,2,3,5,4,,,4.2,6.1,,
29,caples,98,0,W,7,2,2,3,11.3,2,1,0,7,15,5,0,,,7,5.1,,
30,caples,98,0,E,7,2,2,3,11.3,2,0,0,0,0,3,1,,,0,5.1,,
31,caples,98,0,S,45,2,2,3,11.3,9,3,2,0,0,2,0,,,0,1.9,,
32,caples,98,0,N,45,2,2,3,11.3,17,2,0,4,4,1,0,,,5.2,1.1,,
33,caples,92,0,W,5,2,2,3,11.3,20,10,4,5,1,7,1,,,5.1,10.2,,
36,caples,92,0,N,48,2,2,3,11.3,13,10,1,4,0,4,8,,,4.8,5.9,,
41,caples,82,0,W,7,2,2,3,11.3,0,0,1,1,0,1,0,,,0.7,0.6,,
45,caples,85,0,W,5,2,2,3,11.3,16,7,4,0,0,2,4,,,5.1,2.5,,
48,caples,85,0,N,16,2,2,3,11.3,4,8,2,0,0,5,8,,,1.9,8.2,,
49,caples,65,0,E,8,2,2,3,11.3,31,13,0,4,2,2,1,,,4,4.5,,
52,caples,65,0,N,11,2,2,3,11.3,0,1,0,4,4,6,7,,,7.62,6.4,,
54,caples,102,0,E,38,2,2,3,11.3,3,0,0,10,1,4,0,,,9.5,3.5,,
55,caples,102,0,S,10,2,2,3,11.3,15,1,0,4,0,2,10,,,3.9,7.1,,
62,caples,76,0,E,15,2,2,3,11.3,20,2,1,72,4,4,10,,,72.5,4.7,,
414,caples,99,0,E,5,2,2,3,11.3,13,17,0,5,7,4,6,,,6.4,10.8,,
415,caples,99,0,S,35,2,2,3,11.3,12,5,2,4,2,3,2,,,15.4,6.2,,
418,caples,100,0,E,15,2,2,3,11.3,0,5,3,0,0,1,0,,,0.4,0.6,,
421,caples,83,0,W,22,2,2,3,11.3,3,0,0,0,0,5,8,,,0,5.8,,
2,caples,130,0,S,46,2,2,3,11.3,26,15,0,3,7,2,6,3,0,7.5,5.5,0,
3,caples,130,0,N,46,2,2,3,11.3,6,4,1,0,0,1,0,1,0,0,0,3,
4,caples,130,0,E,46,2,2,3,11.3,24,4,1,1,0,0,0,3,0,0,0,0,
5,caples,131,0,N,33,2,2,3,11.3,43,4,5,3,4,2,4,3,6,5,0,6,
6,caples,131,0,E,33,2,2,3,11.3,14,6,1,1,3,2,3,3,3,1,0,2,
7,caples,131,0,S,33,2,2,3,11.3,4,4,0,6,0,3,2,2,1,4,0,3,
8,caples,131,0,W,33,2,2,3,11.3,10,1,1,3,1,4,0,6,0,0,1,0,
9,caples,132,0,N,22,2,2,3,11.3,8,1,0,4,0,7,0,5,0,0,0,0,
10,caples,132,0,W,22,2,2,3,11.3,10,2,0,2,0,2,0,0,0,0,0,0,
11,caples,132,0,S,22,2,2,3,11.3,5,1,0,2,0,3,0,1,0,0,0,0,
12,caples,132,0,E,22,2,2,3,11.3,26,5,0,2,0,2,0,4,0,0,1,9,
13,caples,133,0,N,23,2,2,3,11.3,0,0,0,0,0,0,0,0,0,0,0,0,
14,caples,133,0,E,23,2,2,3,11.3,0,0,0,0,0,0,0,0,0,0,0,0,
15,caples,133,0,S,23,2,2,3,11.3,27,1,0,3,4,5,8,0,0,0,0,0,
16,caples,133,0,W,23,2,2,3,11.3,4,4,4,2,3,0,0,0,0,0,0,0,
17,caples,103,0,E,15,2,2,3,11.3,10,2,6,6,0,8,2,0,3,3,3,12,
18,caples,103,0,S,15,2,2,3,11.3,16,5,1,4,3,5,0,5,0,6,3,8,
19,caples,103,0,W,15,2,2,3,11.3,12,4,3,3,6,2,7,8,2,0,0,1,
20,caples,103,0,N,15,2,2,3,11.3,43,15,5,2,1,4,0,3,0,3,2.5,1,
21,caples,104,0,W,10,2,2,3,11.3,0,1,0,7,2,9,0,10,0,0,0,2,
22,caples,104,0,S,10,2,2,3,11.3,19,3,0,10,0,2,0,3,0,13,0,2,
23,caples,104,0,N,10,2,2,3,11.3,6,1,0,8,4,5,9,5,3,8,32,3,
24,caples,104,0,E,10,2,2,3,11.3,16,10,6,3,0,2,0,2,0,0,7,0,
25,caples,105,0,S,16,2,2,3,11.3,4,3,2,5,4,3,3,3,3,2,0,6,
26,caples,105,0,E,16,2,2,3,11.3,30,9,2,9,10,5,6,2,3,2,4,9,
27,caples,105,0,N,16,2,2,3,11.3,33,5,0,3,0,0,0,8,0,0,0,0,
28,caples,105,0,W,16,2,2,3,11.3,28,9,0,2,6,4,5,6,7,0,2,3,
29,caples,106,0,E,43,2,2,3,11.3,10,2,0,2,0,2,5,2,4,3,0,2,
30,caples,106,0,N,43,2,2,3,11.3,13,3,4,3,0,0,4,3,5,0,12,10,
31,caples,106,0,S,43,2,2,3,11.3,7,3,1,3,0,0,0,4,3,6,0,0,
32,caples,106,0,W,43,2,2,3,11.3,8,1,0,3,6,2,0,0,0,0,0,0,
33,caples,107,0,N,14,2,2,3,11.3,16,6,2,6,5,6,6,5,7,4,0,7,
424,caples,83,0,N,15,2,2,3,11.3,19,6,0,0,0,0,0,,,0,0,,
425,caples,84,0,W,7,2,2,3,11.3,2,2,5,2,0,4,11,,,2.5,3.8,,
428,caples,84,0,N,4,2,2,3,11.3,8,4,1,4,3,5,15,,,4.3,21.6,,
438,caples,93,0,E,6,2,2,3,11.3,5,9,2,4,8,5,12,,,5.1,5.2,,
439,caples,93,0,S,18,2,2,3,11.3,7,3,0,3,4,5,8,,,7.3,4.9,,
446,caples,92,0,E,5,2,2,3,11.3,10,9,5,12,1,8,9,,,11.7,15.2,,
447,caples,92,0,S,48,2,2,3,11.3,16,17,4,8,5,4,4,,,19.5,6.8,,
449,caples,95,0,W,4,2,2,3,11.3,8,2,0,0,0,2,0,,,8.2,5.6,,
450,caples,95,0,E,4,2,2,3,11.3,1,5,1,0,0,1,0,,,0,1.3,,
451,caples,95,0,S,11,2,2,3,11.3,4,2,1,0,0,3,0,,,0,3.2,,
452,caples,95,0,N,11,2,2,3,11.3,23,6,5,2,1,4,0,,,4.8,3.5,,
454,caples,82,0,E,3,2,2,3,11.3,11,1,0,8,17,2,0,,,8.2,2.5,,
455,caples,82,0,S,22,2,2,3,11.3,2,7,1,1,0,2,0,,,1.3,4.1,,
456,caples,82,0,N,22,2,2,3,11.3,2,5,2,0,0,0,0,,,1.4,0.5,,
458,caples,85,0,E,5,2,2,3,11.3,3,6,1,0,0,17,0,,,0,17.2,,
459,caples,85,0,S,16,2,2,3,11.3,11,10,1,3,0,3,0,,,3.1,7.9,,
462,caples,65,0,S,4,2,2,3,11.3,36,15,1,4,6,2,6,,,5,3,,
463,caples,65,0,W,8,2,2,3,11.3,4,3,5,3,4,6,2,,,4.5,11,,
465,caples,102,0,N,29,2,2,3,11.3,15,1,0,1,0,2,2,,,12.7,1.2,,
468,caples,102,0,W,38,2,2,3,11.3,5,4,1,4,10,1,0,,,3.5,3,,
469,caples,77,0,N,22,2,2,3,11.3,3,2,4,4,4,4,2,,,4.3,7,,
470,caples,77,0,E,4,2,2,3,11.3,20,2,0,2,4,2,4,,,2,1.5,,
471,caples,77,0,S,22,2,2,3,11.3,20,6,3,7,20,6,7,,,55.9,11.9,,
472,caples,77,0,W,4,2,2,3,11.3,30,19,3,4,13,4,4,,,10,7,,
473,caples,76,0,N,1,2,2,3,11.3,20,8,3,3,3,3,4,,,2.9,3.4,,
477,caples,75,0,N,18,2,2,3,11.3,7,5,2,2,0,4,2,,,2.4,3.9,,
479,caples,75,0,S,18,2,2,3,11.3,0,5,3,4,4,4,4,,,5.8,3.6,,
34,caples,107,0,E,14,2,2,3,11.3,14,5,0,4,4,7,5,5,0,4,0,0,
35,caples,107,0,S,14,2,2,3,11.3,21,7,1,4,7,4,7,6,15,0,10,0,
36,caples,107,0,W,14,2,2,3,11.3,22,8,1,8,11,10,1,8,14,11,0,0,
37,caples,108,0,N,18,2,2,3,11.3,13,9,0,4,4,5,4,7,9,0,3,0,
38,caples,108,0,E,18,2,2,3,11.3,71,20,1,2,0,2,1,7,0,1,12,0,
39,caples,108,0,S,18,2,2,3,11.3,37,10,4,7,4,4,2,5,3,9,2,4,
40,caples,108,0,W,18,2,2,3,11.3,5,5,1,10,5,6,10,9,0,5,3,0,
41,caples,109,0,E,14,2,2,3,11.3,34,11,7,3,0,2,7,10,0,0,21,15,
42,caples,109,0,W,14,2,2,3,11.3,29,11,5,5,2,4,7,3,4,2,0,6,
43,caples,109,0,N,14,2,2,3,11.3,19,6,2,1,0,6,2,1,3,0,88,1,
44,caples,109,0,S,14,2,2,3,11.3,19,5,3,0,0,5,0,0,0,0,0,0,
45,caples,110,0,N,24,2,2,3,11.3,53,7,0,5,12,3,6,9,0,0,1,0,
46,caples,110,0,S,24,2,2,3,11.3,18,5,0,0,0,4,6,0,4,60,0,2,
47,caples,110,0,E,24,2,2,3,11.3,11,4,0,0,0,0,0,3,7,0,0,4,
48,caples,110,0,W,24,2,2,3,11.3,25,2,0,4,6,5,2,2,0,7,3.5,19,
49,caples,111,0,N,45,2,2,3,11.3,12,1,1,1,5,6,6,5,1,0,0,0,
50,caples,111,0,E,45,2,2,3,11.3,8,0,0,7,2,6,1,10,2,0,5,0,
51,caples,111,0,S,45,2,2,3,11.3,1,2,2,4,8,10,10,6,16,0,0,0,
52,caples,111,0,W,45,2,2,3,11.3,1,2,1,5,8,10,18,4,3,2,0,0,
53,caples,112,0,W,10,2,2,3,11.3,6,0,0,0,0,0,0,2,0,1,0,0,
54,caples,112,0,N,10,2,2,3,11.3,4,0,0,0,0,0,0,1,0,0,0,0,
55,caples,112,0,E,10,2,2,3,11.3,10,12,1,2,0,2,3,2,3,0,2,3,
56,caples,112,0,S,10,2,2,3,11.3,6,1,0,4,0,3,0,2,0,0,0,0,
57,caples,113,0,N,25,2,2,3,11.3,33,7,1,2,3,1,2,4,5,0,5,0,
1,caples,99,0,W,5,2,2,3,11.3,8,2,0,5,6,3,0,,,8.9,5.3,,
4,caples,99,0,N,35,2,2,3,11.3,10,4,0,7,15,4,7,,,12,8.5,,
5,caples,100,0,W,15,2,2,3,11.3,1,0,0,2,4,0,0,,,5.3,2.5,,
7,caples,100,0,N,16,2,2,3,11.3,4,0,0,1,0,0,0,,,0.7,0.3,,
8,caples,100,0,S,16,2,2,3,11.3,20,2,0,7,4,4,6,,,6.6,11.7,,
10,caples,83,0,E,22,2,2,3,11.3,17,4,1,6,5,2,0,,,0,2,,
11,caples,83,0,S,15,2,2,3,11.3,10,1,0,1,0,0,0,,,0,0,,
14,caples,84,0,E,7,2,2,3,11.3,4,0,0,0,0,0,0,,,0,0.3,,
15,caples,84,0,S,4,2,2,3,11.3,21,8,2,0,0,2,4,,,0,2.1,,
17,caples,101,0,W,55,2,2,3,11.3,0,0,0,2,0,3,0,,,2.3,3.2,,
18,caples,101,0,E,55,2,2,3,11.3,2,0,0,4,4,5,5,,,3.9,5.2,,
19,caples,101,0,S,40,2,2,3,11.3,11,3,0,4,8,5,3,,,4.1,3.7,,
20,caples,101,0,N,40,2,2,3,11.3,15,8,3,7,7,3,8,,,7.1,3.4,,
58,caples,113,0,E,25,2,2,3,11.3,16,5,0,6,0,1,6,1,2,0,3,0,
59,caples,113,0,S,25,2,2,3,11.3,12,3,0,3,0,2,0,0,0,0,0,0,
63,caples,76,0,S,1,2,2,3,11.3,12,7,5,4,7,6,8,,,7,5.7,,
64,caples,76,0,W,1,2,2,3,11.3,27,7,1,8,4,3,5,,,3.5,8,,
66,caples,75,0,E,5,2,2,3,11.3,2,3,1,4,18,5,7,,,9,5.2,,
68,caples,75,0,W,5,2,2,3,11.3,7,1,0,5,0,1,0,,,5.2,1,,
60,caples,113,0,W,25,2,2,3,11.3,5,1,1,0,0,2,0,1,0,0,0,0,
61,caples,114,0,N,15,2,2,3,11.3,3,7,1,4,9,6,6,8,10,1,2,0,
62,caples,114,0,W,15,2,2,3,11.3,0,0,0,6,0,5,0,5,0,0,0,0,
63,caples,114,0,S,15,2,2,3,11.3,3,8,0,0,0,7,0,4,0,0,0,0,
64,caples,114,0,E,15,2,2,3,11.3,9,3,0,2,4,4,10,5,11,1,0,0,
65,caples,115,0,N,24,2,2,3,11.3,3,3,0,1,0,0,0,2,0,1,0,3,
66,caples,115,0,W,24,2,2,3,11.3,4,4,0,0,0,0,0,4,4,1,0,0,
67,caples,115,0,E,24,2,2,3,11.3,0,6,0,2,3,2,0,2,4,1,0,1,
68,caples,115,0,S,24,2,2,3,11.3,1,0,0,0,0,3,0,3,0,0,4,0,
69,caples,116,0,N,15,2,2,3,11.3,10,2,7,5,7,8,6,2,3,3,0,2,
70,caples,116,0,E,15,2,2,3,11.3,66,23,4,3,3,3,7,5,3,7,5,2,
71,caples,116,0,S,15,2,2,3,11.3,39,12,0,3,0,3,2,2,4,3,1.5,0,
72,caples,116,0,W,15,2,2,3,11.3,19,13,1,5,7,6,3,2,10,2,1,0,
73,caples,117,0,N,26,2,2,3,11.3,11,0,2,2,5,2,0,0,0,3,1,0,
74,caples,117,0,E,26,2,2,3,11.3,23,10,5,0,0,3,0,2,0,0,1,2,
75,caples,117,0,S,26,2,2,3,11.3,6,4,1,3,1,2,0,1,1,0,0,0,
76,caples,117,0,W,26,2,2,3,11.3,9,5,0,4,2,2,0,3,2,2,1.5,2,
77,caples,118,0,N,13,2,2,3,11.3,59,16,2,2,6,1,3,3,8,5,5,2,
78,caples,118,0,W,13,2,2,3,11.3,20,9,5,1,4,2,2,2,5,2,2,5,
79,caples,118,0,E,13,2,2,3,11.3,31,8,2,1,3,1,2,2,2,27,0,4,
80,caples,118,0,S,13,2,2,3,11.3,5,4,2,3,11,3,12,3,3,2,1,8,
81,caples,119,0,N,46,2,2,3,11.3,56,23,5,4,17,4,12,6,10,0,8,10,
82,caples,119,0,E,46,2,2,3,11.3,138,21,4,8,4,3,13,4,6,0,14,0,
83,caples,119,0,S,46,2,2,3,11.3,11,7,4,2,5,12,1,5,1,42,28,0,
84,caples,119,0,W,46,2,2,3,11.3,89,22,8,2,4,4,3,3,3,2,5,6,
85,caples,120,0,N,36,2,2,3,11.3,45,18,3,7,0,4,3,12,2,4,7,4,
86,caples,120,0,E,36,2,2,3,11.3,42,14,1,1,7,8,0,6,5,9,6,30,
87,caples,120,0,S,36,2,2,3,11.3,20,5,3,4,4,3,2,6,0,25,0,12,
88,caples,120,0,W,36,2,2,3,11.3,36,8,3,4,8,2,0,2,0,10,0,3,
89,caples,121,0,N,10,2,2,3,11.3,0,0,0,0,0,0,0,2,0,0,0,2,
90,caples,121,0,W,10,2,2,3,11.3,0,0,0,2,0,5,0,0,0,0,0,0,
91,caples,121,0,E,10,2,2,3,11.3,28,2,0,1,0,2,4,5,0,0,4,4,
92,caples,121,0,S,10,2,2,3,11.3,1,0,0,0,0,0,0,0,0,0,0,0,
93,caples,122,0,S,33,2,2,3,11.3,6,8,0,2,0,4,0,3,0,6,2,0,
94,caples,122,0,W,33,2,2,3,11.3,2,0,1,1,2,1,0,8,0,0,0,2,
95,caples,122,0,N,33,2,2,3,11.3,30,4,5,3,7,4,10,2,7,9,2,3,
13,caples,4,1,N,15,2,2,3,11.3,5,0,0,0,0,0,0,0,0,0,0,0,Fuels transect starts in granite slab
14,caples,4,1,E,2,2,2,3,11.3,1,0,2,0,0,0,0,1,0,0,0,10,
15,caples,4,1,S,15,2,2,3,11.3,0,1,0,0,3,0,0,0,0,2,0,0,
16,caples,4,1,W,1,2,2,3,11.3,6,1,0,0,0,0,0,2,0,7,0,2,
17,caples,5,1,N,5,2,2,3,11.3,52,8,2,0,0,0,0,3,3,0,0,62,
18,caples,5,1,E,5,2,2,3,11.3,0,0,0,0,0,0,0,0,0,0,0,0,
19,caples,5,1,S,5,2,2,3,11.3,2,0,2,0,0,0,0,0,0,0,7,0,
20,caples,5,1,W,5,2,2,3,11.3,7,8,2,0,0,0,0,4,4,0.1,0,4,
21,caples,6,1,N,23,2,2,3,11.3,15,2,0,0,0,2,8,8,1,0,9.5,8,
22,caples,6,1,E,11,2,2,3,11.3,10,2,1,0,0,2,3,0,0,0,1.5,12,
23,caples,6,1,S,10,2,2,3,11.3,17,2,0,0,0,3,3,0,0,0.1,3,0,
24,caples,6,1,W,8,2,2,3,11.3,19,5,0,0,0,3,3,2,2,0,5,2,
25,caples,7,1,N,3,2,2,3,11.3,1,0,1,0,0,0,0,0,0,0.5,0,42,
26,caples,7,1,E,6,2,2,3,11.3,5,9,2,0,4,0,0,0,0,3,0,0,
27,caples,7,1,S,5,2,2,3,11.3,10,1,0,0,0,0,0,0,0,0,0,0,
28,caples,7,1,W,3,2,2,3,11.3,0,0,0,0,0,0,0,0,0,0,0.5,0,
29,caples,8,1,N,11,2,2,3,11.3,0,1,0,0,0,0,0,0,0,14,0.1,0,
30,caples,8,1,E,11,2,2,3,11.3,0,0,0,0,0,0,0,0,0,0.1,0.1,0,
31,caples,8,1,S,10,2,2,3,11.3,0,0,0,0,0,0,0,0,0,0.1,0.1,0,
32,caples,8,1,W,17,2,2,3,11.3,0,0,0,0,0,0,0,0,0,0.1,0.1,0,
33,caples,9,1,N,23,2,2,3,11.3,0,0,0,0,0,0,0,0,0,0,0,0,
34,caples,9,1,E,33,2,2,3,11.3,2,0,0,0,0,0,0,0,0,0,0,0,
35,caples,9,1,S,23,2,2,3,11.3,0,1,0,1,1,0,0,0,0,2,0,0,
36,caples,9,1,W,34,2,2,3,11.3,1,0,0,0,0,0,0,0,0,0,0,0,
37,caples,10,1,N,5,2,2,3,11.3,0,1,0,0,0,0,0,0,0,0,0,0,
38,caples,10,1,E,2,2,2,3,11.3,1,0,0,0,0,0,0,0,0,0,0,0,
39,caples,10,1,S,5,2,2,3,11.3,1,0,2,0,0,0,0,0,0,0,0,0,
40,caples,10,1,W,2,2,2,3,11.3,1,0,0,0,0,0,0,0,0,0,0,0,
41,caples,11,1,N,11,2,2,3,11.3,6,1,0,0,0,0,0,0,2,0,0.9,2,
42,caples,11,1,E,3,2,2,3,11.3,17,6,0,0,1,0,1,0,0,0,0,0,
43,caples,11,1,S,2,2,2,3,11.3,4,0,0,2,0,0,2,0,0,2,0,0,
44,caples,11,1,W,9,2,2,3,11.3,1,1,0,0,2,2,2,1,1,0,0,0,
45,caples,12,1,N,5,2,2,3,11.3,4,0,0,0,0,0,0,0,0,0,0.1,0,
46,caples,12,1,E,15,2,2,3,11.3,2,0,0,0,0,0,0,0,0,0,0,0,
47,caples,12,1,S,5,2,2,3,11.3,6,1,0,0,0,0,0,0,0,0.1,0,0,
48,caples,12,1,W,2,2,2,3,11.3,1,0,0,0,0,0,0,0,0,0,0.1,0,
49,caples,13,1,N,21,2,2,3,11.3,0,0,0,0,0,0,0,0,0,,0.5,0,
50,caples,13,1,E,4,2,2,3,11.3,0,3,1,0,0,4,0,6,1,0,3.5,6,Large log with bark on transect
51,caples,13,1,S,21,2,2,3,11.3,10,1,0,0,0,3,0,1,4,0,3,4,Mostly unburned
52,caples,13,1,W,8,2,2,3,11.3,3,2,0,0,0,0,0,0,0,0,7,0,Unburned toward plot center
96,caples,122,0,E,33,2,2,3,11.3,1,4,0,10,12,6,8,2,3,9,9,13,
97,caples,123,0,N,29,2,2,3,11.3,6,2,0,1,0,1,0,0,0,0,11,0,
98,caples,123,0,E,29,2,2,3,11.3,8,5,0,0,0,1,3,0,0,0,1,0,
99,caples,123,0,S,29,2,2,3,11.3,12,5,0,4,9,1,7,2,7,1,4,6,
100,caples,123,0,W,29,2,2,3,11.3,27,11,3,8,3,3,5,4,4,3,4,8,
101,caples,124,0,S,11,2,2,3,11.3,6,1,0,4,1,4,0,3,0,0,0,0,
102,caples,124,0,N,11,2,2,3,11.3,2,1,0,0,0,0,0,4,0,0,0,0,
103,caples,124,0,E,11,2,2,3,11.3,4,1,0,11,0,0,0,3,0,6,0,0,
104,caples,124,0,W,11,2,2,3,11.3,2,1,3,5,0,4,0,6,2,0,0,0,
105,caples,125,0,S,25,2,2,3,11.3,24,14,0,2,2,2,0,3,0,0,0,0,
106,caples,125,0,W,25,2,2,3,11.3,82,5,0,2,0,6,8,3,4,10,3,2,
107,caples,125,0,N,25,2,2,3,11.3,6,4,1,4,3,1,0,12,2,0.5,0,0,
108,caples,125,0,E,25,2,2,3,11.3,8,0,0,2,0,0,0,2,0,0,0,0,
109,caples,126,0,N,26,2,2,3,11.3,0,1,0,1,0,1,0,2,0,0,0,0,
110,caples,126,0,E,26,2,2,3,11.3,6,4,2,6,3,6,1,4,0,2,0,0,
111,caples,126,0,S,26,2,2,3,11.3,21,4,2,3,2,4,0,5,3,3,1,10,
112,caples,126,0,W,26,2,2,3,11.3,14,9,4,2,2,6,0,3,0,0,1,0,
113,caples,127,0,S,21,2,2,3,11.3,10,2,0,0,0,0,0,3,3,0,0,9,
114,caples,127,0,E,21,2,2,3,11.3,31,6,2,5,3,3,2,4,8,6,6,4,
115,caples,127,0,N,21,2,2,3,11.3,16,0,2,8,0,3,0,2,0,0,0,0,
116,caples,127,0,W,21,2,2,3,11.3,4,1,1,5,1,2,0,1,0,2,0,0,
117,caples,128,0,W,35,2,2,3,11.3,19,6,1,2,1,6,5,5,5,0,0,5,
118,caples,128,0,S,35,2,2,3,11.3,30,5,0,8,2,6,6,4,4,1,0,9,
119,caples,128,0,N,35,2,2,3,11.3,3,4,5,2,0,2,0,2,0,0,0,0,
120,caples,128,0,E,35,2,2,3,11.3,3,6,3,6,1,2,0,1,2,0,0,0,
121,caples,129,0,N,26,2,2,3,11.3,21,14,2,5,5,6,10,4,0,3,8,2,
122,caples,129,0,E,26,2,2,3,11.3,23,11,1,5,0,2,0,6,0,5,0,0,
123,caples,129,0,W,26,2,2,3,11.3,20,9,1,2,1,1,3,3,6,2,1,4,
124,caples,129,0,S,26,2,2,3,11.3,14,8,0,5,4,6,0,4,0,1,1,1,
1,caples,1,1,N,2,2,2,3,11.3,0,0,0,0,0,0,0,0,0,0,0.1,0,
2,caples,1,1,E,5,2,2,3,11.3,2,1,0,0,0,0,0,0,0,0.2,0.1,0,
3,caples,1,1,S,2,2,2,3,11.3,0,0,0,0,0,2,0,2,0,0.5,2,2,
4,caples,1,1,W,5,2,2,3,11.3,0,0,0,1,0,0,0,0,0,0.6,0.2,0,
5,caples,2,1,N,8,2,2,3,11.3,0,0,0,0,0,0,0,0,0,0,0.1,0,
6,caples,2,1,E,14,2,2,3,11.3,1,0,0,1,1,0,0,0,0,1,0,0,
7,caples,2,1,S,33,2,2,3,11.3,0,1,0,0,0,0,0,0,0,0,0.1,0,
8,caples,2,1,W,5,2,2,3,11.3,2,2,0,2,0,0,0,0,0,2,0,0,
9,caples,3,1,N,3,2,2,3,11.3,0,0,0,0,0,0,0,0,0,0,0,0,
10,caples,3,1,E,12,2,2,3,11.3,7,0,0,0,0,0,0,0,0,0.5,0,0,
11,caples,3,1,S,17,2,2,3,11.3,0,0,0,0,0,2,0,0,0,0,2,0,
12,caples,3,1,W,8,2,2,3,11.3,0,0,0,0,0,1,0,0,0,0,1,0,
172,caples,121,1,N,10,2,2,3,11.3,0,0,0,0,0,0,0,0,0,0,0.1,0,
173,caples,121,1,E,10,2,2,3,11.3,7,0,0,0,0,2,0,2,3,0.3,40,2,
174,caples,121,1,S,10,2,2,3,11.3,0,0,0,0,0,0,0,0,0,0,0,0,Bedrock
175,caples,121,1,W,10,2,2,3,11.3,0,0,0,0,0,0,0,0,0,0,0,0,
176,caples,122,1,N,33,2,2,3,11.3,1,0,0,0,0,0,0,0,0,0,0.5,0,
177,caples,122,1,E,33,2,2,3,11.3,1,0,2,0,0,0,0,0,0,0,0.5,0,
178,caples,122,1,S,33,2,2,3,11.3,23,10,2,2,2,0,0,4,4,8,0,4,Mostly unburned except 7.6
179,caples,122,1,W,33,2,2,3,11.3,9,0,0,3,4,0,0,2,2,8,0,2,Partially unburned
180,caples,129,1,N,26,2,2,3,11.3,8,10,1,3,12,0,0,0,0,4,0.2,0,Litter measurement at 0 is unburned
181,caples,129,1,E,26,2,2,3,11.3,20,10,0,0,0,1,3,3,8,0.1,2,3,
182,caples,129,1,S,26,2,2,3,11.3,12,2,0,0,0,0,0,0,5,0,0.1,0,
183,caples,129,1,W,26,2,2,3,11.3,30,5,0,0,0,0,0,1,5,0.1,0,2,
53,caples,14,1,N,13,2,2,3,11.3,10,10,2,1,3,1,2,2,0,13,2.5,3,
54,caples,14,1,E,4,2,2,3,11.3,6,1,0,1,1,0,0,0,0,0,8,0,
55,caples,14,1,S,25,2,2,3,11.3,24,6,0,0,4,0,0,0,0,0.1,27,0,
56,caples,14,1,W,8,2,2,3,11.3,3,3,0,0,4,0,0,0,0,0,4,0,
57,caples,15,1,N,35,2,2,3,11.3,0,0,0,0,0,0,0,0,0,0,0,0,
58,caples,15,1,E,2,2,2,3,11.3,1,1,0,0,0,0,0,0,0,0,0,0,
59,caples,15,1,S,49,2,2,3,11.3,1,0,0,0,0,0,0,0,0,0,0,0,
60,caples,15,1,W,3,2,2,3,11.3,13,1,0,0,0,0,0,0,0,0,0,0,
61,caples,18,1,N,41,2,2,3,11.3,0,0,0,0,0,0,0,0,0,0,0,0,
62,caples,18,1,E,13,2,2,3,11.3,1,0,0,0,0,0,0,0,0,0,0,0,
63,caples,18,1,S,28,2,2,3,11.3,0,0,0,0,0,0,0,0,0,0,0,0,
64,caples,18,1,W,16,2,2,3,11.3,0,0,0,0,0,0,0,0,0,0,0,0,
65,caples,20,1,N,2,2,2,3,11.3,0,1,1,2,0,0,0,0,0,2,0,0,
66,caples,20,1,E,20,2,2,3,11.3,0,0,1,0,0,0,0,0,0,0,0,0,
67,caples,20,1,S,5,2,2,3,11.3,1,0,0,0,0,0,0,0,0,0,0,0,
68,caples,20,1,W,36,2,2,3,11.3,0,0,0,0,0,0,0,0,2,0,0,0,
69,caples,22,1,N,31,2,2,3,11.3,6,0,0,0,0,0,0,0,0,0,0,0,H
70,caples,22,1,E,30,2,2,3,11.3,0,0,0,0,0,0,0,0,0,0,0,0,
71,caples,22,1,S,28,2,2,3,11.3,11,0,0,0,0,0,0,0,0,0,0,0,
72,caples,22,1,W,12,2,2,3,11.3,3,1,0,0,0,0,0,0,0,0,0,0,
73,caples,23,1,N,26,2,2,3,11.3,7,2,0,0,0,0,0,2,1,0,0,2,Brown's counts fallen since fire
74,caples,23,1,E,3,2,2,3,11.3,9,2,0,0,0,0,0,6,4,0,0.5,6,Browns counts are fresh fallen
75,caples,23,1,S,26,2,2,3,11.3,11,0,0,0,0,0,0,0,0,0.5,0.1,0,"Litter duff mostly charred and gone,tricky to measure depths"
76,caples,23,1,W,9,2,2,3,11.3,4,0,0,0,6,0,0,0,0,22,0.5,0,"STICKS ARE FALLEN SINCE FIRE, Stump at 3.8"
77,caples,24,1,N,45,2,2,3,11.3,0,0,0,0,0,0,0,0,0,0.1,0.1,0,"Litter was fresh fallen, no veg prefire"
78,caples,24,1,E,25,2,2,3,11.3,1,1,0,0,0,0,0,0,0,0.5,0,0,
79,caples,24,1,S,54,2,2,3,11.3,2,0,0,0,0,0,0,0,0,0,0,0,
80,caples,24,1,W,10,2,2,3,11.3,1,0,1,0,0,0,0,0,0,0,0,0,"No transect rebar found, most fuels were fresh fallen with burn"
81,caples,26,1,N,10,2,2,3,11.3,0,0,0,0,0,0,0,0,0,0,0,0,Unburned
82,caples,26,1,S,23,2,2,3,11.3,12,0,0,0,0,0,0,2,2,0,0,2,Unburned
83,caples,26,1,W,24,2,2,3,11.3,13,10,0,0,0,0,0,2,6,0,0,2,Burned patch to 5 m
84,caples,28,1,N,20,2,2,3,11.3,2,0,0,0,0,0,0,0,0,0,0,0,
85,caples,28,1,E,18,2,2,3,11.3,1,0,0,0,0,0,0,0,0,0,0,0,
86,caples,28,1,S,18,2,2,3,11.3,1,1,0,0,0,0,0,0,0,0,0,0,
87,caples,28,1,W,12,2,2,3,11.3,0,0,0,0,0,0,0,0,0,0.5,0.5,0,
88,caples,29,1,N,15,2,2,3,11.3,0,0,0,0,0,0,0,0,0,0,0,0,
89,caples,29,1,E,1,2,2,3,11.3,0,2,4,1,0,0,0,0,0,1,0.1,0,Litter is newly fallen after fire
90,caples,29,1,S,1,2,2,3,11.3,2,2,0,0,0,0,0,3,0,0.1,0.1,3,
91,caples,29,1,W,2,2,2,3,11.3,3,2,1,0,0,0,0,0,0,2,0.1,0,
92,caples,30,1,N,15,2,2,3,11.3,4,0,0,1,0,0,0,0,0,1,0.1,0,
93,caples,30,1,E,7,2,2,3,11.3,0,0,0,0,0,0,0,0,0,0,0,0,
94,caples,30,1,S,25,2,2,3,11.3,0,0,0,0,0,0,0,0,0,0.1,0,0,
95,caples,30,1,W,3,2,2,3,11.3,0,0,0,0,0,0,1,0,0,0,0,0,
96,caples,32,1,N,10,2,2,3,11.3,0,0,0,0,0,0,0,0,0,0,0,0,
97,caples,32,1,E,1,2,2,3,11.3,2,0,1,0,0,0,0,0,0,0.5,0.5,0,
98,caples,32,1,S,11,2,2,3,11.3,4,0,0,0,0,0,0,0,0,0.1,0.1,0,
99,caples,32,1,W,4,2,2,3,11.3,0,1,0,1,0,0,0,0,0,1,0.1,0,Fresh fallen litter since fire and a little half charred punky wood
100,caples,33,1,N,5,2,2,3,11.3,19,2,0,0,0,4,3,3,1,0,4,4,
101,caples,33,1,E,7,2,2,3,11.3,5,0,0,0,0,0,0,0,0,0,0.5,0,
102,caples,33,1,S,4,2,2,3,11.3,2,0,0,0,0,0,0,0,0,0,0,26,
103,caples,33,1,W,4,2,2,3,11.3,3,1,2,0,0,0,0,0,0,0.2,0,0,
104,caples,34,1,N,15,2,2,3,11.3,7,2,0,0,0,0,0,0,0,0,0,0,
105,caples,34,1,E,12,2,2,3,11.3,2,2,0,0,0,0,0,0,0,0,0,0,
106,caples,34,1,S,2,2,2,3,11.3,2,1,0,0,0,0,0,0,0,0,6,0,
107,caples,34,1,W,26,2,2,3,11.3,1,1,0,0,0,0,0,0,0,0,2,0,
108,caples,35,1,N,18,2,2,3,11.3,0,0,0,0,0,0,0,0,0,0,0.5,0,
109,caples,35,1,E,17,2,2,3,11.3,1,1,0,0,0,0,4,0,3,0.1,0.5,0,
110,caples,35,1,S,33,2,2,3,11.3,0,1,0,0,0,0,0,0,0,0,0,0,
111,caples,35,1,W,18,2,2,3,11.3,0,0,0,0,0,3,0,2,0,0,3,2,
112,caples,36,1,N,2,2,2,3,11.3,0,0,0,0,0,0,0,0,0,0.1,0.5,0,All dead grass
113,caples,36,1,E,1,2,2,3,11.3,0,0,0,0,0,0,0,0,0,0.5,0.5,0,All dead grass
114,caples,36,1,S,6,2,2,3,11.3,1,0,0,0,0,0,0,0,0,2,0.5,1,Edge of meadow
115,caples,36,1,W,1,2,2,3,11.3,0,0,0,0,0,0,0,0,0,0.5,0.5,0,All dead grass
116,caples,37,1,N,29,2,2,3,11.3,2,0,0,0,0,0,0,0,0,0.1,0,1,
117,caples,37,1,E,11,2,2,3,11.3,6,3,0,0,0,0,0,0,0,0,31,0,
118,caples,37,1,S,16,2,2,3,11.3,0,0,0,0,0,0,0,0,0,0,0,0,
119,caples,37,1,W,16,2,2,3,11.3,2,1,0,0,0,2,0,0,0,0,2,0,
120,caples,65,1,N,11,2,2,3,11.3,0,0,0,0,0,0,0,0,0,0,0.5,0,
121,caples,65,1,E,8,2,2,3,11.3,3,0,0,0,0,0,2,1,0,0,1,1,
122,caples,65,1,S,4,2,2,3,11.3,1,2,0,0,0,0,0,0,0,0.5,0.1,0,
123,caples,65,1,W,8,2,2,3,11.3,11,2,0,0,0,0,0,0,0,0.1,0,2,
124,caples,75,1,N,18,2,2,3,11.3,2,0,0,0,0,0,0,7,0,0.1,0.1,7,
125,caples,75,1,E,5,2,2,3,11.3,1,1,1,3,1,0,0,0,0,3,0,0,
126,caples,75,1,S,18,2,2,3,11.3,3,0,0,2,0,0,0,0,0,2,0,0,
127,caples,75,1,W,5,2,2,3,11.3,14,2,1,0,0,1,0,1,0,0.1,1,1,
128,caples,99,1,N,35,2,2,3,11.3,15,3,1,0,0,0,0,0,0,0,1.5,0,
129,caples,99,1,E,5,2,2,3,11.3,3,0,8,0,0,0,0,0,0,0.5,0,0,
130,caples,99,1,S,35,2,2,3,11.3,2,0,0,3,0,0,2,0,0,3,0.5,0,
131,caples,99,1,W,5,2,2,3,11.3,10,7,0,0,0,0,0,2,2,0,0,12,
132,caples,100,1,N,16,2,2,3,11.3,3,5,1,0,0,2,0,0,0,0.5,1.5,7,
133,caples,100,1,E,15,2,2,3,11.3,1,1,0,0,0,2,0,,,0,1.5,1,SD:  I believe this missing data exists on a paper datasheet.  I will attempt to fill in (Check with me)
134,caples,100,1,S,16,2,2,3,11.3,1,1,0,1,0,0,0,,,1,0,0,SD:  I believe this missing data exists on a paper datasheet.  I will attempt to fill in (Check with me)
135,caples,100,1,W,15,2,2,3,11.3,6,9,1,1,0,0,0,,,1,0,2,SD:  I believe this missing data exists on a paper datasheet.  I will attempt to fill in (Check with me)
136,caples,101,1,N,40,2,2,3,11.3,11,2,1,0,0,0,0,0,0,0,0,4,
137,caples,101,1,E,55,2,2,3,11.3,1,0,0,0,0,0,0,0,0,0.5,0.5,0,
138,caples,101,1,S,40,2,2,3,11.3,0,0,0,0,0,0,0,0,0,0,0,0,
139,caples,101,1,W,55,2,2,3,11.3,2,0,0,2,0,0,0,0,0,2.5,0.5,0,
140,caples,102,1,N,29,2,2,3,11.3,6,0,0,0,0,0,0,0,0,0,0.1,0,
141,caples,102,1,E,38,2,2,3,11.3,11,6,0,0,0,0,0,0,0,0,3,0,Browns mostly newly detached dead bush
142,caples,102,1,S,10,2,2,3,11.3,2,2,1,0,0,0,0,0,0,0,0.5,0,
143,caples,102,1,W,38,2,2,3,11.3,1,1,0,1,0,0,0,0,0,1,0,0,Litter fresh fallen
144,caples,103,1,N,15,2,2,3,11.3,1,3,1,0,0,0,0,0,0,0,1.5,0,Snag at end of tramsect comsumed
145,caples,103,1,E,15,2,2,3,11.3,0,0,0,0,0,0,0,0,0,0,4,2,
146,caples,103,1,S,15,2,2,3,11.3,6,2,0,0,0,0,0,2,0,1.5,0,0,
147,caples,103,1,W,15,2,2,3,11.3,1,2,0,0,0,0,0,0,2,0,0,0,
148,caples,105,1,N,16,2,2,3,11.3,10,2,0,1,0,0,0,5,2,15,0,5,"Litter at 3.8 was mostly charred, so reduce ht by 50% for fuel"
149,caples,105,1,E,16,2,2,3,11.3,2,1,0,0,0,0,0,0,0,0,0,0,
150,caples,105,1,S,16,2,2,3,11.3,3,1,1,0,0,0,0,0,0,0,0,0,
151,caples,105,1,W,16,2,2,3,11.3,1,1,0,0,0,0,0,0,0,0,0.01,0,
152,caples,111,1,N,45,2,2,3,11.3,3,0,1,0,0,0,0,0,0,0,0,0,
153,caples,111,1,E,45,2,2,3,11.3,0,0,0,0,0,0,0,0,0,0,0,0,
154,caples,111,1,S,45,2,2,3,11.3,6,5,0,0,0,5,0,6,0,0,5,6,"Everything consumed, new fuels & litter is freshly fallen"
155,caples,111,1,W,45,2,2,3,11.3,0,0,0,0,0,0,0,0,0,0,0,0,
156,caples,115,1,N,24,2,2,3,11.3,3,2,0,0,0,0,1,2,0,6,0,0,
157,caples,115,1,E,24,2,2,3,11.3,2,0,0,0,1,0,0,0,0,0,0,0,
158,caples,115,1,S,24,2,2,3,11.3,0,0,0,0,0,0,0,0,0,0,0,0,
159,caples,115,1,W,24,2,2,3,11.3,0,3,0,0,0,0,0,0,0,0,0,0,
160,caples,117,1,N,26,2,2,3,11.3,25,2,4,0,0,0,0,0,1,0.1,0,2,
161,caples,117,1,E,26,2,2,3,11.3,1,2,0,1,0,0,0,0,0,0,0,2,
162,caples,117,1,S,26,2,2,3,11.3,1,0,0,0,0,2,2,0,0,0,5,0,
163,caples,117,1,W,26,2,2,3,11.3,20,5,0,0,0,4,2,6,2,0,5,6,
164,caples,118,1,N,13,2,2,3,11.3,7,0,0,0,0,0,0,0,0,0.1,0.1,0,
165,caples,118,1,E,13,2,2,3,11.3,2,0,0,0,3,1,0,0,0,0.5,1.3,2,
166,caples,118,1,S,13,2,2,3,11.3,1,0,0,0,0,0,0,0,0,3,0.1,0,
167,caples,118,1,W,13,2,2,3,11.3,0,0,1,0,1,0,0,0,0,0.6,0.1,0,
168,caples,119,1,N,46,2,2,3,11.3,0,0,0,0,0,0,0,0,0,0.1,0.1,0,
169,caples,119,1,E,46,2,2,3,11.3,0,0,0,0,0,0,0,0,0,0.1,0,0,
170,caples,119,1,S,46,2,2,3,11.3,0,0,0,0,0,0,0,0,0,0,0.1,0,
171,caples,119,1,W,46,2,2,3,11.3,0,0,0,0,0,0,0,0,0,0.1,0.1,0,
480,caples,99,2,S,,2,2,3,11.3,3,0,1,1,0,2,0,1,4,60,0,0,
481,caples,100,2,S,,2,2,3,11.3,6,2,0,1,0,1,0,1,0,0,0,0,
482,caples,101,2,S,,2,2,3,11.3,0,0,0,0,0,0,0,0,0,0,0,0,
483,caples,102,2,S,,2,2,3,11.3,3,2,0,3,0,1,0,0,0,0,0,2,
484,caples,103,2,S,,2,2,3,11.3,3,2,0,2,0,0,0,0,0,0,0,0,
485,caples,105,2,S,,2,2,3,11.3,3,0,0,1,0,0,0,0,0,0,0,33,
486,caples,111,2,S,,2,2,3,11.3,16,1,1,0,0,2,0,1,0,41,5,0,
487,caples,117,2,S,,2,2,3,11.3,6,1,1,0,2,0,0,1,2,1.6,0,2,
488,caples,118,2,S,,2,2,3,11.3,3,0,0,1,0,0,0,2,1,0.8,0,0,
489,caples,119,2,S,,2,2,3,11.3,5,1,1,0,0,0,0,1,0,0,0,0,
490,caples,121,2,S,,2,2,3,11.3,0,0,0,0,0,0,0,0,0,0,0,0,
491,caples,129,2,S,,2,2,3,11.3,3,0,0,0,0,0,0,1,0,0,0,0,
492,caples,2,2,S,,2,2,3,11.3,0,0,0,0,0,0,0,0,0,0,0,0,
493,caples,3,2,S,,2,2,3,11.3,0,0,0,0,0,0,0,2,0,0,0,0,
494,caples,4,2,S,,2,2,3,11.3,0,0,0,0,0,0,0,1,15,0,0,15,
495,caples,13,2,S,,2,2,3,11.3,2,1,0,1,2,1,5,3,2,2.4,5.6,2,
496,caples,14,2,S,,2,2,3,11.3,2,0,0,2,0,0,0,0,0,0,0,0,
497,caples,15,2,S,,2,2,3,11.3,0,0,0,0,0,0,0,0,0,0,0,0,
498,caples,16,2,S,,2,2,3,11.3,31,2,0,0,0,4,2,2,4,0,1,0,
499,caples,17,2,S,,2,2,3,11.3,5,0,1,2,0,0,0,1,0,0.5,0,0,
500,caples,18,2,S,,2,2,3,11.3,0,0,0,0,0,0,0,0,0,0,0,0,
501,caples,19,2,S,,2,2,3,11.3,2,0,0,0,0,0,0,0,0,0,0,4,
502,caples,20,2,S,,2,2,3,11.3,0,0,0,0,0,0,0,0,0,6,0,0,
503,caples,21,2,S,,2,2,3,11.3,27,5,2,3,0,5,0,3,2,0.3,18.8,3,
504,caples,27,2,S,,2,2,3,11.3,0,0,0,0,0,0,0,0,0,0,90,0,
505,caples,28,2,S,,2,2,3,11.3,0,0,0,1,0,0,0,1,0,0,0,0,
506,caples,29,2,S,,2,2,3,11.3,3,0,0,1,0,3,0,1,0,0,0,0,
507,caples,30,2,S,,2,2,3,11.3,0,0,0,0,0,1,0,0,0,38,0,0,
508,caples,32,2,S,,2,2,3,11.3,5,1,0,0,0,0,0,2,0,0,0,0,
509,caples,75,2,S,,2,2,3,11.3,5,1,0,2,0,2,0,1,0,0,0,0,
510,caples,76,2,S,,2,2,3,11.3,22,5,4,6,2,4,8,4,0,4,11.8,0,
511,caples,77,2,S,,2,2,3,11.3,30,5,0,15,8,4,6,5,1,6,0,0,
512,caples,115,2,S,,2,2,3,11.3,0,0,0,0,0,0,0,0,0,0,0,0,
513,caples,122,2,S,,2,2,3,11.3,21,3,1,4,2,0,0,0,2,66,23,6,
514,caples,125,2,S,,2,2,3,11.3,5,0,1,8,0,2,2,4,6,6.5,2,8,
515,caples,126,2,S,,2,2,3,11.3,21,1,0,1,0,2,0,0,0,0,0,6,
516,caples,127,2,S,,2,2,3,11.3,24,0,0,4,3,0,0,6,5,0,0,1,
517,caples,128,2,S,,2,2,3,11.3,28,2,2,4,0,4,22,5,0,0,0,2,
518,caples,1,2,W,,2,2,3,11.3,6,1,0,1,1,0,0,1,0,0,7.5,4,
519,caples,5,2,W,,2,2,3,11.3,7,5,1,3,0,0,0,0,0,5,0,0,
520,caples,6,2,W,,2,2,3,11.3,10,1,0,2,0,3,0,4,0,0,1.5,2,
521,caples,7,2,W,,2,2,3,11.3,7,0,0,0,0,1,0,0,0,0,0,0,
522,caples,1,2,N,,2,2,3,11.3,6,0,0,0,0,0,0,1,0,0,3,8,
523,caples,5,2,N,,2,2,3,11.3,7,10,2,2,0,2,0,3,0,0,3.5,0,
524,caples,6,2,N,,2,2,3,11.3,2,1,0,0,0,2,0,3,0,0,0,0,
525,caples,7,2,N,,2,2,3,11.3,0,0,0,0,0,0,0,0,0,0,0,0,Bigger log on West likely a pine but can`t determine species. Longer north log also likely a pine.
526,caples,8,2,N,,2,2,3,11.3,7,1,1,0,0,0,0,0,0,0,0,4,
527,caples,9,2,N,,2,2,3,11.3,1,0,0,0,0,0,0,0,0,0,0,0,
528,caples,10,2,N,,2,2,3,11.3,2,0,0,1,0,0,0,0,0,8.8,0,0,
529,caples,11,2,N,,2,2,3,11.3,8,2,0,6,0,2,0,2,0,0,2.6,14,
530,caples,12,2,N,,2,2,3,11.3,13,0,0,2,0,1,0,0,0,0,0,0,
531,caples,22,2,N,,2,2,3,11.3,2,0,0,2,0,0,0,0,0,0,0,0,
532,caples,23,2,N,,2,2,3,11.3,11,2,0,0,0,0,0,0,0,6,0,0,
533,caples,24,2,N,,2,2,3,11.3,5,0,0,1,0,1,0,1,0,2.2,0,0,
534,caples,25,2,N,,2,2,3,11.3,1,0,0,0,0,0,0,3,1,0,0,1,None present.
535,caples,26,2,N,,2,2,3,11.3,1,2,0,9,4,4,0,4,0,4.8,0,0,
536,caples,31,2,N,,2,2,3,11.3,0,0,0,0,0,0,0,0,0,0,0,0,
537,caples,33,2,N,,2,2,3,11.3,27,5,0,0,0,2,2,2,0,0,0,2,
538,caples,34,2,N,,2,2,3,11.3,0,0,0,1,0,0,0,2,0,0,0,0,
539,caples,35,2,N,,2,2,3,11.3,0,0,0,2,0,0,0,3,0,0,0,0,
540,caples,36,2,N,,2,2,3,11.3,0,0,0,0,0,0,0,0,0,0,0,0,
541,caples,37,2,N,,2,2,3,11.3,3,1,0,0,0,0,0,0,0,0,0,0,
542,caples,40,2,N,,2,2,3,11.3,3,7,2,2,0,3,0,3,0,0,42,0,First two logs connected for last 3m
543,caples,65,2,N,,2,2,3,11.3,2,0,0,0,0,0,0,0,0,0,0,29,
544,caples,82,2,N,,2,2,3,11.3,2,8,5,2,0,1,0,3,0,0,0,0,
545,caples,99,2,N,,2,2,3,11.3,2,0,0,0,0,1,0,0,0,0.1,0.1,0,
546,caples,100,2,N,,2,2,3,11.3,1,0,0,0,0,0,0,0,0,6,0,0,SL-278 burned
547,caples,101,2,N,,2,2,3,11.3,0,1,1,2,0,2,0,2,0,2.6,0,0,
548,caples,102,2,N,,2,2,3,11.3,18,1,0,0,0,1,0,1,0,0,0,0,
549,caples,103,2,N,,2,2,3,11.3,3,1,0,1,0,2,0,0,0,0,0,2,
550,caples,105,2,N,,2,2,3,11.3,28,6,0,2,1,1,2,1,0,3.1,5,2,
551,caples,111,2,N,,2,2,3,11.3,5,1,0,1,0,4,0,8,0,0.7,0,4,
552,caples,117,2,N,,2,2,3,11.3,34,4,2,1,0,0,1,2,0,3.5,7.1,5,
553,caples,118,2,N,,2,2,3,11.3,18,7,0,0,0,0,0,0,0,0,0.7,0,
554,caples,119,2,N,,2,2,3,11.3,1,0,0,4,0,0,0,0,0,7.8,0,0,
555,caples,121,2,N,,2,2,3,11.3,0,0,0,0,0,0,0,0,0,0,0,0,
556,caples,129,2,N,,2,2,3,11.3,12,1,0,4,0,2,0,3,0,0.9,0,1,
557,caples,2,2,N,,2,2,3,11.3,0,0,0,4,0,0,0,0,0,3,34,0,
558,caples,3,2,N,,2,2,3,11.3,2,0,0,0,0,0,6,0,0,0,0,0,
559,caples,4,2,N,,2,2,3,11.3,8,0,0,0,0,0,0,1,0,0,0,0,0s in S due to water
560,caples,13,2,N,,2,2,3,11.3,0,0,2,1,0,1,0,0,0,0,0,0,
561,caples,14,2,N,,2,2,3,11.3,3,6,0,1,1,2,1,0,0,0.8,1.1,0,
562,caples,15,2,N,,2,2,3,11.3,0,0,0,0,0,0,0,0,0,0,0,0,
563,caples,16,2,N,,2,2,3,11.3,19,0,2,15,0,2,1,2,0,0,0,0,
564,caples,17,2,N,,2,2,3,11.3,101,20,0,2,7,4,2,3,5,3,8.8,13,
565,caples,18,2,N,,2,2,3,11.3,0,0,0,0,0,0,0,0,0,0,0,0,
566,caples,19,2,N,,2,2,3,11.3,1,0,0,6,0,2,0,1,0,43.5,27,8,
567,caples,20,2,N,,2,2,3,11.3,0,0,0,0,0,0,0,0,0,1.5,1,0,
568,caples,21,2,N,,2,2,3,11.3,1,0,0,3,3,2,2,3,1,3,2.7,1,
569,caples,27,2,N,,2,2,3,11.3,1,0,0,1,0,0,0,2,1,0,23,0,
570,caples,28,2,N,,2,2,3,11.3,1,1,0,1,0,0,0,0,0,0,0,0,
571,caples,29,2,N,,2,2,3,11.3,2,0,0,0,0,1,0,2,0,0,0,0,
572,caples,30,2,N,,2,2,3,11.3,0,0,0,3,4,0,0,2,0,3,16,2,
573,caples,32,2,N,,2,2,3,11.3,5,0,0,0,8,1,1,2,0,5,1,0,
574,caples,75,2,N,,2,2,3,11.3,1,1,0,1,0,3,0,2,0,0,0,0,
575,caples,76,2,N,,2,2,3,11.3,34,8,1,7,6,8,5,4,1,7.8,9.1,1,
576,caples,77,2,N,,2,2,3,11.3,8,1,3,35,3,10,0,6,2,1.5,0,7,
577,caples,115,2,N,,2,2,3,11.3,1,0,0,4,0,0,0,3,0,0.3,0,0,
578,caples,122,2,N,,2,2,3,11.3,24,1,0,0,0,0,0,2,1,0,0,0,
579,caples,125,2,N,,2,2,3,11.3,1,2,1,6,2,5,2,4,0,2.7,2,34,
580,caples,126,2,N,,2,2,3,11.3,2,1,0,0,0,1,0,0,0,0,1.5,0,
581,caples,127,2,N,,2,2,3,11.3,13,0,0,2,0,2,0,3,0,0,0,6,
582,caples,128,2,N,,2,2,3,11.3,8,2,3,6,1,0,0,4,2,4,0,2,
583,caples,1,2,E,,2,2,3,11.3,6,4,0,0,0,0,0,1,2,0,0,0,
584,caples,5,2,E,,2,2,3,11.3,1,1,1,2,0,2,0,0,0,4,0,0,
585,caples,6,2,E,,2,2,3,11.3,6,3,2,1,0,0,0,6,0,0,6.5,9,
586,caples,7,2,E,,2,2,3,11.3,5,4,0,2,0,1,0,0,0,0,0,0,
587,caples,8,2,E,,2,2,3,11.3,7,3,0,2,0,2,0,0,0,0,0,8,
588,caples,9,2,E,,2,2,3,11.3,0,0,0,0,0,0,0,0,0,0,0,0,
589,caples,10,2,E,,2,2,3,11.3,0,0,1,1,0,0,0,0,0,0,0,0,
590,caples,11,2,E,,2,2,3,11.3,18,0,0,2,0,2,0,2,1,0,0,2,
591,caples,12,2,E,,2,2,3,11.3,28,2,0,0,0,2,0,1,0,1.2,2.2,0,
592,caples,22,2,E,,2,2,3,11.3,1,0,0,2,0,0,0,0,0,0,0,0,
593,caples,23,2,E,,2,2,3,11.3,9,3,0,0,0,1,0,0,0,0,8,0,
594,caples,24,2,E,,2,2,3,11.3,17,0,0,3,0,1,0,0,0,2.5,0,1,
595,caples,25,2,E,,2,2,3,11.3,0,0,0,0,0,0,0,0,0,0,0,0,
596,caples,26,2,E,,2,2,3,11.3,0,0,0,0,0,0,0,0,0,0,0,0,
597,caples,31,2,E,,2,2,3,11.3,0,0,0,0,0,0,0,0,0,0,0,0,
598,caples,33,2,E,,2,2,3,11.3,6,2,0,1,0,1,0,1,0,1,0,0,
599,caples,34,2,E,,2,2,3,11.3,0,0,0,0,0,2,0,1,0,0,0,0,
600,caples,35,2,E,,2,2,3,11.3,0,0,0,3,1,0,0,0,0,0,0,0,
601,caples,36,2,E,,2,2,3,11.3,0,0,0,0,0,2,0,5,0,0,0,0,
602,caples,37,2,E,,2,2,3,11.3,7,0,1,0,0,0,0,1,0,4,0.5,28,
603,caples,40,2,E,,2,2,3,11.3,4,8,0,3,0,3,3,4,2,0,0,0,
604,caples,65,2,E,,2,2,3,11.3,7,0,0,1,0,0,0,0,0,0,0,2,
605,caples,82,2,E,,2,2,3,11.3,5,5,0,3,4,3,2,3,0,0,3.8,0,
606,caples,99,2,E,,2,2,3,11.3,5,4,0,2,2,1,0,0,0,1.2,0,2,
607,caples,100,2,E,,2,2,3,11.3,1,1,0,0,0,5,0,0,0,0,0,0,
608,caples,101,2,E,,2,2,3,11.3,0,0,0,0,0,2,0,0,0,0,0,0,
609,caples,102,2,E,,2,2,3,11.3,0,0,1,0,1,1,1,0,0,0,0,0,
610,caples,103,2,E,,2,2,3,11.3,8,0,0,1,0,0,0,1,0,0,0,0,
611,caples,105,2,E,,2,2,3,11.3,6,0,0,2,0,0,0,2,0,0,0,2,
612,caples,111,2,E,,2,2,3,11.3,1,0,0,11,0,2,0,6,0,0,0,3,
613,caples,117,2,E,,2,2,3,11.3,4,4,1,1,0,0,0,0,0,1.2,0,0,
614,caples,118,2,E,,2,2,3,11.3,8,3,0,2,2,0,0,1,0,18,0,0,
615,caples,119,2,E,,2,2,3,11.3,27,4,0,1,0,1,0,1,0,0,0,0,
616,caples,121,2,E,,2,2,3,11.3,31,7,0,1,0,1,1,2,2,0,5.1,1,
617,caples,129,2,E,,2,2,3,11.3,14,1,0,1,0,0,0,0,0,0,0,0,
618,caples,2,2,E,,2,2,3,11.3,0,0,0,1,0,0,0,0,0,0,0,0,
619,caples,3,2,E,,2,2,3,11.3,0,0,0,0,0,0,0,1,0,0,0,4,
620,caples,4,2,E,,2,2,3,11.3,5,0,0,0,0,3,15,4,0,0,15,0,
621,caples,13,2,E,,2,2,3,11.3,0,0,0,1,0,0,0,0,8,0.3,0.2,8,
622,caples,14,2,E,,2,2,3,11.3,3,1,0,3,0,1,0,1,0,0,0,0,
623,caples,15,2,E,,2,2,3,11.3,0,0,0,1,0,0,0,0,0,0,0,0,
624,caples,16,2,E,,2,2,3,11.3,25,5,1,4,0,2,0,0,1,2,3,0,
625,caples,17,2,E,,2,2,3,11.3,18,0,0,2,3,2,2,2,2,11.1,0,3,
626,caples,18,2,E,,2,2,3,11.3,1,0,0,0,0,1,0,0,0,0,0,0,
627,caples,19,2,E,,2,2,3,11.3,4,0,0,0,0,2,4,0,0,0,1,0,
628,caples,20,2,E,,2,2,3,11.3,1,1,0,0,0,0,0,0,0,0,0,0,
629,caples,21,2,E,,2,2,3,11.3,42,10,0,7,6,5,2,4,1,9,1.1,6,
630,caples,27,2,E,,2,2,3,11.3,0,1,3,1,0,0,0,0,0,4,14,0,
631,caples,28,2,E,,2,2,3,11.3,1,1,0,0,0,1,0,0,0,0,0,0,
632,caples,29,2,E,,2,2,3,11.3,1,5,0,2,0,0,0,0,0,0,0,0,
633,caples,30,2,E,,2,2,3,11.3,0,0,0,0,0,0,0,0,0,0,14,0,
634,caples,32,2,E,,2,2,3,11.3,5,0,0,1,0,0,0,0,0,0,0,0,
635,caples,75,2,E,,2,2,3,11.3,10,1,0,2,0,1,0,2,0,0,0,0,
636,caples,76,2,E,,2,2,3,11.3,5,8,1,0,0,7,8,5,4,0,8.4,5,
637,caples,77,2,E,,2,2,3,11.3,38,7,0,4,0,6,8,14,3,0,2.8,2,
638,caples,115,2,E,,2,2,3,11.3,6,0,0,0,0,1,0,0,0,0,0,0,
639,caples,122,2,E,,2,2,3,11.3,15,2,0,6,0,1,0,0,0,2,100,0,
640,caples,125,2,E,,2,2,3,11.3,1,0,1,8,6,2,0,3,1,6.7,48,13,
641,caples,126,2,E,,2,2,3,11.3,10,0,0,2,0,2,0,2,0,2.5,2,8,
642,caples,127,2,E,,2,2,3,11.3,81,2,2,10,2,5,0,6,7,2.5,2.5,3,
643,caples,128,2,E,,2,2,3,11.3,6,2,1,6,0,0,0,3,10,0,0,0,
644,caples,1,2,S,,2,2,3,11.3,0,0,0,4,0,0,0,1,0,0,0,0,
645,caples,5,2,S,,2,2,3,11.3,9,5,2,0,0,1,0,1,0,0,0,0,
646,caples,6,2,S,,2,2,3,11.3,8,3,0,0,0,2,0,6,3,1,2,6,
647,caples,7,2,S,,2,2,3,11.3,5,1,0,0,0,0,0,0,0,0,7,1,
648,caples,8,2,S,,2,2,3,11.3,7,4,3,3,0,1,0,0,0,6,0,0,
649,caples,9,2,S,,2,2,3,11.3,1,0,0,0,0,0,0,0,0,0,0,0,
650,caples,10,2,S,,2,2,3,11.3,0,0,0,0,0,0,0,1,0,0,0,0,
651,caples,11,2,S,,2,2,3,11.3,10,1,0,0,0,1,0,1,0,0,6.2,0,
652,caples,12,2,S,,2,2,3,11.3,25,2,1,1,0,1,0,3,0,0.8,1,4,
653,caples,22,2,S,,2,2,3,11.3,0,1,0,0,0,0,0,0,0,0,0,0,
654,caples,23,2,S,,2,2,3,11.3,21,2,0,0,0,1,0,1,0,1,2,1,
655,caples,24,2,S,,2,2,3,11.3,11,0,0,3,0,0,0,1,0,0,0,0,
656,caples,25,2,S,,2,2,3,11.3,3,2,0,0,0,0,0,2,0,0.5,0,0,
657,caples,26,2,S,,2,2,3,11.3,3,0,0,5,1,0,0,2,0,4,3.7,0,
658,caples,31,2,S,,2,2,3,11.3,0,0,0,0,0,0,0,0,0,0,0,0,
659,caples,33,2,S,,2,2,3,11.3,1,2,0,0,0,1,0,0,0,0,3.4,4,
660,caples,34,2,S,,2,2,3,11.3,0,0,0,0,0,2,0,0,0,0,0,0,
661,caples,35,2,S,,2,2,3,11.3,5,1,0,0,0,0,0,0,0,0,0,0,
662,caples,36,2,S,,2,2,3,11.3,6,3,0,0,0,2,0,0,0,34,3,0,
663,caples,37,2,S,,2,2,3,11.3,14,1,0,0,0,0,0,0,0,0,1.5,0,
664,caples,40,2,S,,2,2,3,11.3,8,3,2,2,3,3,2,2,0,0,0,3,
665,caples,65,2,S,,2,2,3,11.3,15,3,0,0,0,0,0,0,0,0,0,0,
666,caples,82,2,S,,2,2,3,11.3,0,11,0,4,0,3,0,0,0,0,0,5,
667,caples,8,2,W,,2,2,3,11.3,3,0,0,2,0,2,0,2,0,0,0,0,
668,caples,9,2,W,,2,2,3,11.3,1,0,0,0,0,0,0,0,0,0,0,0,
669,caples,10,2,W,,2,2,3,11.3,0,0,0,0,0,0,0,0,0,0,0,0,
670,caples,11,2,W,,2,2,3,11.3,6,1,0,1,0,2,0,2,0,7.5,0,0,
671,caples,12,2,W,,2,2,3,11.3,10,3,0,1,0,0,0,1,0,0,3.2,0,
672,caples,22,2,W,,2,2,3,11.3,2,0,0,0,0,0,0,0,0,0,0,0,
673,caples,23,2,W,,2,2,3,11.3,11,3,0,5,0,1,0,1,0,3,0,2,
674,caples,24,2,W,,2,2,3,11.3,9,3,1,0,0,8,0,2,0,0,12.2,3,
675,caples,25,2,W,,2,2,3,11.3,0,0,0,0,0,0,0,0,0,2.6,0,0,
676,caples,26,2,W,,2,2,3,11.3,7,4,0,0,0,0,0,0,0,0,6,1,
677,caples,31,2,W,,2,2,3,11.3,0,0,0,0,0,0,0,0,0,0,0,0,
678,caples,33,2,W,,2,2,3,11.3,1,0,0,1,0,0,0,1,0,3.5,0,2,
679,caples,34,2,W,,2,2,3,11.3,0,0,0,1,0,3,3,0,0,0,0,0,
680,caples,35,2,W,,2,2,3,11.3,6,0,0,0,0,2,0,0,0,0,0,0,
681,caples,36,2,W,,2,2,3,11.3,0,0,0,0,0,0,0,0,0,0,0,0,
682,caples,37,2,W,,2,2,3,11.3,0,1,1,0,0,0,0,0,0,0,0,2,
683,caples,40,2,W,,2,2,3,11.3,6,3,0,0,0,1,0,0,4,3,1,0,
684,caples,65,2,W,,2,2,3,11.3,5,1,1,0,0,1,0,0,0,0,1.2,0,
685,caples,82,2,W,,2,2,3,11.3,0,0,0,3,0,5,0,2,0,0,100,0,
686,caples,99,2,W,,2,2,3,11.3,8,1,0,2,0,1,0,2,0,3,3.6,0,
687,caples,100,2,W,,2,2,3,11.3,0,1,0,0,0,1,0,0,0,0,0,0,
688,caples,101,2,W,,2,2,3,11.3,0,0,0,0,0,0,0,0,0,0,0,0,
689,caples,102,2,W,,2,2,3,11.3,1,0,0,2,0,0,0,0,0,9.4,0,0,
690,caples,103,2,W,,2,2,3,11.3,3,1,0,0,0,1,3,0,0,15,0,0,
691,caples,105,2,W,,2,2,3,11.3,16,1,0,1,0,0,0,1,0,2.9,2.7,0,
692,caples,111,2,W,,2,2,3,11.3,3,1,0,1,0,1,0,1,0,0,0,0,
693,caples,117,2,W,,2,2,3,11.3,20,1,0,1,0,2,2,1,1,2.5,0,2,
694,caples,118,2,W,,2,2,3,11.3,3,1,1,0,0,1,0,3,0,0,4.6,0,
695,caples,119,2,W,,2,2,3,11.3,10,2,0,0,0,0,0,0,0,1.5,0,0,
696,caples,121,2,W,,2,2,3,11.3,0,0,0,0,0,0,0,0,0,0,0,0,
697,caples,129,2,W,,2,2,3,11.3,12,5,0,0,0,1,0,2,0,0,1.8,21,
698,caples,2,2,W,,2,2,3,11.3,0,1,0,0,0,2,0,8,0,0,0,2,
699,caples,3,2,W,,2,2,3,11.3,0,2,0,0,0,1,0,1,0,0,4.8,5,
700,caples,4,2,W,,2,2,3,11.3,8,0,0,1,0,2,0,1,0,0,0,0,
701,caples,13,2,W,,2,2,3,11.3,4,1,0,0,1,1,0,2,2,0.8,0,3,
702,caples,14,2,W,,2,2,3,11.3,0,1,1,5,1,1,0,2,0,1.2,0,0,
703,caples,15,2,W,,2,2,3,11.3,3,1,0,1,0,0,0,0,0,0,0,0,
704,caples,16,2,W,,2,2,3,11.3,24,8,5,5,8,4,0,8,7,1,3.5,4,
705,caples,17,2,W,,2,2,3,11.3,91,18,0,1,2,2,3,3,8,2,3.7,12,
706,caples,18,2,W,,2,2,3,11.3,0,0,0,0,0,0,0,0,0,0,0,2,
707,caples,19,2,W,,2,2,3,11.3,9,1,0,2,0,0,0,0,0,6.5,0,2,
708,caples,20,2,W,,2,2,3,11.3,0,0,0,0,0,0,0,0,0,0,0,4,
709,caples,21,2,W,,2,2,3,11.3,5,1,0,4,0,2,2,4,2,0.2,2.2,2,
710,caples,27,2,W,,2,2,3,11.3,0,0,0,0,0,4,0,2,0,0,1,11,
711,caples,28,2,W,,2,2,3,11.3,3,1,0,0,0,0,0,1,0,0,0,0,
712,caples,29,2,W,,2,2,3,11.3,15,3,0,1,0,1,0,1,0,0.5,0,0,
713,caples,30,2,W,,2,2,3,11.3,0,0,0,0,0,0,0,3,0,80,0,1,
714,caples,32,2,W,,2,2,3,11.3,1,1,0,0,0,1,0,0,0,0,0,0,
715,caples,75,2,W,,2,2,3,11.3,1,1,0,2,0,0,0,0,0,0,0,0,
716,caples,76,2,W,,2,2,3,11.3,2,2,6,3,3,4,0,4,12,3,3.4,16,
717,caples,77,2,W,,2,2,3,11.3,36,4,0,6,6,4,0,2,0,4,0,110,
718,caples,115,2,W,,2,2,3,11.3,0,0,0,2,0,0,0,0,0,0,0,0,
719,caples,122,2,W,,2,2,3,11.3,10,2,0,0,0,3,0,0,0,3.5,0,4,
720,caples,125,2,W,,2,2,3,11.3,55,10,1,3,2,7,3,5,7,1.8,45,7,
721,caples,126,2,W,,2,2,3,11.3,12,2,0,2,0,1,0,1,1,0.5,0,0,
722,caples,127,2,W,,2,2,3,11.3,17,1,0,3,6,2,4,2,0,7,6.5,0,
723,caples,128,2,W,,2,2,3,11.3,47,2,2,6,4,3,12,6,6,1.5,1.5,13,
