site,year,Plot ID,species_id,status,lifeform,layer_code,percent,notes,,,,,,,,,,,,,
bearmtn,2019,BM1,alin,live,FB,,,,,,,,,,,,,,,,
bearmtn,2019,BM1,arvi,live,SH,SM,,,,,,,,,,,,,,,
bearmtn,2019,BM1,arvi,live,SH,SL,,,,,,,,,,,,,,,
bearmtn,2019,BM1,chfo,live,SH,SL,,,,,,,,,,,,,,,
bearmtn,2019,BM1,stte,live,FB,,,,,,,,,,,,,,,,
bearmtn,2019,BM1,pipo,live,TR,TOV,7,,,,,,,,,,,,,,
bearmtn,2019,BM1,cade,live,TR,TOV,20,,,,,,,,,,,,,,
bearmtn,2019,BM1,cade,dead,TR,TSA,,,,,,,,,,,,,,,
bearmtn,2019,BM1,pipo,live,TR,TSE,,,,,,,,,,,,,,,
bearmtn,2019,BM1,quke,live,TR,TSA,,,,,,,,,,,,,,,
bearmtn,2019,BM1,pipo,live,TR,TSA,,,,,,,,,,,,,,,
bearmtn,2019,BM2,chfo,live,SH,SL,93,,,,,,,,,,,,,,
bearmtn,2019,BM2,arvi,live,SH,SL,tr,,,,,,,,,,,,,,
bearmtn,2019,BM2,arvi,live,SH,SM,tr,,,,,,,,,,,,,,
bearmtn,2019,BM2,tallgrass1,live,GR,,tr,,,,,,,,,,,,,,
bearmtn,2019,BM2,hairstrands,live,GR,,tr,,,,,,,,,,,,,,
bearmtn,2019,BM2,irisspp,live,FB,,tr,,,,,,,,,,,,,,
bearmtn,2019,BM2,puffspike,live,FB,,tr,,,,,,,,,,,,,,
bearmtn,2019,BM2,drypods,live,FB,,tr,,,,,,,,,,,,,,
bearmtn,2019,BM2,Fgrass,live,GR,,tr,,,,,,,,,,,,,,
bearmtn,2019,BM2,stephanodry?,live,FB,,tr,,,,,,,,,,,,,,
bearmtn,2019,BM2,droopygrass,live,GR,,tr,,,,,,,,,,,,,,
bearmtn,2019,BM2,likeelel,live,GR,,tr,,,,,,,,,,,,,,
bearmtn,2019,BM2,smalls,live,FB,,tr,,,,,,,,,,,,,,
bearmtn,2019,BM2,4forb,live,FB,,tr,,,,,,,,,,,,,,
bearmtn,2019,BM2,longflower,live,FB,,tr,,,,,,,,,,,,,,
bearmtn,2019,BM2,tighttopgrass,live,FB,,tr,,,,,,,,,,,,,,
bearmtn,2019,BM2,waxyforb,live,FB,,tr,,,,,,,,,,,,,,
bearmtn,2019,BM2,unkWforb,live,FB,,tr,,,,,,,,,,,,,,
bearmtn,2019,BM2,unkflw1,live,FB,,tr,,,,,,,,,,,,,,
bearmtn,2019,BM2,unkflwpurple,live,FB,,tr,,,,,,,,,,,,,,
bearmtn,2019,BM2,unkflw2,live,FB,,tr,,,,,,,,,,,,,,
bearmtn,2019,BM2,wavyblade,live,FB,,tr,,,,,,,,,,,,,,
bearmtn,2019,BM2,pipo,live,TR,TOV,,,,,,,,,,,,,,,
bearmtn,2019,BM2,cade,live,TR,TOV,,,,,,,,,,,,,,,
bearmtn,2019,BM2,pipo,dead,TR,TOV,,,,,,,,,,,,,,,
bearmtn,2019,BM2,quke,dead,TR,TOV,,,,,,,,,,,,,,,
bearmtn,2019,BM2,quke,live,TR,TSE,,,,,,,,,,,,,,,
bearmtn,2019,BM2,cade,dead,TR,TSE,,,,,,,,,,,,,,,
bearmtn,2019,BM3,chfo,live,SH,SM,50,,,,,,,,,,,,,,
bearmtn,2019,BM3,chfo,live,SH,SL,70,,,,,,,,,,,,,,
bearmtn,2019,BM3,irisspp,live,FB,,tr,,,,,,,,,,,,,,
bearmtn,2019,BM3,hairstrand,live,FB,,tr,,,,,,,,,,,,,,
bearmtn,2019,BM3,cade,live,TR,TSE,tr,,,,,,,,,,,,,,
bearmtn,2019,BM3,quke,live,TR,TSE,tr,,,,,,,,,,,,,,
bearmtn,2019,BM3,Fgrass,live,GR,,tr,,,,,,,,,,,,,,
bearmtn,2019,BM3,hial,live,FB,,tr,,,,,,,,,,,,,,
bearmtn,2019,BM3,4forb,live,FB,,tr,,,,,,,,,,,,,,
bearmtn,2019,BM3,unkWforb,live,FB,,tr,,,,,,,,,,,,,,
bearmtn,2019,BM3,quch,live,TR,TSE,tr,,,,,,,,,,,,,,
bearmtn,2019,BM3,tighttopgrass,live,GR,,tr,,,,,,,,,,,,,,
bearmtn,2019,BM3,unkflw1,live,FB,,tr,,,,,,,,,,,,,,
bearmtn,2019,BM3,droopygrass,live,GR,,tr,,,,,,,,,,,,,,
bearmtn,2019,BM3,likeelel,live,GR,,tr,,,,,,,,,,,,,,
bearmtn,2019,BM3,arvi,live,SH,SL,tr,,,,,,,,,,,,,,
bearmtn,2019,BM3,arvi,live,SH,SM,tr,,,,,,,,,,,,,,
bearmtn,2019,BM3,arvi,dead,SH,SL,0.5,,,,,,,,,,,,,,
bearmtn,2019,BM3,arvi,dead,SH,SM,0.5,,,,,,,,,,,,,,
bearmtn,2019,BM3,unkflw2,dead,FB,,tr,,,,,,,,,,,,,,
bearmtn,2019,BM3,stephanodry?,live,FB,,tr,,,,,,,,,,,,,,
bearmtn,2019,BM3,longbladegrass,live,GR,,tr,,,,,,,,,,,,,,
bearmtn,2019,BM3,fattopgrass,live,GR,,tr,,,,,,,,,,,,,,
bearmtn,2019,BM3,wavygrass2,live,GR,,tr,,,,,,,,,,,,,,
bearmtn,2019,BM3,leafspinsfb,live,FB,,tr,,,,,,,,,,,,,,
bearmtn,2019,BM3,gayspp,live,FB,,tr,,,,,,,,,,,,,,
bearmtn,2019,BM3,pipo,live,TR,TOV,4,,,,,,,,,,,,,,
bearmtn,2019,BM3,cade,live,TR,TOV,tr,,,,,,,,,,,,,,
bearmtn,2019,BM3,psme,live,TR,TOV,4,,,,,,,,,,,,,,
bearmtn,2019,BM4,chfo,live,SH,SL,60,,,,,,,,,,,,,,
bearmtn,2019,BM4,chfo,live,SH,SM,30,,,,,,,,,,,,,,
bearmtn,2019,BM4,arvi,live,SH,SL,0.5,,,,,,,,,,,,,,
bearmtn,2019,BM4,arvi,live,SH,SM,tr,,,,,,,,,,,,,,
bearmtn,2019,BM4,cade,dead,TR,TSA,tr,,,,,,,,,,,,,,
bearmtn,2019,BM4,cade,dead,TR,TOV,2,,,,,,,,,,,,,,
bearmtn,2019,BM4,Fgrass,live,GR,,tr,,,,,,,,,,,,,,
bearmtn,2019,BM4,tighttopgrass,live,GR,,tr,,,,,,,,,,,,,,
bearmtn,2019,BM4,puffspike,live,FB,,tr,,,,,,,,,,,,,,
bearmtn,2019,BM4,unkflw1,live,FB,,tr,,,,,,,,,,,,,,
bearmtn,2019,BM4,droopygrass,live,GR,,tr,,,,,,,,,,,,,,
bearmtn,2019,BM4,4forb,live,FB,,tr,,,,,,,,,,,,,,
bearmtn,2019,BM4,stte,live,FB,,tr,,,,,,,,,,,,,,
bearmtn,2019,BM4,unkflw2,live,FB,,tr,,,,,,,,,,,,,,
bearmtn,2019,BM4,longbladegrass,live,GR,,tr,,,,,,,,,,,,,,
bearmtn,2019,BM4,irisspp,live,FB,,tr,,,,,,,,,,,,,,
bearmtn,2019,BM4,hairstrand,live,GR,,tr,,,,,,,,,,,,,,
bearmtn,2019,BM4,hial,live,FB,,tr,,,,,,,,,,,,,,
bearmtn,2019,BM4,tallgrass2,live,GR,,tr,,,,,,,,,,,,,,
bearmtn,2019,BM4,tinyfb,live,FB,,tr,,,,,,,,,,,,,,
bearmtn,2019,BM4,unklightgrass,live,GR,,tr,,,,,,,,,,,,,,
bearmtn,2019,BM4,unkfuzzy,live,FB,,tr,,,,,,,,,,,,,,
bearmtn,2019,BM4,unkflw4,live,FB,,tr,,,,,,,,,,,,,,
bearmtn,2019,BM4,pipo,live,TR,TOV,3,,,,,,,,,,,,,,
bearmtn,2019,BM4,quke,live,TR,TSA,tr,,,,,,,,,,,,,,
bearmtn,2019,BM4,cade,live,TR,TOV,17,,,,,,,,,,,,,,
bearmtn,2019,BM5,chfo,live,SH,SL,50,,,,,,,,,,,,,,
bearmtn,2019,BM5,chfo,live,SH,SM,30,,,,,,,,,,,,,,
bearmtn,2019,BM5,tighttopgrass,live,GR,,tr,,,,,,,,,,,,,,
bearmtn,2019,BM5,likeelel,live,GR,,tr,,,,,,,,,,,,,,
bearmtn,2019,BM5,unkflw2,live,FB,,tr,,,,,,,,,,,,,,
bearmtn,2019,BM5,tinyfb,live,FB,,tr,,,,,,,,,,,,,,
bearmtn,2019,BM5,arvi,live,SH,SL,0.5,,,,,,,,,,,,,,
bearmtn,2019,BM5,arvi,live,SH,SM,tr,,,,,,,,,,,,,,
bearmtn,2019,BM5,puffspike,live,FB,,tr,,,,,,,,,,,,,,
bearmtn,2019,BM5,irisspp,live,FB,,tr,,,,,,,,,,,,,,
bearmtn,2019,BM5,unkflw1,live,FB,,tr,,,,,,,,,,,,,,
bearmtn,2019,BM5,unkfuzzy,live,FB,,tr,,,,,,,,,,,,,,
bearmtn,2019,BM5,unkhairyflr,live,FB,,tr,,,,,,,,,,,,,,
bearmtn,2019,BM5,gayspp,live,FB,,tr,,,,,,,,,,,,,,
bearmtn,2019,BM5,unkstrawberry,live,FB,,tr,,,,,,,,,,,,,,
bearmtn,2019,BM5,unkblackseeds,live,FB,,tr,,,,,,,,,,,,,,
bearmtn,2019,BM5,tallgrass2,live,GR,,tr,,,,,,,,,,,,,,
bearmtn,2019,BM5,Fgrass,live,GR,,tr,,,,,,,,,,,,,,
bearmtn,2019,BM5,longbladegrass,live,GR,,tr,,,,,,,,,,,,,,
bearmtn,2019,BM5,quke,live,TR,TSE,,,,,,,,,,,,,,,
bearmtn,2019,BM5,unkflw4,live,FB,,tr,,,,,,,,,,,,,,
bearmtn,2019,BM5,stte,live,FB,,tr,,,,,,,,,,,,,,
bearmtn,2019,BM5,droopygrass,live,FB,,tr,,,,,,,,,,,,,,
bearmtn,2019,BM5,softarrow,live,FB,,tr,,,,,,,,,,,,,,
bearmtn,2019,BM5,fbsmellyseeds,live,FB,,tr,,,,,,,,,,,,,,
bearmtn,2019,BM5,unkaster,live,FB,,tr,,,,,,,,,,,,,,
bearmtn,2019,BM5,unkbushygrass,live,GR,,tr,,,,,,,,,,,,,,
bearmtn,2019,BM5,forktoothedfb,live,FB,,tr,,,,,,,,,,,,,,
bearmtn,2019,BM5,unkpinkfb,live,FB,,tr,,,,,,,,,,,,,,
bearmtn,2019,BM5,diskflw,live,FB,,tr,,,,,,,,,,,,,,
bearmtn,2019,BM5,widebladegrass,live,GR,,tr,,,,,,,,,,,,,,
bearmtn,2019,BM5,unkthickgram,live,FB,,tr,,,,,,,,,,,,,,
bearmtn,2019,BM5,hairythickbladegrass,live,GR,,tr,,,,,,,,,,,,,,
bearmtn,2019,BM5,cade,live,TR,TOV,4,,,,,,,,,,,,,,
bearmtn,2019,BM5,quke,live,TR,TOV,2,,,,,,,,,,,,,,
bearmtn,2019,BM5,pipo,live,TR,TOV,3,,,,,,,,,,,,,,
bearmtn,2019,BM5,sasc,live,TR,TRE,tr,,,,,,,,,,,,,,
bearmtn,2019,BM5,flat1,live,FB,,tr,,,,,,,,,,,,,,
bearmtn,2019,BM5,flat2,live,FB,,tr,,,,,,,,,,,,,,
bearmtn,2019,BM6,chfo,live,SH,SL,,,,,,,,,,,,,,,
bearmtn,2019,BM6,chfo,live,SH,SM,,,,,,,,,,,,,,,
bearmtn,2019,BM6,stephanodry?,live,FB,,tr,,,,,,,,,,,,,,
bearmtn,2019,BM6,unkflw1,live,FB,,tr,,,,,,,,,,,,,,
bearmtn,2019,BM6,unkWforb,live,FB,,tr,,,,,,,,,,,,,,
bearmtn,2019,BM6,arvi,live,SH,SL,tr,,,,,,,,,,,,,,
bearmtn,2019,BM6,arvi,live,SH,SM,tr,,,,,,,,,,,,,,
bearmtn,2019,BM6,stte,live,FB,,tr,,,,,,,,,,,,,,
bearmtn,2019,BM6,tinyfb,live,FB,,tr,,,,,,,,,,,,,,
bearmtn,2019,BM6,droopygrass,live,GR,,tr,,,,,,,,,,,,,,
bearmtn,2019,BM6,unkhairyflr,live,FB,,tr,,,,,,,,,,,,,,
bearmtn,2019,BM6,tallgrass2,live,GR,,tr,,,,,,,,,,,,,,
bearmtn,2019,BM6,tallgrass1,live,GR,,tr,,,,,,,,,,,,,,
bearmtn,2019,BM6,Fgrass,live,GR,,tr,,,,,,,,,,,,,,
bearmtn,2019,BM6,quke,live,TR,TSE,tr,,,,,,,,,,,,,,
bearmtn,2019,BM6,arvi,dead,SH,SL,,,,,,,,,,,,,,,
bearmtn,2019,BM6,arvi,dead,SH,SM,,,,,,,,,,,,,,,
bearmtn,2019,BM6,tighttopgrass,,,,tr,GR,,,,,,,,,,,,,
bearmtn,2019,BM6,unkfuzzy,,,,tr,,,,,,,,,,,,,,
bearmtn,2019,BM6,cade,live,TR,TOV,10,,,,,,,,,,,,,,
bearmtn,2019,BM6,pipo,live,TR,TOV,tr,,,,,,,,,,,,,,
bearmtn,2019,BM6,cade,live,TR,TSE,tr,,,,,,,,,,,,,,
bearmtn,2019,BM6,tallflower,live,FB,,tr,,,,,,,,,,,,,,
bearmtn,2019,BM7,commonforb,live,FB,,tr,,,,,,,,,,,,,,
bearmtn,2019,BM7,chfo,live,SH,SL,50,,,,,,,,,,,,,,
bearmtn,2019,BM7,chfo,live,SH,SM,30,,,,,,,,,,,,,,
bearmtn,2019,BM7,araret,live,FB,,tr,,,,,,,,,,,,,,
bearmtn,2019,BM7,Fgrass,live,GR,,tr,,,,,,,,,,,,,,
bearmtn,2019,BM7,arvi,live,SH,SL,tr,,,,,,,,,,,,,,
bearmtn,2019,BM7,arbi,live,SH,SM,tr,,,,,,,,,,,,,,
bearmtn,2019,BM7,puffspike,live,FB,,tr,,,,,,,,,,,,,,
bearmtn,2019,BM7,4forb,live,FB,,tr,,,,,,,,,,,,,,
bearmtn,2019,BM7,puffball,live,FB,,tr,,,,,,,,,,,,,,
bearmtn,2019,BM7,waxyfb,live,FB,,tr,,,,,,,,,,,,,,
bearmtn,2019,BM7,tallflower,live,FB,,tr,,,,,,,,,,,,,,
bearmtn,2019,BM7,longbladegrass,live,GR,,tr,,,,,,,,,,,,,,
bearmtn,2019,BM7,unkhairyflr,live,FB,,tr,,,,,,,,,,,,,,
bearmtn,2019,BM7,irisspp2,live,FB,,tr,,,,,,,,,,,,,,
bearmtn,2019,BM7,unksmellyseeds,,,,,,,,,,,,,,,,,,
bearmtn,2019,BM7,tallgrass1,live,GR,,tr,,,,,,,,,,,,,,
bearmtn,2019,BM7,droopygrass,live,FB,,tr,,,,,,,,,,,,,,
bearmtn,2019,BM7,softarrow,live,FB,,tr,,,,,,,,,,,,,,
bearmtn,2019,BM7,whiteunderfb,live,FB,,tr,,,,,,,,,,,,,,
bearmtn,2019,BM7,tallgrass2,live,GR,,tr,,,,,,,,,,,,,,
bearmtn,2019,BM7,unklightgrass,live,FB,,tr,,,,,,,,,,,,,,
bearmtn,2019,BM7,tighttopgrass,live,FB,,tr,,,,,,,,,,,,,,
bearmtn,2019,BM7,grass1,live,GR,,tr,,,,,,,,,,,,,,
bearmtn,2019,BM7,grass2,live,GR,,tr,,,,,,,,,,,,,,
bearmtn,2019,BM7,grass3,live,GR,,tr,,,,,,,,,,,,,,
bearmtn,2019,BM7,grass4,live,GR,,tr,,,,,,,,,,,,,,
bearmtn,2019,BM7,unkfuzzy,live,FB,,tr,,,,,,,,,,,,,,
bearmtn,2019,BM7,apan,live,SH,SL,tr,,,,,,,,,,,,,,
bearmtn,2019,BM7,forktoothedfb,,,,tr,FB,,,,,,,,,,,,,
bearmtn,2019,BM7,cade,live,TR,TOV,tr,,,,,,,,,,,,,,
bearmtn,2019,BM7,cade,live,TR,TSA,tr,,,,,,,,,,,,,,
bearmtn,2019,BM7,cade,live,TR,TSE,tr,,,,,,,,,,,,,,
bearmtn,2019,BM7,pipo,live,TR,TSE,tr,,,,,,,,,,,,,,
bearmtn,2019,BM7,pipo,live,TR,TOV,3,,,,,,,,,,,,,,
bearmtn,2019,BM7,quke,live,TR,TRE,tr,,,,,,,,,,,,,,
bearmtn,2019,BM7,quke,live,TR,TSE,tr,,,,,,,,,,,,,,
bearmtn,2019,BM7,smallFgrass,,,,,GR,,,,,,,,,,,,,
bearmtn,2019,BM7,3petalcompound,live,FB,,tr,,,,,,,,,,,,,,
bearmtn,2019,BM8,chfo,live,SH,SL,10,,,,,,,,,,,,,,
bearmtn,2019,BM8,chfo,live,SH,SM,9,,,,,,,,,,,,,,
bearmtn,2019,BM8,arvi,live,SH,SL,45,,,,,,,,,,,,,,
bearmtn,2019,BM8,arvi,live,SH,SM,20,,,,,,,,,,,,,,
bearmtn,2019,BM8,tinyfb,live,FB,,tr,,,,,,,,,,,,,,
bearmtn,2019,BM8,puffspike,,,,tr,,,,,,,,,,,,,,
bearmtn,2019,BM8,longflower,,,,tr,,,,,,,,,,,,,,
bearmtn,2019,BM8,tighttopgrass,,,,tr,,,,,,,,,,,,,,
bearmtn,2019,BM8,droopygrass,,,,tr,,,,,,,,,,,,,,
bearmtn,2019,BM8,longbladegrass,,,,tr,,,,,,,,,,,,,,
bearmtn,2019,BM8,unkflw1,,,,tr,,,,,,,,,,,,,,
bearmtn,2019,BM8,3petalcompound,,,,tr,,,,,,,,,,,,,,
bearmtn,2019,BM8,unkflw4,,,,tr,,,,,,,,,,,,,,
bearmtn,2019,BM8,unkblackseeds,,,,tr,,,,,,,,,,,,,,
bearmtn,2019,BM8,grass1,,,,tr,,,,,,,,,,,,,,
bearmtn,2019,BM8,tallflower,,,,tr,,,,,,,,,,,,,,
bearmtn,2019,BM8,unkfuzzy,,,,tr,,,,,,,,,,,,,,
bearmtn,2019,BM8,grass3,,,,tr,,,,,,,,,,,,,,
bearmtn,2019,BM8,commonforb,,,,tr,,,,,,,,,,,,,,
bearmtn,2019,BM8,smallFgrass,,,,tr,,,,,,,,,,,,,,
bearmtn,2019,BM8,araret,,,,tr,,,,,,,,,,,,,,
bearmtn,2019,BM8,diskflw,,,,tr,,,,,,,,,,,,,,
bearmtn,2019,BM8,quke,live,TR,TRE,tr,,,,,,,,,,,,,,
bearmtn,2019,BM8,quke,live,TR,TSE,tr,,,,,,,,,,,,,,
bearmtn,2019,BM8,pipo,live,TR,TOV,tr,,,,,,,,,,,,,,
bearmtn,2019,BM8,pipo,live,TR,TSE,tr,,,,,,,,,,,,,,
bearmtn,2019,BM8,cade,live,TR,TOV,tr,,,,,,,,,,,,,,
bearmtn,2019,BM8,cade,live,TR,TSE,tr,,,,,,,,,,,,,,
bearmtn,2019,BM9,cade,live,TR,TSE,tr,,,,,,,,,,,,,,
bearmtn,2019,BM9,pipo,live,TR,TSE,15,,,,,,,,,,,,,,
bearmtn,2019,BM9,pipo,dead,TR,TOV,tr,,,,,,,,,,,,,,
bearmtn,2019,BM9,commonforb,live,FB,,tr,,,,,,,,,,,,,,
bearmtn,2019,BM9,arvi,live,SH,SL,0.5,,,,,,,,,,,,,,
bearmtn,2019,BM9,arvi,live,SH,SM,0.5,,,,,,,,,,,,,,
bearmtn,2019,BM9,chfo,live,SH,SL,1,,,,,,,,,,,,,,
bearmtn,2019,BM9,irisspp2,live,FB,,tr,,,,,,,,,,,,,,
bearmtn,2019,BM9,3petalcompound,live,FB,,tr,,,,,,,,,,,,,,
bearmtn,2019,BM9,smallFgrass,live,GR,,tr,,,,,,,,,,,,,,
bearmtn,2019,BM9,unkblackseeds,live,FB,,tr,,,,,,,,,,,,,,
bearmtn,2019,BM9,tinyfb,live,FB,,tr,,,,,,,,,,,,,,
bearmtn,2019,BM9,tallflower,live,FB,,tr,,,,,,,,,,,,,,
bearmtn,2019,BM9,tighttopgrass,live,GR,,tr,,,,,,,,,,,,,,
bearmtn,2019,BM9,tallgrass1,live,GR,,tr,,,,,,,,,,,,,,
bearmtn,2019,BM9,grass1,live,GR,,tr,,,,,,,,,,,,,,
bearmtn,2019,BM9,droopygrass,live,GR,,tr,,,,,,,,,,,,,,
bearmtn,2019,BM9,apan,live,FB,,tr,,,,,,,,,,,,,,
bearmtn,2019,BM9,flat1,live,FB,,tr,,,,,,,,,,,,,,
bearmtn,2019,BM9,unkstrawberry,live,FB,,tr,,,,,,,,,,,,,,
bearmtn,2019,BM9,4forb,live,FB,,tr,,,,,,,,,,,,,,
bearmtn,2019,BM9,sasc,live,TR,TSE,tr,,,,,,,,,,,,,,
bearmtn,2019,BM9,waxyfb,live,FB,,tr,,,,,,,,,,,,,,
bearmtn,2019,BM9,softarrow,live,FB,,tr,,,,,,,,,,,,,,
bearmtn,2019,BM9,grass3,live,GR,,tr,,,,,,,,,,,,,,
bearmtn,2019,BM9,unkfuzzy,live,FB,,tr,,,,,,,,,,,,,,
bearmtn,2019,BM9,fbsmellyseeds,live,FB,,tr,,,,,,,,,,,,,,
bearmtn,2019,BM9,cein,live,SH,SL,tr,,,,,,,,,,,,,,
bearmtn,2019,BM9,cein,live,SH,SM,tr,,,,,,,,,,,,,,
bearmtn,2019,BM9,grass3,live,GR,,tr,,,,,,,,,,,,,,
bearmtn,2019,BM9,tallgrass1,live,GR,,tr,,,,,,,,,,,,,,
bearmtn,2019,BM9,tallgrass2,live,GR,,tr,,,,,,,,,,,,,,
bearmtn,2019,BM9,longbladegrass,live,GR,,tr,,,,,,,,,,,,,,
bearmtn,2019,BM9,quke,live,TR,TRE,tr,,,,,,,,,,,,,,
bearmtn,2019,BM9,quke,live,TR,TSE,tr,,,,,,,,,,,,,,
bearmtn,2019,BM9,aster2,live,FB,,tr,,,,,,,,,,,,,,
bearmtn,2019,BM10,tinyfb,live,FB,,tr,,,,,,,,,,,,,,
bearmtn,2019,BM10,unkthinkgram,live,GR,,tr,,,,,,,,,,,,,,
bearmtn,2019,BM10,unkblackseeds,live,FB,,tr,,,,,,,,,,,,,,
bearmtn,2019,BM10,irisspp,live,FB,,tr,,,,,,,,,,,,,,
bearmtn,2019,BM10,droopygrass,live,GR,,tr,,,,,,,,,,,,,,
bearmtn,2019,BM10,grass3,live,GR,,tr,,,,,,,,,,,,,,
bearmtn,2019,BM10,waxyfb,live,FB,,tr,,,,,,,,,,,,,,
bearmtn,2019,BM10,sarsan,live,FB,,tr,,,,,,,,,,,,,,
bearmtn,2019,BM10,arvi,live,SH,SL,tr,,,,,,,,,,,,,,
bearmtn,2019,BM10,arvi,live,SH,SM,tr,,,,,,,,,,,,,,
bearmtn,2019,BM10,tallflower,live,FB,,tr,,,,,,,,,,,,,,
bearmtn,2019,BM10,tighttopgrass,live,GR,,tr,,,,,,,,,,,,,,
bearmtn,2019,BM10,flat1,live,FB,,tr,,,,,,,,,,,,,,
bearmtn,2019,BM10,unkflw5,live,FB,,tr,,,,,,,,,,,,,,
bearmtn,2019,BM10,tallgrass2,live,GR,,tr,,,,,,,,,,,,,,
bearmtn,2019,BM10,stte,live,FB,,tr,,,,,,,,,,,,,,
bearmtn,2019,BM10,arspp,live,FB,,tr,,,,,,,,,,,,,,
bearmtn,2019,BM10,diskflw,live,FB,,tr,,,,,,,,,,,,,,
bearmtn,2019,BM10,irisspp2,live,FB,,tr,,,,,,,,,,,,,,
bearmtn,2019,BM10,grass1,live,GR,,tr,,,,,,,,,,,,,,
bearmtn,2019,BM10,puffspike,live,FB,,tr,,,,,,,,,,,,,,
bearmtn,2019,BM10,gayspp,live,FB,,0.5,,,,,,,,,,,,,,
bearmtn,2019,BM10,cade,dead,TR,TSA,0.5,,,,,,,,,,,,,,
bearmtn,2019,BM10,cade,live,TR,TOV,10,,,,,,,,,,,,,,
bearmtn,2019,BM10,pipo,live,TR,TOV,20,,,,,,,,,,,,,,
bearmtn,2019,BM10,cade,dead,TR,TSE,tr,,,,,,,,,,,,,,
bearmtn,2019,BM10,pipo,live,TR,TSE,tr,,,,,,,,,,,,,,
bearmtn,2019,BM11,chfo,live,SH,SL,50,,,,,,,,,,,,,,
bearmtn,2019,BM11,chfo,live,SH,SM,20,,,,,,,,,,,,,,
bearmtn,2019,BM11,unkflw1,live,FB,,tr,,,,,,,,,,,,,,
bearmtn,2019,BM11,commonforb,live,FB,,5,,,,,,,,,,,,,,
bearmtn,2019,BM11,droopygrass,live,GR,,tr,,,,,,,,,,,,,,
bearmtn,2019,BM11,gayspp,live,FB,,tr,,,,,,,,,,,,,,
bearmtn,2019,BM11,puffspike,live,FB,,tr,,,,,,,,,,,,,,
bearmtn,2019,BM11,unkflw4,live,FB,,tr,,,,,,,,,,,,,,
bearmtn,2019,BM11,arvi,live,SH,SL,tr,,,,,,,,,,,,,,
bearmtn,2019,BM11,arvi,live,SH,SM,tr,,,,,,,,,,,,,,
bearmtn,2019,BM11,whiteunderfb,live,FB,,tr,,,,,,,,,,,,,,
bearmtn,2019,BM11,unkhairyflr,live,FB,,tr,,,,,,,,,,,,,,
bearmtn,2019,BM11,tinyfb,live,FB,,tr,,,,,,,,,,,,,,
bearmtn,2019,BM11,tighttopgrass,live,GR,,tr,,,,,,,,,,,,,,
bearmtn,2019,BM11,smallFgrass,live,GR,,tr,,,,,,,,,,,,,,
bearmtn,2019,BM11,tallflower,live,FB,,tr,,,,,,,,,,,,,,
bearmtn,2019,BM11,aster2,live,FB,,tr,,,,,,,,,,,,,,
bearmtn,2019,BM11,cade,dead,TR,TSA,0.5,,,,,,,,,,,,,,
bearmtn,2019,BM11,pipo,live,TR,TSE,tr,,,,,,,,,,,,,,
bearmtn,2019,BM11,cade,live,TR,TOV,2,,,,,,,,,,,,,,
bearmtn,2019,BM11,pipo,live,TR,TOV,0.5,,,,,,,,,,,,,,
bearmtn,2019,BM12,Fgrass ,live,GR,,0.5,,,,,,,,,,,,,,
bearmtn,2019,BM12,4forb,live,FB,,tr,,,,,,,,,,,,,,
bearmtn,2019,BM12,forktoothedfb,live,GR,,tr,,,,,,,,,,,,,,
bearmtn,2019,BM12,aster2,live,FB,,tr,,,,,,,,,,,,,,
bearmtn,2019,BM12,droopygrass,live,GR,,tr,,,,,,,,,,,,,,
bearmtn,2019,BM12,commonforb,live,FB,,tr,,,,,,,,,,,,,,
bearmtn,2019,BM12,smallFgrass,live,GR,,0.5,,,,,,,,,,,,,,
bearmtn,2019,BM12,grass1,live,GR,,tr,,,,,,,,,,,,,,
bearmtn,2019,BM12,gayspp,live,FB,,tr,,,,,,,,,,,,,,
bearmtn,2019,BM12,cade,live,TR,TSE,5.5,,,,,,,,,,,,,,
bearmtn,2019,BM12,pipo,live,TR,TSE,15,,,,,,,,,,,,,,
bearmtn,2019,BM12,lupbre,live,FB,,0.5,,,,,,,,,,,,,,
bearmtn,2019,BM12,chfo,live,SH,SL,2,,,,,,,,,,,,,,
bearmtn,2019,BM12,chfo,live,SH,SM,1,,,,,,,,,,,,,,
bearmtn,2019,BM12,arvi,live,SH,SL,2,,,,,,,,,,,,,,
bearmtn,2019,BM12,arvi,live,SH,SM,1,,,,,,,,,,,,,,
bearmtn,2019,BM12,abco,live,TR,TSE,1.5,,,,,,,,,,,,,,
bearmtn,2019,BM12,pila,live,TR,TSE,2,,,,,,,,,,,,,,
bearmtn,2019,BM12,quke,live,TR,TSE,tr,,,,,,,,,,,,,,
bearmtn,2019,BM12,cein,live,SH,SL,1,,,,,,,,,,,,,,
bearmtn,2019,BM12,cein,live,SH,SM,1,,,,,,,,,,,,,,
bearmtn,2019,BM12,cein,live,SH,ST,tr,,,,,,,,,,,,,,
bearmtn,2019,BM12,irisspp,live,FB,,tr,,,,,,,,,,,,,,
bearmtn,2019,BM12,longbladegrass,live,GR,,tr,,,,,,,,,,,,,,
bearmtn,2019,BM12,tallflower,live,FB,,tr,,,,,,,,,,,,,,
bearmtn,2019,BM12,tallgrass3,live,GR,,tr,,,,,,,,,,,,,,
bearmtn,2019,BM12,irisspp2,live,FB,,tr,,,,,,,,,,,,,,
bearmtn,2019,BM12,unkfuzzy,live,FB,,tr,,,,,,,,,,,,,,
bearmtn,2019,BM12,fattopgrass,live,GR,,tr,,,,,,,,,,,,,,
bearmtn,2019,BM12,pipo,live,TR,TOV,5,,,,,,,,,,,,,,
bearmtn,2019,BM12,cade,dead,TR,TOV,tr,,,,,,,,,,,,,,
bearmtn,2019,BM12,abco,dead,TR,TOV,tr,,,,,,,,,,,,,,
bearmtn,2019,BM12,pila,live,TR,TOV,6,,,,,,,,,,,,,,
bearmtn,2019,BM13,chfo,live,SH,SL,95,,,,,,,,,,,,,,
bearmtn,2019,BM13,chfo,live,SH,SM,40,,,,,,,,,,,,,,
bearmtn,2019,BM13,grass2,live,GR,,tr,,,,,,,,,,,,,,
bearmtn,2019,BM13,arvi,live,SH,SL,tr,,,,,,,,,,,,,,
bearmtn,2019,BM13,arvi,live,SH,SM,tr,,,,,,,,,,,,,,
bearmtn,2019,BM13,smallFgrass,live,GR,,tr,,,,,,,,,,,,,,
bearmtn,2019,BM13,grass1,live,GR,,tr,,,,,,,,,,,,,,
bearmtn,2019,BM13,tighttopgrass,live,GR,,tr,,,,,,,,,,,,,,
bearmtn,2019,BM13,tallflower,live,FB,,tr,,,,,,,,,,,,,,
bearmtn,2019,BM13,tinyfb,live,FB,,tr,,,,,,,,,,,,,,
bearmtn,2019,BM13,hairstrand,live,FB,,tr,,,,,,,,,,,,,,
bearmtn,2019,BM13,droopygrass,live,GR,,tr,,,,,,,,,,,,,,
bearmtn,2019,BM13,puffspike,live,FB,,tr,,,,,,,,,,,,,,
bearmtn,2019,BM13,commonforb,live,FB,,tr,,,,,,,,,,,,,,
bearmtn,2019,BM13,gayspp,live,FB,,tr,,,,,,,,,,,,,,
bearmtn,2019,BM13,unkhairyflw,live,FB,,tr,,,,,,,,,,,,,,
bearmtn,2019,BM13,softarrow,live,FB,,tr,,,,,,,,,,,,,,
bearmtn,2019,BM13,waxyfb,live,FB,,tr,,,,,,,,,,,,,,
bearmtn,2019,BM13,unkWforb,live,FB,,tr,,,,,,,,,,,,,,
bearmtn,2019,BM13,irisspp2,live,FB,,tr,,,,,,,,,,,,,,
bearmtn,2019,BM13,hial,live,FB,,tr,,,,,,,,,,,,,,
bearmtn,2019,BM13,unkflw1,live,FB,,tr,,,,,,,,,,,,,,
bearmtn,2019,BM13,4forb,live,FB,,tr,,,,,,,,,,,,,,
bearmtn,2019,BM13,aster2,live,FB,,tr,,,,,,,,,,,,,,
bearmtn,2019,BM13,fattopgrass,live,GR,,tr,,,,,,,,,,,,,,
bearmtn,2019,BM13,grass6,live,GR,,tr,,,,,,,,,,,,,,
bearmtn,2019,BM13,aster3,live,GR,,tr,,,,,,,,,,,,,,
bearmtn,2019,BM13,elcap,live,SH,SL,tr,,,,,,,,,,,,,,
bearmtn,2019,BM13,elcap,live,SH,SM,tr,,,,,,,,,,,,,,
bearmtn,2019,BM13,cade,live,TR,TOV,2,,,,,,,,,,,,,,
bearmtn,2019,BM13,quke,live,TR,TRE,0.5,,,,,,,,,,,,,,
bearmtn,2019,BM13,pipo,live,TR,TOV,6,,,,,,,,,,,,,,
bearmtn,2019,BM13,pipo,live,TR,TSE,0.5,,,,,,,,,,,,,,
bearmtn,2019,BM13,pipo,dead,TR,TOV,tr,,,,,,,,,,,,,,
bearmtn,2019,BM14,elcap,live,SH,SL,1,,,,,,,,,,,,,,
bearmtn,2019,BM14,elcap,live,SH,SM,tr,,,,,,,,,,,,,,
bearmtn,2019,BM14,diskflw2?,live,FB,,tr,,,,,,,,,,,,,,
bearmtn,2019,BM14,arvi,live,SH,SL,1,,,,,,,,,,,,,,
bearmtn,2019,BM14,arvi,live,SH,SM,tr,,,,,,,,,,,,,,
bearmtn,2019,BM14,grass1,live,GR,,tr,,,,,,,,,,,,,,
bearmtn,2019,BM14,fattopgrass,live,GR,,tr,,,,,,,,,,,,,,
bearmtn,2019,BM14,droopygrass,live,GR,,tr,,,,,,,,,,,,,,
bearmtn,2019,BM14,longflower,live,FB,,tr,,,,,,,,,,,,,,
bearmtn,2019,BM14,unkthickgram,live,GR,,tr,,,,,,,,,,,,,,
bearmtn,2019,BM14,chfo,live,SH,SL,28,,,,,,,,,,,,,,
bearmtn,2019,BM14,chfo,live,SH,SM,5,,,,,,,,,,,,,,
bearmtn,2019,BM14,commonforb,live,FB,,tr,,,,,,,,,,,,,,
bearmtn,2019,BM14,4forb,live,FB,,tr,,,,,,,,,,,,,,
bearmtn,2019,BM14,unkblackseeds,live,FB,,tr,,,,,,,,,,,,,,
bearmtn,2019,BM14,puffspike,live,FB,,tr,,,,,,,,,,,,,,
bearmtn,2019,BM14,gayspp,live,FB,,tr,,,,,,,,,,,,,,
bearmtn,2019,BM14,tallflower,live,FB,,tr,,,,,,,,,,,,,,
bearmtn,2019,BM14,grass3,live,GR,,tr,,,,,,,,,,,,,,
bearmtn,2019,BM14,aster2,,FB,,tr,,,,,,,,,,,,,,
bearmtn,2019,BM14,fbsmellyseeds,,FB,,tr,,,,,,,,,,,,,,
bearmtn,2019,BM14,unkflw1,,FB,,tr,,,,,,,,,,,,,,
bearmtn,2019,BM14,cade,dead,TR,TOV,tr,,,,,,,,,,,,,,
bearmtn,2019,BM14,pipo,live,TR,TOV,5,,,,,,,,,,,,,,
bearmtn,2019,BM14,cade,live,TR,TOV,5,,,,,,,,,,,,,,
bearmtn,2019,BM14,quke,live,TR,TRE,2,,,,,,,,,,,,,,
bearmtn,2019,BM14,pipo,live,TR,TSE,tr,,,,,,,,,,,,,,
bearmtn,2019,BM15,chfo,live,SH,SL,50,,,,,,,,,,,,,,
bearmtn,2019,BM15,chfo,live,SH,SM,20,,,,,,,,,,,,,,
bearmtn,2019,BM15,4forb,live,FB,,tr,,,,,,,,,,,,,,
bearmtn,2019,BM15,unkflw1,live,FB,,tr,,,,,,,,,,,,,,
bearmtn,2019,BM15,droopygrass,live,FB,,tr,,,,,,,,,,,,,,
bearmtn,2019,BM15,tighttopgrass,live,FB,,tr,,,,,,,,,,,,,,
bearmtn,2019,BM15,puffspike,live,FB,,tr,,,,,,,,,,,,,,
bearmtn,2019,BM15,softarrow,live,FB,,tr,,,,,,,,,,,,,,
bearmtn,2019,BM15,unkhairyflw,live,FB,,tr,,,,,,,,,,,,,,
bearmtn,2019,BM15,arvi,live,SH,SL,2,,,,,,,,,,,,,,
bearmtn,2019,BM15,arvi,live,SH,SM,1.5,,,,,,,,,,,,,,
bearmtn,2019,BM15,unkblackseeds,live,FB,,tr,,,,,,,,,,,,,,
bearmtn,2019,BM15,commonforb,live,FB,,tr,,,,,,,,,,,,,,
bearmtn,2019,BM15,gayspp,live,FB,,tr,,,,,,,,,,,,,,
bearmtn,2019,BM15,grass2,live,GR,,tr,,,,,,,,,,,,,,
bearmtn,2019,BM15,irisspp2,live,FB,,tr,,,,,,,,,,,,,,
bearmtn,2019,BM15,unkWforb,live,FB,,tr,,,,,,,,,,,,,,
bearmtn,2019,BM15,aster2,live,FB,,tr,,,,,,,,,,,,,,
bearmtn,2019,BM15,sasc,live,TR,TSE,tr,,,,,,,,,,,,,,
bearmtn,2019,BM15,tinyfb,live,FB,,tr,,,,,,,,,,,,,,
bearmtn,2019,BM15,tallflower,live,FB,,tr,,,,,,,,,,,,,,
bearmtn,2019,BM15,cade,dead,TR,TOV,0.5,,,,,,,,,,,,,,
bearmtn,2019,BM15,quke,dead,TR,TOV,0.5,,,,,,,,,,,,,,
bearmtn,2019,BM15,quke,live,TR,TRE,5,,,,,,,,,,,,,,
bearmtn,2019,BM15,quke,live,TR,TOV,5,,,,,,,,,,,,,,
bearmtn,2019,BM15,quke,live,TR,TSE,tr,,,,,,,,,,,,,,
bearmtn,2019,BM15,pipo,live,TR,TOV,5,,,,,,,,,,,,,,
bearmtn,2019,BM16,chfo,live,SH,SL,70,,,,,,,,,,,,,,
bearmtn,2019,BM16,chfo,live,SH,SM,30,,,,,,,,,,,,,,
bearmtn,2019,BM16,4forb,live,FB,,tr,,,,,,,,,,,,,,
bearmtn,2019,BM16,grass1,live,GR,,tr,,,,,,,,,,,,,,
bearmtn,2019,BM16,arvi,live,SH,SL,0.5,,,,,,,,,,,,,,
bearmtn,2019,BM16,arvi,live,SH,SM,0.5,,,,,,,,,,,,,,
bearmtn,2019,BM16,commonforb,live,FB,,tr,,,,,,,,,,,,,,
bearmtn,2019,BM16,droopygrass,live,GR,,tr,,,,,,,,,,,,,,
bearmtn,2019,BM16,smallFgrass,live,GR,,tr,,,,,,,,,,,,,,
bearmtn,2019,BM16,grass3,live,GR,,tr,,,,,,,,,,,,,,
bearmtn,2019,BM16,gayspp,live,FB,,tr,,,,,,,,,,,,,,
bearmtn,2019,BM16,tallflower,live,FB,,tr,,,,,,,,,,,,,,
bearmtn,2019,BM16,tighttopgrass,live,GR,,tr,,,,,,,,,,,,,,
bearmtn,2019,BM16,unkflw1,live,FB,,tr,,,,,,,,,,,,,,
bearmtn,2019,BM16,lupinunk,live,FB,,tr,,,,,,,,,,,,,,
bearmtn,2019,BM16,waxyfb,live,FB,,tr,,,,,,,,,,,,,,
bearmtn,2019,BM16,unkhairyflw,live,FB,,tr,,,,,,,,,,,,,,
bearmtn,2019,BM16,hairstrand,live,FB,,tr,,,,,,,,,,,,,,
bearmtn,2019,BM16,longbladegrass,live,GR,,tr,,,,,,,,,,,,,,
bearmtn,2019,BM16,grass5,live,GR,,tr,,,,,,,,,,,,,,
bearmtn,2019,BM16,unkfuzzy,live,FB,,tr,,,,,,,,,,,,,,
bearmtn,2019,BM16,bouquet ,live,FB,,tr,,,,,,,,,,,,,,
bearmtn,2019,BM16,rori,live,SH,SL,tr,,,,,,,,,,,,,,
bearmtn,2019,BM16,pipo,live,TR,TOV,17,,,,,,,,,,,,,,
bearmtn,2019,BM16,cade,live,TR,TOV,5,,,,,,,,,,,,,,
bearmtn,2019,BM16,quke,live,TR,TOV,3,,,,,,,,,,,,,,
bearmtn,2019,BM16,pipo,live,TR,TSE,tr,,,,,,,,,,,,,,
bearmtn,2019,BM16,cade,live,TR,TSE,tr,,,,,,,,,,,,,,
bearmtn,2019,BM16,quke,live,TR,TSE,tr,,,,,,,,,,,,,,
bearmtn,2019,BM16,sasc,live,TR,TSE,tr,,,,,,,,,,,,,,
bearmtn,2019,BM16,quke,live,TR,TRE,tr,,,,,,,,,,,,,,
bearmtn,2019,BM16,cade,dead,TR,TOV,tr,,,,,,,,,,,,,,
bearmtn,2019,BM16,pipo,dead,TR,TOV,tr,,,,,,,,,,,,,,
bearmtn,2019,BM16,cade,dead,TR,TOV,tr,,,,,,,,,,,,,,
bearmtn,2019,BM17,chfo,live,SH,SL,35,,,,,,,,,,,,,,
bearmtn,2019,BM17,chfo,live,SH,SM,30,,,,,,,,,,,,,,
bearmtn,2019,BM17,arvi,live,SH,SL,15,,,,,,,,,,,,,,
bearmtn,2019,BM17,arvi,live,SH,SM,15,,,,,,,,,,,,,,
bearmtn,2019,BM17,unkhairyflw,live,FB,,tr,,,,,,,,,,,,,,
bearmtn,2019,BM17,droopygrass,live,GR,,tr,,,,,,,,,,,,,,
bearmtn,2019,BM17,4forb,live,FB,,tr,,,,,,,,,,,,,,
bearmtn,2019,BM17,commonforb,live,FB,,tr,,,,,,,,,,,,,,
bearmtn,2019,BM17,unkflw1,live,FB,,tr,,,,,,,,,,,,,,
bearmtn,2019,BM17,gayspp,live,FB,,tr,,,,,,,,,,,,,,
bearmtn,2019,BM17,unkstrawberry,live,FB,,tr,,,,,,,,,,,,,,
bearmtn,2019,BM17,puffspike,live,FB,,tr,,,,,,,,,,,,,,
bearmtn,2019,BM17,lupinunk,live,FB,,tr,,,,,,,,,,,,,,
bearmtn,2019,BM17,tinyfb2,live,FB,,tr,,,,,,,,,,,,,,
bearmtn,2019,BM17,gayspp2,live,FB,,tr,,,,,,,,,,,,,,
bearmtn,2019,BM17,sasc,live,TR,TSA,tr,,,,,,,,,,,,,,
bearmtn,2019,BM17,sasc,live,TR,TSE,1.5,,,,,,,,,,,,,,
bearmtn,2019,BM17,tallflower,live,FB,,tr,,,,,,,,,,,,,,
bearmtn,2019,BM17,grass3,live,GR,,tr,,,,,,,,,,,,,,
bearmtn,2019,BM17,tighttopgrass,live,GR,,tr,,,,,,,,,,,,,,
bearmtn,2019,BM17,waxyfb,live,FB,,tr,,,,,,,,,,,,,,
bearmtn,2019,BM17,aster2,live,FB,,tr,,,,,,,,,,,,,,
bearmtn,2019,BM17,grass1,live,GR,,tr,,,,,,,,,,,,,,
bearmtn,2019,BM17,unkWforb,live,FB,,tr,,,,,,,,,,,,,,
bearmtn,2019,BM17,hairstrand,live,FB,,tr,,,,,,,,,,,,,,
bearmtn,2019,BM17,unkfuzzy,live,FB,,tr,,,,,,,,,,,,,,
bearmtn,2019,BM17,softarrow,live,FB,,tr,,,,,,,,,,,,,,
bearmtn,2019,BM17,flat2,live,FB,,tr,,,,,,,,,,,,,,
bearmtn,2019,BM17,cade,live,TR,TSE,tr,,,,,,,,,,,,,,
bearmtn,2019,BM17,pipo,live,TR,TSE,1.5,,,,,,,,,,,,,,
bearmtn,2019,BM17,quke,live,TR,TSE,,,,,,,,,,,,,,,
bearmtn,2019,BM17,quke,live,TR,TRE,4,,,,,,,,,,,,,,
bearmtn,2019,BM17,quke,dead,TR,TOV,,,,,,,,,,,,,,,
bearmtn,2019,BM17,whiteunderfb,live,FB,,tr,,,,,,,,,,,,,,
bearmtn,2019,BM17,irisspp,live,FB,,tr,,,,,,,,,,,,,,
bearmtn,2019,BM17,tinyfb,live,FB,,tr,,,,,,,,,,,,,,
bearmtn,2019,BM17,unkhorsetail,live,FB,,tr,,,,,,,,,,,,,,
bearmtn,2019,BM17,unkwirey,live,FB,,tr,,,,,,,,,,,,,,
bearmtn,2019,BM18,Fgrass,live,GR,,tr,,,,,,,,,,,,,,
bearmtn,2019,BM18,bouquet ,live,FB,,tr,,,,,,,,,,,,,,
bearmtn,2019,BM18,chfo,live,SH,SL,18.5,,,,,,,,,,,,,,
bearmtn,2019,BM18,chfo,live,SH,SM,16,,,,,,,,,,,,,,
bearmtn,2019,BM18,droopygrass,live,GR,,tr,,,,,,,,,,,,,,
bearmtn,2019,BM18,likelelel,live,GR,,tr,,,,,,,,,,,,,,
bearmtn,2019,BM18,arvi,live,SH,SL,11.5,,,,,,,,,,,,,,
bearmtn,2019,BM18,atvi,live,SH,SM,10.5,,,,,,,,,,,,,,
bearmtn,2019,BM18,bouquet ,live,FB,,tr,,,,,,,,,,,,,,
bearmtn,2019,BM18,gayspp,live,FB,,tr,,,,,,,,,,,,,,
bearmtn,2019,BM18,4forb,live,FB,,tr,,,,,,,,,,,,,,
bearmtn,2019,BM18,aster2,live,FB,,tr,,,,,,,,,,,,,,
bearmtn,2019,BM18,smallFgrass,live,GR,,tr,,,,,,,,,,,,,,
bearmtn,2019,BM18,unkWforb,live,FB,,tr,,,,,,,,,,,,,,
bearmtn,2019,BM18,unkflw1,live,FB,,tr,,,,,,,,,,,,,,
bearmtn,2019,BM18,irisspp,live,FB,,tr,,,,,,,,,,,,,,
bearmtn,2019,BM18,tighttopgrass,live,GR,,tr,,,,,,,,,,,,,,
bearmtn,2019,BM18,unkhairyflw,live,FB,,tr,,,,,,,,,,,,,,
bearmtn,2019,BM18,flat1,live,FB,,tr,,,,,,,,,,,,,,
bearmtn,2019,BM18,unkfuzzy,live,FB,,tr,,,,,,,,,,,,,,
bearmtn,2019,BM18,hairstrand,live,FB,,tr,,,,,,,,,,,,,,
bearmtn,2019,BM18,irisspp2,live,FB,,tr,,,,,,,,,,,,,,
bearmtn,2019,BM18,grass1,live,GR,,tr,,,,,,,,,,,,,,
bearmtn,2019,BM18,unkblackseeds,live,FB,,tr,,,,,,,,,,,,,,
bearmtn,2019,BM18,unkwhiteflw,live,FB,,tr,,,,,,,,,,,,,,
bearmtn,2019,BM18,thislespp,live,FB,,tr,,,,,,,,,,,,,,
bearmtn,2019,BM18,unkWforb,live,FB,,tr,,,,,,,,,,,,,,
bearmtn,2019,BM18,puffbaff,live,FB,,tr,,,,,,,,,,,,,,
bearmtn,2019,BM18,quch,live,TR,TSE,1.5,l m and h if shrub,,,,,,,,,,,,,
bearmtn,2019,BM18,quke,live,TR,TSE,tr,,,,,,,,,,,,,,
bearmtn,2019,BM18,pipo,live,TR,TSE,tr,,,,,,,,,,,,,,
bearmtn,2019,BM18,cade,live,TR,TSE,0.5,,,,,,,,,,,,,,
bearmtn,2019,BM18,pila,live,TR,TSE,tr,,,,,,,,,,,,,,
bearmtn,2019,BM18,psme,live,TR,TSE,tr,,,,,,,,,,,,,,
bearmtn,2019,BM18,pipo,live,TR,TOV,1,,,,,,,,,,,,,,
bearmtn,2019,BM18,cade,live,TR,TOV,25,,,,,,,,,,,,,,
bearmtn,2019,BM18,pipo,dead,TR,TOV,1.5,,,,,,,,,,,,,,
bearmtn,2019,BM18,cade,dead,TR,TOV,1,,,,,,,,,,,,,,
bearmtn,2019,BM18,quke,live,TR,TRE,0.5,,,,,,,,,,,,,,
bearmtn,2019,BM18,quke,dead,TR,TOV,1,,,,,,,,,,,,,,
bearmtn,2019,BM19,chfo,live,SH,SL,17.5,,,,,,,,,,,,,,
bearmtn,2019,BM19,chfo,live,SH,SM,15.5,,,,,,,,,,,,,,
bearmtn,2019,BM19,arvi,live,SH,SL,27.5,,,,,,,,,,,,,,
bearmtn,2019,BM19,arvi,live,SH,SM,27,,,,,,,,,,,,,,
bearmtn,2019,BM19,smallFgrass,live,GR,,tr,,,,,,,,,,,,,,
bearmtn,2019,BM19,grass1,live,GR,,tr,,,,,,,,,,,,,,
bearmtn,2019,BM19,tinyfb2,live,FB,,tr,,,,,,,,,,,,,,
bearmtn,2019,BM19,4forb,live,FB,,tr,,,,,,,,,,,,,,
bearmtn,2019,BM19,hairstrand,live,FB,,tr,,,,,,,,,,,,,,
bearmtn,2019,BM19,irisspp,live,FB,,tr,,,,,,,,,,,,,,
bearmtn,2019,BM19,tinyfb,live,FB,,tr,,,,,,,,,,,,,,
bearmtn,2019,BM19,gayspp,live,FB,,tr,,,,,,,,,,,,,,
bearmtn,2019,BM19,droopygrass,live,GR,,tr,,,,,,,,,,,,,,
bearmtn,2019,BM19,Fgrass,live,GR,,tr,,,,,,,,,,,,,,
bearmtn,2019,BM19,tallflower,live,FB,,tr,,,,,,,,,,,,,,
bearmtn,2019,BM19,aster2,live,FB,,tr,,,,,,,,,,,,,,
bearmtn,2019,BM19,sasc,live,TR,TSE,tr,,,,,,,,,,,,,,
bearmtn,2019,BM19,unkfuzzy,live,FB,,tr,,,,,,,,,,,,,,
bearmtn,2019,BM19,bouquet ,live,FB,,tr,,,,,,,,,,,,,,
bearmtn,2019,BM19,pipo,live,TR,TSE,1,,,,,,,,,,,,,,
bearmtn,2019,BM19,cade,live,TR,TSE,0.5,,,,,,,,,,,,,,
bearmtn,2019,BM19,pipo,live,TR,TOV,5,,,,,,,,,,,,,,
bearmtn,2019,BM19,cade,live,TR,TOV,10,,,,,,,,,,,,,,
bearmtn,2019,BM19,quke,live,TR,TOV,3,,,,,,,,,,,,,,
bearmtn,2019,BM19,pipo,dead,TR,TOV,3,,,,,,,,,,,,,,
bearmtn,2019,BM20,chfo,live,SH,SL,80,,,,,,,,,,,,,,
bearmtn,2019,BM20,chfo,live,SH,SM,70,,,,,,,,,,,,,,
bearmtn,2019,BM20,arvi,live,SH,SL,1,,,,,,,,,,,,,,
bearmtn,2019,BM20,arvi,live,SH,SM,1,,,,,,,,,,,,,,
bearmtn,2019,BM20,arvi,dead,SH,SL,tr,,,,,,,,,,,,,,
bearmtn,2019,BM20,arvi,dead,SH,SM,tr,,,,,,,,,,,,,,
bearmtn,2019,BM20,smallFgrass,live,GR,,tr,,,,,,,,,,,,,,
bearmtn,2019,BM20,aster2,live,FB,,tr,,,,,,,,,,,,,,
bearmtn,2019,BM20,4forb,live,FB,,tr,,,,,,,,,,,,,,
bearmtn,2019,BM20,unkfuzzy,live,FB,,tr,,,,,,,,,,,,,,
bearmtn,2019,BM20,tighttopgrass,live,GR,,tr,,,,,,,,,,,,,,
bearmtn,2019,BM20,grass2,live,GR,,tr,,,,,,,,,,,,,,
bearmtn,2019,BM20,gayspp,live,FB,,tr,,,,,,,,,,,,,,
bearmtn,2019,BM20,unkWforb,live,FB,,tr,,,,,,,,,,,,,,
bearmtn,2019,BM20,unkflw200,live,FB,,tr,,,,,,,,,,,,,,
bearmtn,2019,BM20,irisspp,live,FB,,tr,,,,,,,,,,,,,,
bearmtn,2019,BM20,unkrose,live,FB,,tr,,,,,,,,,,,,,,
bearmtn,2019,BM20,tearspike,live,FB,,tr,,,,,,,,,,,,,,
bearmtn,2019,BM20,unkblackseeds,live,FB,,tr,,,,,,,,,,,,,,
bearmtn,2019,BM20,cade,live,TR,TOV,5,,,,,,,,,,,,,,
bearmtn,2019,BM20,cade,live,TR,TSE,tr,,,,,,,,,,,,,,
bearmtn,2019,BM20,pipo,live,TR,TOV,8,,,,,,,,,,,,,,
bearmtn,2019,BM20,pipo,live,TR,TSE,tr,,,,,,,,,,,,,,
bearmtn,2019,BM20,quke,live,TR,TSE,tr,,,,,,,,,,,,,,
bearmtn,2019,BM20,quke,live,TR,TRE,0.5,,,,,,,,,,,,,,
bearmtn,2019,BM20,riro,live,SH,SL,tr,,,,,,,,,,,,,,
bearmtn,2019,BM20,quke,live,TR,TSA,tr,,,,,,,,,,,,,,
bearmtn,2019,BM21,chfo,live,SH,SL,74,,,,,,,,,,,,,,
bearmtn,2019,BM21,chfo,live,SH,SM,69,,,,,,,,,,,,,,
bearmtn,2019,BM21,arvi,live,SH,SL,1,,,,,,,,,,,,,,
bearmtn,2019,BM21,arvi,live,SH,SM,1,,,,,,,,,,,,,,
bearmtn,2019,BM21,grass1,live,GR,,tr,,,,,,,,,,,,,,
bearmtn,2019,BM21,smallFgrass,live,GR,,tr,,,,,,,,,,,,,,
bearmtn,2019,BM21,unkflw1,live,FB,,tr,,,,,,,,,,,,,,
bearmtn,2019,BM21,droopygrass,live,GR,,tr,,,,,,,,,,,,,,
bearmtn,2019,BM21,waxyfb,live,FB,,tr,,,,,,,,,,,,,,
bearmtn,2019,BM21,tallflower,live,FB,,tr,,,,,,,,,,,,,,
bearmtn,2019,BM21,grass3,live,GR,,tr,,,,,,,,,,,,,,
bearmtn,2019,BM21,commonforb,live,FB,,tr,,,,,,,,,,,,,,
bearmtn,2019,BM21,gayspp,live,FB,,tr,,,,,,,,,,,,,,
bearmtn,2019,BM21,quch,live,TR,TSE,1,l m and h if shrub,,,,,,,,,,,,,
bearmtn,2019,BM21,quke,live,TR,TSE,tr,,,,,,,,,,,,,,
bearmtn,2019,BM21,quke,live,TR,TRE,2,,,,,,,,,,,,,,
bearmtn,2019,BM21,rori,live,SH,SL,0.5,,,,,,,,,,,,,,
bearmtn,2019,BM21,rori,live,SH,SM,0.5,,,,,,,,,,,,,,
bearmtn,2019,BM21,4forb,live,FB,,tr,,,,,,,,,,,,,,
bearmtn,2019,BM21,puffspike,live,FB,,tr,,,,,,,,,,,,,,
bearmtn,2019,BM21,unkWforb,live,FB,,tr,,,,,,,,,,,,,,
bearmtn,2019,BM21,hairstrand,live,FB,,tr,,,,,,,,,,,,,,
bearmtn,2019,BM21,unkhairyflw,live,FB,,tr,,,,,,,,,,,,,,
bearmtn,2019,BM21,forktoothedfb,live,FB,,tr,,,,,,,,,,,,,,
bearmtn,2019,BM21,cade,live,TR,TOV,9,,,,,,,,,,,,,,
bearmtn,2019,BM21,quke,live,TR,TOV,4,,,,,,,,,,,,,,
bearmtn,2019,BM21,pipo ,dead,TR,TOV,5,,,,,,,,,,,,,,
bearmtn,2019,BM21,cade,dead,TR,TOV,1,,,,,,,,,,,,,,
bearmtn,2019,BM22,smallFgrass,live,GR,,tr,,,,,,,,,,,,,,
bearmtn,2019,BM22,chfo,live,SH,SL,30,,,,,,,,,,,,,,
bearmtn,2019,BM22,chfo,live,SH,SM,20,,,,,,,,,,,,,,
bearmtn,2019,BM22,arvi,live,SH,SL,20,,,,,,,,,,,,,,
bearmtn,2019,BM22,arvi,live,SH,SM,20,,,,,,,,,,,,,,
bearmtn,2019,BM22,arvi,dead,SH,SL,12,,,,,,,,,,,,,,
bearmtn,2019,BM22,arvi,dead,SH,SM,12,,,,,,,,,,,,,,
bearmtn,2019,BM22,arvi,dead,SH,ST,12,,,,,,,,,,,,,,
bearmtn,2019,BM22,unkfuzzy,live,FB,,tr,,,,,,,,,,,,,,
bearmtn,2019,BM22,tighttopgrass,live,GR,,tr,,,,,,,,,,,,,,
bearmtn,2019,BM22,droopygrass,live,GR,,tr,,,,,,,,,,,,,,
bearmtn,2019,BM22,bouquet,live,FB,,tr,,,,,,,,,,,,,,
bearmtn,2019,BM22,unkhairyflw,live,FB,,tr,,,,,,,,,,,,,,
bearmtn,2019,BM22,4forb,live,FB,,tr,,,,,,,,,,,,,,
bearmtn,2019,BM22,gayspp,live,FB,,tr,,,,,,,,,,,,,,
bearmtn,2019,BM22,grass3,live,GR,,tr,,,,,,,,,,,,,,
bearmtn,2019,BM22,unkwhiteunder,live,FB,,tr,,,,,,,,,,,,,,
bearmtn,2019,BM22,4petalspurple,live,FB,,tr,,,,,,,,,,,,,,
bearmtn,2019,BM22,tallflower,live,FB,,tr,,,,,,,,,,,,,,
bearmtn,2019,BM22,commonfb,live,FB,,tr,,,,,,,,,,,,,,
bearmtn,2019,BM22,waxyfb,live,FB,,tr,,,,,,,,,,,,,,
bearmtn,2019,BM22,unkflw1,,,,tr,,,,,,,,,,,,,,
bearmtn,2019,BM22,puffyspike,live,FB,,tr,,,,,,,,,,,,,,
bearmtn,2019,BM22,grass1,live,GR,,tr,,,,,,,,,,,,,,
bearmtn,2019,BM22,pipo,live,TR,TSE,tr,,,,,,,,,,,,,,
bearmtn,2019,BM22,pipo,live,TR,TOV,10,,,,,,,,,,,,,,
bearmtn,2019,BM22,quke,dead,TR,TOV,2,,,,,,,,,,,,,,
bearmtn,2019,BM22,quke,live,TR,TRE,4,,,,,,,,,,,,,,
bearmtn,2019,BM22,quch,live,TR,TOV,8,,,,,,,,,,,,,,
bearmtn,2019,BM22,quch,live,TR,TRE,20,,,,,,,,,,,,,,
bearmtn,2019,BM22,pila,live,TR,TSE,tr,,,,,,,,,,,,,,
bearmtn,2019,BM22,quch,dead,TR,TOV,10,,,,,,,,,,,,,,
bearmtn,2019,BM23,droopygrass,,GR,,1,,,,,,,,,,,,,,
bearmtn,2019,BM23,grass1,,GR,,,,,,,,,,,,,,,,
bearmtn,2019,BM23,chfo,live,SH,SL,12,,,,,,,,,,,,,,
bearmtn,2019,BM23,chfo,live,SH,SM,10,,,,,,,,,,,,,,
bearmtn,2019,BM23,gayspp,live,FB,,tr,,,,,,,,,,,,,,
bearmtn,2019,BM23,tallflower,live,FB,,tr,,,,,,,,,,,,,,
bearmtn,2019,BM23,puffyspike,live,FB,,tr,,,,,,,,,,,,,,
bearmtn,2019,BM23,commonfb,live,FB,,tr,,,,,,,,,,,,,,
bearmtn,2019,BM23,unkhairyflw,live,FB,,tr,,,,,,,,,,,,,,
bearmtn,2019,BM23,aster2,live,FB,,tr,,,,,,,,,,,,,,
bearmtn,2019,BM23,arvi,live,SH,SL,10,,,,,,,,,,,,,,
bearmtn,2019,BM23,arvi,live,SH,SM,10,,,,,,,,,,,,,,
bearmtn,2019,BM23,smallFgrass,live,GR,,tr,,,,,,,,,,,,,,
bearmtn,2019,BM23,riro,live,SH,SL,0.5,,,,,,,,,,,,,,
bearmtn,2019,BM23,riro,live,SH,SM,0.5,,,,,,,,,,,,,,
bearmtn,2019,BM23,unkfuzzy,live,FB,,,,,,,,,,,,,,,,
bearmtn,2019,BM23,pipo,live,TR,TSE,3,,,,,,,,,,,,,,
bearmtn,2019,BM23,pipo,live,TR,TSA,tr,,,,,,,,,,,,,,
bearmtn,2019,BM23,cecu,live,SH,SL,1,,,,,,,,,,,,,,
bearmtn,2019,BM23,cecu,live,SH,SM,1,,,,,,,,,,,,,,
bearmtn,2019,BM23,4forb,live,FB,,tr,,,,,,,,,,,,,,
bearmtn,2019,BM23,unkWforb,live,FB,,tr,,,,,,,,,,,,,,
bearmtn,2019,BM23,grass3,live,GR,,tr,,,,,,,,,,,,,,
bearmtn,2019,BM23,irisspp,live,FB,,tr,,,,,,,,,,,,,,
bearmtn,2019,BM23,pila,live,TR,TSE,0.5,,,,,,,,,,,,,,
bearmtn,2019,BM24,chfo,live,SH,SL,50,,,,,,,,,,,,,,
bearmtn,2019,BM24,chfo,live,SH,SM,48,,,,,,,,,,,,,,
bearmtn,2019,BM24,arvi,live,SH,SL,6,,,,,,,,,,,,,,
bearmtn,2019,BM24,arvi,live,SH,SM,6,,,,,,,,,,,,,,
bearmtn,2019,BM24,hairstrand,live,FB,,tr,,,,,,,,,,,,,,
bearmtn,2019,BM24,smallFgrass,live,GR,,tr,,,,,,,,,,,,,,
bearmtn,2019,BM24,droopygrass,live,GR,,tr,,,,,,,,,,,,,,
bearmtn,2019,BM24,tighttopgrass,live,GR,,tr,,,,,,,,,,,,,,
bearmtn,2019,BM24,unkhairyflw,live,FB,,tr,,,,,,,,,,,,,,
bearmtn,2019,BM24,commonfb,live,FB,,tr,,,,,,,,,,,,,,
bearmtn,2019,BM24,softarrow,live,FB,,tr,,,,,,,,,,,,,,
bearmtn,2019,BM24,bouquet,live,FB,,tr,,,,,,,,,,,,,,
bearmtn,2019,BM24,unkflw1,live,FB,,tr,,,,,,,,,,,,,,
bearmtn,2019,BM24,4forb,live,FB,,tr,,,,,,,,,,,,,,
bearmtn,2019,BM24,irisspp,live,GR,,tr,,,,,,,,,,,,,,
bearmtn,2019,BM24,tallflower,live,FB,,tr,,,,,,,,,,,,,,
bearmtn,2019,BM24,puffyspike,live,FB,,tr,,,,,,,,,,,,,,
bearmtn,2019,BM24,unkfuzzy,live,FB,,tr,,,,,,,,,,,,,,
bearmtn,2019,BM24,gayspp,live,GR,,tr,,,,,,,,,,,,,,
bearmtn,2019,BM24,unkWforb,live,FB,,tr,,,,,,,,,,,,,,
bearmtn,2019,BM24,aster2,live,FB,,tr,,,,,,,,,,,,,,
bearmtn,2019,BM24,grass3,live,GR,,tr,,,,,,,,,,,,,,
bearmtn,2019,BM24,tinyfb,live,FB,,tr,,,,,,,,,,,,,,
bearmtn,2019,BM24,puffball,live,FB,,tr,,,,,,,,,,,,,,
bearmtn,2019,BM24,quke,live,TR,TSE,0.5,,,,,,,,,,,,,,
bearmtn,2019,BM24,quke,live,TR,TRE,0.5,,,,,,,,,,,,,,
bearmtn,2019,BM24,pipo,live,TR,TOV,6,,,,,,,,,,,,,,
bearmtn,2019,BM24,pipo,live,TR,TSE,tr,,,,,,,,,,,,,,
bearmtn,2019,BM24,cade,live,TR,TOV,7,,,,,,,,,,,,,,
bearmtn,2019,BM24,cade,dead,TR,TOV,1,,,,,,,,,,,,,,
bearmtn,2019,BM24,unkblackseeds,live,FB,,tr,,,,,,,,,,,,,,
bearmtn,2019,BM25,commonfb,live,FB,,tr,,,,,,,,,,,,,,
bearmtn,2019,BM25,gayspp,live,FB,,tr,,,,,,,,,,,,,,
bearmtn,2019,BM25,chfo,live,SH,SL,45,,,,,,,,,,,,,,
bearmtn,2019,BM25,chfo,live,SH,SM,40,,,,,,,,,,,,,,
bearmtn,2019,BM25,pipo,live,TR,TSE,25,,,,,,,,,,,,,,
bearmtn,2019,BM25,pipo,live,TR,TSA,5,,,,,,,,,,,,,,
bearmtn,2019,BM25,pipo,live,TR,TOV,5,,,,,,,,,,,,,,
bearmtn,2019,BM25,cade,live,TR,TSE,0.5,,,,,,,,,,,,,,
bearmtn,2019,BM25,cade,live,TR,TSA,tr,,,,,,,,,,,,,,
bearmtn,2019,BM25,quke,live,TR,TRE,10,,,,,,,,,,,,,,
bearmtn,2019,BM25,quke,live,TR,TSE,tr,,,,,,,,,,,,,,
bearmtn,2019,BM25,quke,dead,TR,TOV,2,,,,,,,,,,,,,,
bearmtn,2019,BM25,unkflw1,live,FB,,tr,,,,,,,,,,,,,,
bearmtn,2019,BM25,abco,live,TR,TSE,2,,,,,,,,,,,,,,
bearmtn,2019,BM25,psme,live,TR,TSE,0.5,,,,,,,,,,,,,,
bearmtn,2019,BM25,smallFgrass,live,GR,,tr,,,,,,,,,,,,,,
bearmtn,2019,BM25,droopygrass,live,GR,,tr,,,,,,,,,,,,,,
bearmtn,2019,BM25,unkhairyflw,live,FB,,tr,,,,,,,,,,,,,,
bearmtn,2019,BM25,aster2,live,FB,,tr,,,,,,,,,,,,,,
bearmtn,2019,BM25,flat2,live,FB,,tr,,,,,,,,,,,,,,
bearmtn,2019,BM25,grass1,live,GR,,tr,,,,,,,,,,,,,,
bearmtn,2019,BM25,bouquet,live,FB,,tr,,,,,,,,,,,,,,
bearmtn,2019,BM25,unkfuzzy,live,FB,,tr,,,,,,,,,,,,,,
bearmtn,2019,BM25,sasc,live,TR,TSA,0.5,,,,,,,,,,,,,,
bearmtn,2019,BM25,sasc,live,TR,TSE,,,,,,,,,,,,,,,
bearmtn,2019,BM25,arvi,live,SH,SL,2,,,,,,,,,,,,,,
bearmtn,2019,BM25,arvi,live,SH,SM,2,,,,,,,,,,,,,,
bearmtn,2019,BM25,softarrow,live,FB,,tr,,,,,,,,,,,,,,
bearmtn,2019,BM25,tinyfb,live,FB,,tr,,,,,,,,,,,,,,
bearmtn,2019,BM25,tallflower,live,FB,,tr,,,,,,,,,,,,,,
bearmtn,2019,BM25,riro,live,SH,SL,1,,,,,,,,,,,,,,
bearmtn,2019,BM25,riro,live,SH,SM,0.5,,,,,,,,,,,,,,
bearmtn,2019,BM25,grass3,live,GR,,tr,,,,,,,,,,,,,,
bearmtn,2019,BM25,irisspp2,live,FB,,tr,,,,,,,,,,,,,,
bearmtn,2019,BM25,waxyfb,live,FB,,tr,,,,,,,,,,,,,,
bearmtn,2019,BM26,commonfb,live,FB,,,,,,,,,,,,,,,,
bearmtn,2019,BM26,chfo,live,SH,SL,5,,,,,,,,,,,,,,
bearmtn,2019,BM26,chfo,live,SH,SM,3,,,,,,,,,,,,,,
bearmtn,2019,BM26,arvi,live,SH,SL,15,,,,,,,,,,,,,,
bearmtn,2019,BM26,arvi,live,SH,SM,15,,,,,,,,,,,,,,
bearmtn,2019,BM26,unkrose,live,FB,,tr,,,,,,,,,,,,,,
bearmtn,2019,BM26,droopygrass,live,GR,,tr,,,,,,,,,,,,,,
bearmtn,2019,BM26,smallFgrass,live,GR,,tr,,,,,,,,,,,,,,
bearmtn,2019,BM26,waxyfb,live,FB,,tr,,,,,,,,,,,,,,
bearmtn,2019,BM26,grass1,live,GR,,tr,,,,,,,,,,,,,,
bearmtn,2019,BM26,sasc,live,TR,TRE,2,,,,,,,,,,,,,,
bearmtn,2019,BM26,unkfuzzy,live,FB,,tr,,,,,,,,,,,,,,
bearmtn,2019,BM26,tallflower,live,FB,,tr,,,,,,,,,,,,,,
bearmtn,2019,BM26,4forb,live,FB,,tr,,,,,,,,,,,,,,
bearmtn,2019,BM26,unkflw1,live,FB,,tr,,,,,,,,,,,,,,
bearmtn,2019,BM26,riro,dead,SH,SL,0.5,,,,,,,,,,,,,,
bearmtn,2019,BM26,riro,dead,SH,SM,0.5,,,,,,,,,,,,,,
bearmtn,2019,BM26,grass3,live,GR,,tr,,,,,,,,,,,,,,
bearmtn,2019,BM26,gayspp,live,GR,,tr,,,,,,,,,,,,,,
bearmtn,2019,BM26,unkblackseeds,live,FB,,tr,,,,,,,,,,,,,,
bearmtn,2019,BM26,aster2,live,FB,,tr,,,,,,,,,,,,,,
bearmtn,2019,BM26,thislespp,live,FB,,tr,,,,,,,,,,,,,,
bearmtn,2019,BM26,flat2,live,FB,,tr,,,,,,,,,,,,,,
bearmtn,2019,BM26,unkWforb,live,FB,,tr,,,,,,,,,,,,,,
bearmtn,2019,BM26,ceco,live,SH,SL,1,,,,,,,,,,,,,,
bearmtn,2019,BM26,ceco,live,SH,SM,1,,,,,,,,,,,,,,
bearmtn,2019,BM26,quke,live,TR,TRE,10,,,,,,,,,,,,,,
bearmtn,2019,BM26,quke,live,TR,TSA,3,,,,,,,,,,,,,,
bearmtn,2019,BM26,quke,dead,TR,TOV,3,,,,,,,,,,,,,,
bearmtn,2019,BM26,pipo,dead,TR,TOV,5,,,,,,,,,,,,,,
bearmtn,2019,BM26,pipo,live,TR,TSE,0.5,,,,,,,,,,,,,,
bearmtn,2019,BM26,psme,live,TR,TSE,tr,,,,,,,,,,,,,,
bearmtn,2019,BM26,cein,live,SH,SL,0.5,,,,,,,,,,,,,,
bearmtn,2019,BM26,cein,live,SH,SM,0.5,,,,,,,,,,,,,,
bearmtn,2019,BM26,quch,live,TR,TRE,0.5,,,,,,,,,,,,,,
bearmtn,2019,BM26,quch,live,TR,TSA,tr,,,,,,,,,,,,,,
bearmtn,2019,BM27,arvi,live,SH,SL,5,,,,,,,,,,,,,,
bearmtn,2019,BM27,arvi,live,SH,SM,5,,,,,,,,,,,,,,
bearmtn,2019,BM27,chfo,live,SH,SL,3,,,,,,,,,,,,,,
bearmtn,2019,BM27,chfo,live,SH,SM,2.5,,,,,,,,,,,,,,
bearmtn,2019,BM27,gayspp,live,FB,,tr,,,,,,,,,,,,,,
bearmtn,2019,BM27,commonfb,live,FB,,tr,,,,,,,,,,,,,,
bearmtn,2019,BM27,droopygrass,live,GR,,tr,,,,,,,,,,,,,,
bearmtn,2019,BM27,smallFgrass,live,GR,,tr,,,,,,,,,,,,,,
bearmtn,2019,BM27,tinyfb2,live,FB,,tr,,,,,,,,,,,,,,
bearmtn,2019,BM27,aster2,live,FB,,tr,,,,,,,,,,,,,,
bearmtn,2019,BM27,sasc,live,TR,TRE,2,,,,,,,,,,,,,,
bearmtn,2019,BM27,unkfuzzy,live,FB,,tr,,,,,,,,,,,,,,
bearmtn,2019,BM27,biglupin,live,FB,,tr,,,,,,,,,,,,,,
bearmtn,2019,BM27,yarrowspp,live,FB,,tr,,,,,,,,,,,,,,
bearmtn,2019,BM27,smallFgrass,live,GR,,tr,,,,,,,,,,,,,,
bearmtn,2019,BM27,cade,live,TR,TSE,2,,,,,,,,,,,,,,
bearmtn,2019,BM27,pipo,live,TR,TSE,8,,,,,,,,,,,,,,
bearmtn,2019,BM27,quke,live,TR,TRE,4.5,,,,,,,,,,,,,,
bearmtn,2019,BM27,quke,dead,TR,TOV,1,,,,,,,,,,,,,,
bearmtn,2019,BM27,cade,dead,TR,TOV,1,,,,,,,,,,,,,,
bearmtn,2019,BM27,pipo,dead,TR,TOV,1,,,,,,,,,,,,,,
bearmtn,2019,BM27,psme,live,TR,TSE,tr,,,,,,,,,,,,,,
bearmtn,2019,BM27,flat2,live,FB,,tr,,,,,,,,,,,,,,
bearmtn,2019,BM27,thislespp,live,FB,,,,,,,,,,,,,,,,
bearmtn,2019,BM27,riro,live,SH,SL,0.5,,,,,,,,,,,,,,
bearmtn,2019,BM27,riro,live,SH,SM,0.5,,,,,,,,,,,,,,
bearmtn,2019,BM27,cein,live,SH,SL,tr,,,,,,,,,,,,,,
bearmtn,2019,BM27,cein,live,SH,SM,tr,,,,,,,,,,,,,,
bearmtn,2019,BM27,softarrow,live,FB,,tr,,,,,,,,,,,,,,
bearmtn,2019,BM27,rabbitbrushspp,live,FB,,3,,,,,,,,,,,,,,
bearmtn,2019,BM27,tighttopgrass,live,GR,,tr,,,,,,,,,,,,,,
bearmtn,2019,BM27,waxyfb,live,FB,,tr,,,,,,,,,,,,,,
bearmtn,2019,BM27,puffyspkie,live,FB,,tr,,,,,,,,,,,,,,
bearmtn,2019,BM27,grass3,live,GR,,tr,,,,,,,,,,,,,,
bearmtn,2019,BM27,unkwhiteunder,live,FB,,tr,,,,,,,,,,,,,,
bearmtn,2019,BM27,unkstrawberry,live,FB,,tr,,,,,,,,,,,,,,
bearmtn,2019,BM27,quch,live,TR,TRE,tr,,,,,,,,,,,,,,
,,,,,,,,,,,,,,,,,,,,,
,,,,,,,,,,,,,,,,,,,,,
,,,,,,,,,,,,,,,,,,,,,
,,,,,,,,,,,,,,,,,,,,,
,,,,,,,,,,,,,,,,,,,,,
,,,,,,,,,,,,,,,,,,,,,
,,,,,,,,,,,,,,,,,,,,,
,,,,,,,,,,,,,,,,,,,,,
,,,,,,,,,,,,,,,,,,,,,
,,,,,,,,,,,,,,,,,,,,,
,,,,,,,,,,,,,,,,,,,,,
,,,,,,,,,,,,,,,,,,,,,
,,,,,,,,,,,,,,,,,,,,,
,,,,,,,,,,,,,,,,,,,,,
,,,,,,,,,,,,,,,,,,,,,
,,,,,,,,,,,,,,,,,,,,,
,,,,,,,,,,,,,,,,,,,,,
,,,,,,,,,,,,,,,,,,,,,
,,,,,,,,,,,,,,,,,,,,,
,,,,,,,,,,,,,,,,,,,,,
,,,,,,,,,,,,,,,,,,,,,
,,,,,,,,,,,,,,,,,,,,,
,,,,,,,,,,,,,,,,,,,,,
,,,,,,,,,,,,,,,,,,,,,
,,,,,,,,,,,,,,,,,,,,,
,,,,,,,,,,,,,,,,,,,,,
,,,,,,,,,,,,,,,,,,,,,
,,,,,,,,,,,,,,,,,,,,,
,,,,,,,,,,,,,,,,,,,,,
,,,,,,,,,,,,,,,,,,,,,
,,,,,,,,,,,,,,,,,,,,,
,,,,,,,,,,,,,,,,,,,,,
,,,,,,,,,,,,,,,,,,,,,
,,,,,,,,,,,,,,,,,,,,,
,,,,,,,,,,,,,,,,,,,,,
,,,,,,,,,,,,,,,,,,,,,
,,,,,,,,,,,,,,,,,,,,,
,,,,,,,,,,,,,,,,,,,,,
,,,,,,,,,,,,,,,,,,,,,
,,,,,,,,,,,,,,,,,,,,,
,,,,,,,,,,,,,,,,,,,,,
,,,,,,,,,,,,,,,,,,,,,
,,,,,,,,,,,,,,,,,,,,,
,,,,,,,,,,,,,,,,,,,,,
,,,,,,,,,,,,,,,,,,,,,
,,,,,,,,,,,,,,,,,,,,,
,,,,,,,,,,,,,,,,,,,,,
,,,,,,,,,,,,,,,,,,,,,
,,,,,,,,,,,,,,,,,,,,,
,,,,,,,,,,,,,,,,,,,,,
,,,,,,,,,,,,,,,,,,,,,
,,,,,,,,,,,,,,,,,,,,,
,,,,,,,,,,,,,,,,,,,,,
,,,,,,,,,,,,,,,,,,,,,
,,,,,,,,,,,,,,,,,,,,,
,,,,,,,,,,,,,,,,,,,,,
,,,,,,,,,,,,,,,,,,,,,
,,,,,,,,,,,,,,,,,,,,,
,,,,,,,,,,,,,,,,,,,,,
,,,,,,,,,,,,,,,,,,,,,
,,,,,,,,,,,,,,,,,,,,,
,,,,,,,,,,,,,,,,,,,,,
,,,,,,,,,,,,,,,,,,,,,
,,,,,,,,,,,,,,,,,,,,,
,,,,,,,,,,,,,,,,,,,,,
,,,,,,,,,,,,,,,,,,,,,
,,,,,,,,,,,,,,,,,,,,,
,,,,,,,,,,,,,,,,,,,,,
,,,,,,,,,,,,,,,,,,,,,
,,,,,,,,,,,,,,,,,,,,,
,,,,,,,,,,,,,,,,,,,,,
,,,,,,,,,,,,,,,,,,,,,
,,,,,,,,,,,,,,,,,,,,,
,,,,,,,,,,,,,,,,,,,,,
,,,,,,,,,,,,,,,,,,,,,
,,,,,,,,,,,,,,,,,,,,,
,,,,,,,,,,,,,,,,,,,,,
,,,,,,,,,,,,,,,,,,,,,
,,,,,,,,,,,,,,,,,,,,,
,,,,,,,,,,,,,,,,,,,,,
,,,,,,,,,,,,,,,,,,,,,
,,,,,,,,,,,,,,,,,,,,,
,,,,,,,,,,,,,,,,,,,,,
,,,,,,,,,,,,,,,,,,,,,
,,,,,,,,,,,,,,,,,,,,,
,,,,,,,,,,,,,,,,,,,,,
,,,,,,,,,,,,,,,,,,,,,
,,,,,,,,,,,,,,,,,,,,,
,,,,,,,,,,,,,,,,,,,,,
,,,,,,,,,,,,,,,,,,,,,
,,,,,,,,,,,,,,,,,,,,,
,,,,,,,,,,,,,,,,,,,,,
,,,,,,,,,,,,,,,,,,,,,
,,,,,,,,,,,,,,,,,,,,,
,,,,,,,,,,,,,,,,,,,,,
,,,,,,,,,,,,,,,,,,,,,
,,,,,,,,,,,,,,,,,,,,,
,,,,,,,,,,,,,,,,,,,,,
,,,,,,,,,,,,,,,,,,,,,
,,,,,,,,,,,,,,,,,,,,,
,,,,,,,,,,,,,,,,,,,,,
,,,,,,,,,,,,,,,,,,,,,
,,,,,,,,,,,,,,,,,,,,,
,,,,,,,,,,,,,,,,,,,,,
,,,,,,,,,,,,,,,,,,,,,
,,,,,,,,,,,,,,,,,,,,,
,,,,,,,,,,,,,,,,,,,,,
,,,,,,,,,,,,,,,,,,,,,
,,,,,,,,,,,,,,,,,,,,,
,,,,,,,,,,,,,,,,,,,,,
,,,,,,,,,,,,,,,,,,,,,
,,,,,,,,,,,,,,,,,,,,,
,,,,,,,,,,,,,,,,,,,,,
,,,,,,,,,,,,,,,,,,,,,
,,,,,,,,,,,,,,,,,,,,,
,,,,,,,,,,,,,,,,,,,,,
,,,,,,,,,,,,,,,,,,,,,
,,,,,,,,,,,,,,,,,,,,,
,,,,,,,,,,,,,,,,,,,,,
,,,,,,,,,,,,,,,,,,,,,
,,,,,,,,,,,,,,,,,,,,,
,,,,,,,,,,,,,,,,,,,,,
,,,,,,,,,,,,,,,,,,,,,
,,,,,,,,,,,,,,,,,,,,,
,,,,,,,,,,,,,,,,,,,,,
,,,,,,,,,,,,,,,,,,,,,
,,,,,,,,,,,,,,,,,,,,,
