Site,Plot ID,Observers,Species,Status,Species Lifeform,Layer Code,%,Notes
modoc,modoc02,ag,abco,live,TR,TOV,73,
modoc,modoc02,ag,abco,live,TR,TSA,15,
modoc,modoc02,ag,abco,live,TR,TSE,tr,
modoc,modoc02,ag,abco,dead,TR,TSA,tr,
modoc,modoc02,ag,abco,dead,TR,TOV,tr,
modoc,modoc02,ag,cade,live,TR,TOV,2,
modoc,modoc02,ag,cade,live,TR,TSA,tr,
modoc,modoc02,ag,cade,live,TR,TSE,tr,
modoc,modoc02,ag,pipo,live,TR,TOV,12,
modoc,modoc02,ag,pipo,live,TR,TSA,tr,
modoc,modoc02,ag,pipo,live,TR,TSE,tr,
modoc,modoc02,ag,pipo,dead,TR,TOV,tr,
modoc,modoc02,ag,pipo,dead,TR,TSA,tr,
modoc,modoc02,ag,pipo,live,TR,TSE,tr,
modoc,modoc02,ag,pipo,live,TR,TOV,tr,
modoc,modoc02,ag,maiste,live,FB,,tr,
modoc,modoc02,ag,monodo,live,FB,,1,
modoc,modoc02,ag,collinsia,live,FB,,tr,
modoc,modoc02,ag,phahyd,live,FB,,tr,
modoc,modoc02,ag,apoand,live,SH,,tr,
modoc,modoc02,ag,pypi,live,FB,,tr,
modoc,modoc02,ag,hiesco,live,FB,,tr,
modoc,modoc02,ag,elyeli,live,GR,,tr,elymus elymoides
modoc,modoc02,ag,carex1,live,GR,,tr,
modoc,modoc04,km,abco,live,TR,TOV,20,
modoc,modoc04,km,abco,live,TR,TSA,tr,
modoc,modoc04,km,abco,live,TR,TSE,tr,
modoc,modoc04,km,abco,dead,TR,TOV,tr,
modoc,modoc04,km,pipo,live,TR,TOV,8,
modoc,modoc04,km,pipo,dead,TR,TOV,tr,
modoc,modoc04,km,pipo,live,TR,TSE,tr,
modoc,modoc04,km,cade,live,TR,TOV,2,
modoc,modoc04,km,cade,live,TR,TSA,tr,
modoc,modoc04,km,cade,live,TR,TSE,tr,
modoc,modoc04,km,arpa,live,SH,,1,
modoc,modoc04,km,arpa,dead,SH,,tr,
modoc,modoc04,km,cepr,live,SH,,1,
modoc,modoc04,km,purtri,live,SH,,tr,
modoc,modoc04,km,ipoagg,live,FB,,tr,
modoc,modoc04,km,pypi,live,FB,,tr,
modoc,modoc04,km,carex1,live,GR,,tr,
modoc,modoc04,km,maiste,live,FB,,tr,
modoc,modoc04,km,colpar,live,FB,,tr,
modoc,modoc04,km,penneo,dead,FB,,tr,
modoc,modoc04,km,penneo,live,FB,,tr,
modoc,modoc04,km,penstemon2,live,FB,,tr,
modoc,modoc04,km,apoand,live,FB,,tr,
modoc,modoc04,km,hiesco,live,FB,,tr,
modoc,modoc04,km,phahyd,live,FB,,tr,
modoc,modoc04,km,elyeli,live,GR,,tr,
modoc,modoc04,km,allvir,live,FB,,tr,
modoc,modoc04,km,horfus,live,FB,,tr,
modoc,modoc04,km,erinau,live,SH,,tr,
modoc,modoc04,km,kelgal,live,FB,,tr,
modoc,modoc04,km,lacser,live,FB,,tr,
modoc,modoc04,km,modocgrass1,live,FB,,tr,
modoc,modoc04,km,clarkia,live,FB,,tr,
modoc,modoc04,km,clarkia,dead,FB,,tr,
modoc,modoc04,km,letvul,live,OTHER,,tr,
modoc,modoc06,ag,abco,live,TR,TOV,30,
modoc,modoc06,ag,abco,live,TR,TSA,tr,
modoc,modoc06,ag,abco,live,TR,TSE,tr,
modoc,modoc06,ag,cade,live,TR,TSE,tr,
modoc,modoc06,ag,pipo,live,TR,TOV,55,
modoc,modoc06,ag,pipo,live,TR,TSE,tr,
modoc,modoc06,ag,apoand,live,SH,,tr,
modoc,modoc06,ag,ceve,live,SH,,tr,
modoc,modoc06,ag,arpa,live,SH,,tr,
modoc,modoc06,ag,purtri,live,SH,,tr,
modoc,modoc06,ag,pypi,live,FB,,tr,
modoc,modoc06,ag,boletus,live,OTHER,,tr,
modoc,modoc06,ag,carex1,live,GR,,tr,
modoc,modoc06,ag,maiste,live,FB,,tr,
modoc,modoc06,ag,hiesco,live,FB,,tr,
modoc,modoc06,ag,cormac,live,FB,,tr,
modoc,modoc06,ag,phahyd,live,FB,,tr,
modoc,modoc06,ag,penneo,live,FB,,tr,
modoc,modoc07,ag,pipo,live,TR,TOV,21,
modoc,modoc07,ag,abco,live,TR,TOV,18,
modoc,modoc07,ag,cade,live,TR,TOV,12.5,
modoc,modoc07,ag,pipo,live,TR,TSE,tr,
modoc,modoc07,ag,cade,live,TR,TSE,tr,
modoc,modoc07,ag,abco,live,TR,TSE,tr,
modoc,modoc07,ag,rice,live,SH,,tr,
modoc,modoc07,ag,arpa,live,SH,,tr,
modoc,modoc07,ag,apoand,live,SH,,tr,
modoc,modoc07,ag,cepr,live,SH,,0.5,
modoc,modoc07,ag,symo,live,SH,,0.5,
modoc,modoc07,ag,ceve,live,SH,,0.25,
modoc,modoc07,ag,riro,live,SH,,tr,
modoc,modoc07,ag,arne,live,SH,,tr,
modoc,modoc07,ag,kelgal,live,FB,,tr,
modoc,modoc07,ag,penneo,live,FB,,tr,
modoc,modoc07,ag,pypi,live,FB,,tr,
modoc,modoc07,ag,fravir,live,FB,,tr,
modoc,modoc07,ag,vertha,live,FB,,tr,
modoc,modoc07,ag,carex1,live,GR,,tr,
modoc,modoc07,ag,plagio,live,FB,,tr,
modoc,modoc07,ag,monodo,live,FB,,tr,
modoc,modoc07,ag,maiste,live,FB,,tr,
modoc,modoc07,ag,colgra,live,FB,,tr,
modoc,modoc07,ag,phahyd,live,FB,,tr,
modoc,modoc07,ag,colpar,live,FB,,tr,
modoc,modoc07,ag,pendeu,live,FB,,tr,
modoc,modoc07,ag,clarkia,live,FB,,tr,
modoc,modoc07,ag,pteand,live,FB,,tr,
modoc,modoc07,ag,elymus1,live,GR,,,
modoc,modoc07,vs,abco,live,TR,TOV,,no overstory per spp
modoc,modoc07,vs,pipo,live,TR,TOV,,
modoc,modoc07,vs,cade,live,TR,TOV,,
modoc,modoc07,vs,abco,live,TR,TSE,tr,
modoc,modoc07,vs,pipo,live,TR,TSE,tr,
modoc,modoc07,vs,cade,live,TR,TSE,1,
modoc,modoc07,vs,cepr,live,SH,,tr,
modoc,modoc07,vs,symo,live,SH,,tr,
modoc,modoc07,vs,arpa,live,SH,,tr,
modoc,modoc07,vs,carex1,live,GR,,tr,
modoc,modoc07,vs,achnatherum ,live,GR,,tr,
modoc,modoc07,vs,elymus,live,GR,,tr,
modoc,modoc07,vs,elygla,live,GR,,tr,
modoc,modoc07,vs,ceve,live,SH,,tr,
modoc,modoc07,vs,hieracium,live,FB,,tr,
modoc,modoc07,vs,maiste,live,FB,,tr,
modoc,modoc07,vs,penstemon1,live,FB,,tr,
modoc,modoc07,vs,erinau,live,SH,,tr,
modoc,modoc07,vs,goob,live,FB,,tr,
modoc,modoc07,vs,calcoe,live,FB,,tr,
modoc,modoc07,vs,pypi,live,FB,,tr,
modoc,modoc07,vs,boechera,live,FB,,tr,
modoc,modoc07,vs,gaydif,live,FB,,tr,
modoc,modoc07,vs,purtri,live,SH,,tr,
modoc,modoc07,vs,horfus,live,FB,,tr,
modoc,modoc07,vs,ipoagg,live,FB,,tr,
modoc,modoc07,vs,notlactuca,live,FB,,tr,
modoc,modoc07,vs,apoand,live,SH,,tr,
modoc,modoc07,vs,amut,live,SH,,tr,
modoc,modoc07,vs,phahet,live,FB,,tr,
modoc,modoc07,vs,claytonia,live,FB,,tr,
modoc,modoc08,ag,pipo,live,TR,TOV,17,
modoc,modoc08,ag,abco,live,TR,TOV,7,
modoc,modoc08,ag,cade,live,TR,TOV,1.5,
modoc,modoc08,ag,abco,live,TR,TSA,2,
modoc,modoc08,ag,cade,live,TR,TSE,tr,
modoc,modoc08,ag,abco,live,TR,TSE,tr,
modoc,modoc08,ag,pipo,live,TR,TSA,tr,
modoc,modoc08,ag,pruema,live,SH,,0.25,
modoc,modoc08,ag,riro,live,SH,,tr,
modoc,modoc08,ag,rice,live,SH,,tr,
modoc,modoc08,ag,apoand,live,SH,,tr,
modoc,modoc08,ag,cepr,live,SH,,0.5,
modoc,modoc08,ag,purtri,live,SH,,tr,
modoc,modoc08,ag,ceve,live,SH,,0.5,
modoc,modoc08,ag,arpa,live,SH,,tr,
modoc,modoc08,ag,ceve,dead,SH,,2,
modoc,modoc08,ag,erinau,live,SH,,tr,
modoc,modoc08,ag,arpa,dead,SH,,5,
modoc,modoc08,ag,stachys,live,FB,,tr,
modoc,modoc08,ag,potentilla?,live,FB,,tr,
modoc,modoc08,ag,COLPAR,live,FB,,tr,
modoc,modoc08,ag,monodo,live,FB,,tr,
modoc,modoc08,ag,kega,live,FB,,0.5,
modoc,modoc08,ag,carex1,live,GR,,1,
modoc,modoc08,ag,elymus1,live,GR,,tr,
modoc,modoc08,ag,erinud,live,FB,,tr,
modoc,modoc08,ag,horfus,live,FB,,tr,
modoc,modoc08,ag,colgra,live,FB,,tr,
modoc,modoc08,ag,plagio,live,FB,,tr,
modoc,modoc08,ag,viopur,live,FB,,tr,
modoc,modoc08,ag,fravir,live,FB,,0.25,
modoc,modoc08,ag,clarkia,live,FB,,tr,
modoc,modoc08,ag,phyhyd,live,FB,,0.25,
modoc,modoc08,ag,maiste,live,FB,,tr,
modoc,modoc08,ag,penneo,live,FB,,tr,
modoc,modoc09,vs,abco,live,TR,TOV,,no cover per spp recorded
modoc,modoc09,vs,cade,live,TR,TOV,,
modoc,modoc09,vs,pipo,live,TR,TOV,,
modoc,modoc09,vs,abco,live,TR,TSE,tr,
modoc,modoc09,vs,cade,live,TR,TSE,tr,
modoc,modoc09,vs,pipo,live,TR,TSE,tr,
modoc,modoc09,vs,cade,dead,TR,TSE,tr,
modoc,modoc09,vs,pipo,dead,TR,TSE,tr,
modoc,modoc09,vs,ribes3,live,SH,,tr,
modoc,modoc09,vs,arpa,dead,SH,,tr,
modoc,modoc09,vs,achnatherum ,live,GR,,tr,
modoc,modoc09,vs,carex1,live,GR,,1,
modoc,modoc09,vs,ceve,live,SH,,tr,
modoc,modoc09,vs,carex2,live,GR,,tr,
modoc,modoc09,vs,festuca,live,GR,,tr,
modoc,modoc09,vs,phldif,live,FB,,tr,
modoc,modoc09,vs,erinau,live,SH,,tr,
modoc,modoc09,vs,bromus,live,GR,,1,
modoc,modoc09,vs,kelgal,live,FB,,tr,
modoc,modoc09,vs,calcoe,live,FB,,tr,
modoc,modoc09,vs,monodo,live,FB,,tr,
modoc,modoc09,vs,notlactuca,live,FB,,tr,
modoc,modoc09,vs,viopur,live,FB,,tr,
modoc,modoc09,vs,senecio,live,FB,,tr,
modoc,modoc09,vs,castilleja ,live,FB,,tr,
modoc,modoc09,vs,penstemon2,live,FB,,tr,
modoc,modoc09,vs,horfus,live,FB,,tr,
modoc,modoc09,vs,cirvir,live,FB,,tr,
modoc,modoc09,vs,lathryus,live,FB,,tr,
modoc,modoc09,vs,phahet,live,FB,,tr,
modoc,modoc09,vs,fravir,live,FB,,tr,
modoc,modoc09,vs,hieracium,live,FB,,tr,
modoc,modoc09,vs,elygla,live,GR,,tr,
modoc,modoc09,vs,lessengia,live,FB,,tr,
modoc,modoc09,vs,euophorbia,live,FB,,tr,
modoc,modoc09,vs,ipoagg,live,FB,,tr,
modoc,modoc1,vs,pipo,live,TR,TOV,16,
modoc,modoc1,vs,abco,live,TR,,tr,
modoc,modoc1,vs,cade,live,TR,,tr,
modoc,modoc1,vs,pipo,live,TR,TSE,,
modoc,modoc1,vs,abco,live,TR,TSE,,
modoc,modoc1,vs,cade,live,TR,TSE,,
modoc,modoc1,vs,symo,live,SH,,16,
modoc,modoc1,vs,arpa,live,SH,,2,
modoc,modoc1,vs,maiste,live,FB,,tr,collected
modoc,modoc1,vs,ribes1,live,SH,,tr,
modoc,modoc1,vs,ceve,live,SH,,1,
modoc,modoc1,vs,cepr,live,SH,,3,
modoc,modoc1,vs,carex1,live,GR,,tr,
modoc,modoc1,vs,ribes2,live,SH,,tr,collected
modoc,modoc1,vs,arpa,dead,SH,,tr,
modoc,modoc1,vs,horfus,live,FB,,tr,collected
modoc,modoc1,vs,kelgal,live,FB,,tr,
modoc,modoc1,vs,Achnatherum,live,GR,,tr,
modoc,modoc1,vs,purtri,live,SH,,tr,
modoc,modoc1,vs,apoand,live,SH,,tr,
modoc,modoc1,vs,fravir,live,FB,,tr,
modoc,modoc1,vs,erinau,live,SH,,tr,
modoc,modoc1,vs,elymus1,live,GR,,tr,likely elimoides
modoc,modoc1,vs,bromus,live,GR,,tr,collected
modoc,modoc1,vs,viopur,live,FB,,tr,
modoc,modoc1,vs,cirsiumspp,live,FB,,tr,
modoc,modoc1,vs,collomiaspp,live,FB,,tr,photo
modoc,modoc1,vs,cyanoglosum?,live,FB,,tr,collected
modoc,modoc1,vs,epilobium,live,FB,,tr,
modoc,modoc1,vs,notlactuca,live,FB,,tr,collected
modoc,modoc1,vs,monodo,live,FB,,tr,
modoc,modoc10,ag,cade,live,TR,TOV,,
modoc,modoc10,ag,pipo,dead,TR,TOV,,
modoc,modoc10,ag,abco,live,TR,TOV,,
modoc,modoc10,ag,abco,dead,TR,TOV,,
modoc,modoc10,ag,cade,dead,TR,TSA,,
modoc,modoc10,ag,abco,dead,TR,TSA,,
modoc,modoc10,ag,abco,live,TR,TSE,3,
modoc,modoc10,ag,cade,live,TR,TSE,,
modoc,modoc10,ag,cade,dead,TR,TSE,,
modoc,modoc10,ag,ceve,live,SH,,tr,
modoc,modoc10,ag,cepr,live,SH,,2,
modoc,modoc10,ag,arpa,live,SH,,tr,resp
modoc,modoc10,ag,riro,live,SH,,tr,
modoc,modoc10,ag,rice,live,SH,,tr,
modoc,modoc10,ag,symo,live,SH,,tr,
modoc,modoc10,ag,hieracium,live,FB,,1,
modoc,modoc10,ag,monodo,live,FB,,4,
modoc,modoc10,ag,fravir,live,FB,,tr,
modoc,modoc10,ag,phldif,live,FB,,tr,
modoc,modoc10,ag,lathryus,live,FB,,tr,collect
modoc,modoc10,ag,elyeli,live,FB,,6,
modoc,modoc10,ag,colgra,live,FB,,tr,
modoc,modoc10,ag,viopur,live,FB,,tr,
modoc,modoc10,ag,penneo,live,FB,,tr,
modoc,modoc10,ag,kelgal,live,FB,,tr,
modoc,modoc10,ag,agogra,live,FB,,tr,collect
modoc,modoc10,ag,carex1,live,FB,,tr,
modoc,modoc10,ag,aster1,live,FB,,tr,collect
modoc,modoc10,ag,gaydif,live,FB,,1,collect
modoc,modoc10,ag,aster2,live,FB,,tr,collect
modoc,modoc10,ag,bome,live,FB,,1,collect
modoc,modoc10,ag,erilan,live,FB,,tr,collect
modoc,modoc10,ag,horfus,live,FB,,tr,
modoc,modoc10,ag,ipoagg,live,FB,,tr,
modoc,modoc10,ag,cirsium,live,FB,,tr,
modoc,modoc10,ag,FUNHYG,live,FERN ,,tr,
modoc,modoc10,ag,euphorbia,live,FB,,tr,collect
modoc,modoc10,ag,monodo,dead,FB,,tr,
modoc,modoc10,ag,calcoe,live,FB,,tr,
modoc,modoc10,ag,pipo,live,TR,TSE,tr,
modoc,modoc10,ag,coltin,live,FB,,,
modoc,modoc11,vs,abco,live,TR,TOV,tr,
modoc,modoc11,vs,pipo,live,TR,TOV,30,not entered....
modoc,modoc11,vs,pipo,dead,TR,TOV,tr,
modoc,modoc11,vs,pipo,dead,TR,TOV,tr,
modoc,modoc11,vs,ceve,live,SH,,tr,
modoc,modoc11,vs,arpa,dead,SH,,,
modoc,modoc11,vs,erinau,dead,SH,,,resp
modoc,modoc11,vs,cepr,live,SH,,tr,
modoc,modoc11,vs,amut,live,SH,,tr,
modoc,modoc11,vs,carex1,live,GR,,tr,
modoc,modoc11,vs,carex2,live,GR,,tr,
modoc,modoc11,vs,achnatherum ,live,GR,,2,
modoc,modoc11,vs,elymus,live,GR,,tr,
modoc,modoc11,vs,bromus,live,GR,,tr,
modoc,modoc11,vs,horfus,live,FB,,tr,
modoc,modoc11,vs,penstemon1,live,FB,,tr,
modoc,modoc11,vs,fravir,live,FB,,1,
modoc,modoc11,vs,kelgal,live,FB,,tr,
modoc,modoc11,vs,calcoe,live,FB,,tr,
modoc,modoc11,vs,hieracium,live,FB,,tr,
modoc,modoc11,vs,euphorbia,live,FB,,tr,
modoc,modoc11,vs,lessengia,live,FB,,tr,
modoc,modoc11,vs,collinsia,live,FB,,tr,
modoc,modoc11,vs,polemontinctorum,live,FB,,tr,
modoc,modoc11,vs,monodo,live,FB,,tr,
modoc,modoc11,vs,phahet,live,FB,,tr,
modoc,modoc11,vs,viopur,live,FB,,tr,
modoc,modoc11,vs,pedsem,live,FB,,tr,
modoc,modoc11,vs,penstemon2,live,FB,,tr,
modoc,modoc11,vs,senecio,live,FB,,tr,
modoc,modoc11,vs,pypi,live,FB,,tr,
modoc,modoc11,vs,agogra,live,FB,,tr,
modoc,modoc12,ag,pipo,live,TR,TOV,4,
modoc,modoc12,ag,abco,live,TR,TOV,34,
modoc,modoc12,ag,cade,live,TR,TOV,9,
modoc,modoc12,ag,abco,dead,TR,TOV,tr,
modoc,modoc12,ag,abco,dead,TR,TSA,1.5,
modoc,modoc12,ag,abco,live,TR,TSE,1,
modoc,modoc12,ag,abco,dead,TR,TSE,tr,
modoc,modoc12,ag,cade,live,TR,TSE,tr,
modoc,modoc12,ag,cepr,live,SH,,1,
modoc,modoc12,ag,ceve,live,SH,,tr,
modoc,modoc12,ag,arpa,dead,SH,,0.5,resp
modoc,modoc12,ag,pruema,dead,SH,,tr,
modoc,modoc12,ag,pruema,live,SH,,tr,
modoc,modoc12,ag,bromus,live,GR,,8,
modoc,modoc12,ag,coltin,live,FB,,1,collect
modoc,modoc12,ag,elyeli,live,GR,,tr,
modoc,modoc12,ag,hairygrass,live,GR,,1,collect
modoc,modoc12,ag,goob,live,FB,,tr,
modoc,modoc12,ag,penneo,live,FB,,tr,
modoc,modoc12,ag,horfus,live,FB,,tr,
modoc,modoc12,ag,viopur,live,FB,,tr,
modoc,modoc12,ag,hieracium,live,FB,,tr,
modoc,modoc12,ag,carex1,live,FB,,tr,
modoc,modoc12,ag,notlactuca,live,FB,,tr,
modoc,modoc12,ag,colgra,live,FB,,tr,
modoc,modoc12,ag,colpar,live,FB,,2,
modoc,modoc12,ag,phyhyd,live,FB,,tr,
modoc,modoc12,ag,kelgal,live,FB,,tr,
modoc,modoc12,ag,fravir,live,FB,,tr,
modoc,modoc12,ag,monodo,live,FB,,tr,
modoc,modoc12,ag,pedsem,live,FB,,tr,
modoc,modoc12,ag,lacser,live,FB,,tr,
modoc,modoc12,ag,funhyg,live,FB,,1,
modoc,modoc12,ag,cirsium,live,FB,,tr,
modoc,modoc12,ag,colpar,live,FB,,tr,collect
modoc,modoc13,vs,abco,live,TR,TOV,,no overstory per spp
modoc,modoc13,vs,pipo,live,TR,TOV,,
modoc,modoc13,vs,cade,live,TR,TOV,,
modoc,modoc13,vs,abco,live,TR,TSE,1,
modoc,modoc13,vs,pipo,live,TR,TSE,tr,
modoc,modoc13,vs,cade,live,TR,TSE,tr,
modoc,modoc13,vs,amut,live,SH,,tr,
modoc,modoc13,vs,arpa,live,SH,,tr,
modoc,modoc13,vs,carex1,live,GR,,tr,
modoc,modoc13,vs,carex2,live,GR,,tr,
modoc,modoc13,vs,bromus,live,GR,,tr,
modoc,modoc13,vs,elymus,live,GR,,tr,
modoc,modoc13,vs,achnatherum ,live,GR,,tr,
modoc,modoc13,vs,hieracium,live,FB,,tr,
modoc,modoc13,vs,monodo,live,FB,,tr,
modoc,modoc13,vs,chimen,live,FB,,tr,
modoc,modoc13,vs,penstamon1,live,FB,,tr,
modoc,modoc13,vs,calcoe,live,FB,,tr,
modoc,modoc13,vs,notlactuca,live,FB,,tr,
modoc,modoc13,vs,lathryusnotnotched ,live,FB,,tr,
modoc,modoc13,vs,fravir,live,FB,,tr,
modoc,modoc13,vs,kelgal,live,FB,,tr,
modoc,modoc13,vs,viopur,live,FB,,tr,
modoc,modoc13,vs,miaste,live,FB,,tr,
modoc,modoc13,vs,raylessaster,live,FB,,tr,
modoc,modoc14,ag,pipo,live,TR,TOV,10,
modoc,modoc14,ag,abco,live,TR,TOV,45,
modoc,modoc14,ag,abco,dead,TR,TSA,0.5,
modoc,modoc14,ag,abco,live,TR,TSA,0.5,
modoc,modoc14,ag,abco,live,TR,TSE,tr,
modoc,modoc14,ag,abco,dead,TR,TSE,tr,
modoc,modoc14,ag,cade,live,TR,TSE,tr,
modoc,modoc14,ag,cade,live,TR,TSA,tr,
modoc,modoc14,ag,cade,dead,TR,TSA,tr,
modoc,modoc14,ag,pipo,live,TR,TSE,tr,
modoc,modoc14,ag,pipo,dead,TR,TSA,tr,
modoc,modoc14,ag,pipo,live,TR,TSA,tr,
modoc,modoc14,ag,arpa,live,SH,,tr,
modoc,modoc14,ag,hieracium ,live,SH,,tr,
modoc,modoc14,ag,phyhyd,live,SH,,tr,
modoc,modoc14,ag,ceve,live,SH,,tr,
modoc,modoc14,ag,ceve,dead,,,tr,resp
modoc,modoc14,ag,cepr,live,SH,,tr,
modoc,modoc14,ag,arpa,dead,,,tr,
modoc,modoc14,ag,purtri,live,SH,,tr,
modoc,modoc14,ag,pruema,live,SH,,tr,
modoc,modoc14,ag,riro,live,SH,,tr,
modoc,modoc14,ag,carex1,live,GR,,tr,
modoc,modoc14,ag,calcoe,live,FB,,tr,
modoc,modoc14,ag,penneo,live,FB,,tr,
modoc,modoc14,ag,lacser,live,FB,,tr,
modoc,modoc14,ag,coltin,live,FB,,tr,
modoc,modoc14,ag,elyeli,live,GR,,tr,
modoc,modoc14,ag,horfus,live,FB,,tr,
modoc,modoc14,ag,monodo,live,FB,,3,
modoc,modoc14,ag,clarkia,live,FB,,tr,
modoc,modoc14,ag,goob,live,FB,,tr,
modoc,modoc14,ag,colgra,live,FB,,tr,
modoc,modoc14,ag,maiste,live,FB,,tr,
modoc,modoc14,ag,kelgal,live,FB,,tr,
modoc,modoc14,ag,viopur,live,FB,,tr,
modoc,modoc14,ag,bromus,live,GR,,4,
modoc,modoc14,ag,fravir,live,FB,,tr,
modoc,modoc14,ag,pypi,live,FB,,tr,
modoc,modoc14,ag,pedsem,live,FB,,tr,
modoc,modoc14,ag,asterunk,live,FB,,tr,
modoc,modoc14,ag,amut,live,SH,,tr,
modoc,modoc15,vs,pipo,live,TR,TOV,5,
modoc,modoc15,vs,abco,live,TR,TOV,4,
modoc,modoc15,vs,pipo,live,TR,TSE,tr,
modoc,modoc15,vs,ceve,live,SH,,2,
modoc,modoc15,vs,arpa,live,SH,,tr,
modoc,modoc15,vs,purtri,live,SH,,1,
modoc,modoc15,vs,cepr,live,SH,,tr,
modoc,modoc15,vs,amut,live,SH,,tr,
modoc,modoc15,vs,phldif,live,FB,,1,
modoc,modoc15,vs,bromus,live,GR,,1,
modoc,modoc15,vs,carex1,live,GR,,tr,
modoc,modoc15,vs,elymus,live,GR,,1,
modoc,modoc15,vs,penstemon1,live,FB,,tr,
modoc,modoc15,vs,monodo,live,FB,,3,
modoc,modoc15,vs,castilleja ,live,FB,,tr,
modoc,modoc15,vs,erilan,live,FB,,1,
modoc,modoc15,vs,fravir,live,FB,,1,
modoc,modoc15,vs,lathryusnotnotched ,live,FB,,6,
modoc,modoc15,vs,senecio,live,FB,,tr,
modoc,modoc15,vs,horfus,live,FB,,tr,
modoc,modoc15,vs,agogra,live,FB,,tr,
modoc,modoc15,vs,euophorbia,live,FB,,tr,
modoc,modoc15,vs,achnatherum ,live,GR,,3,
modoc,modoc15,vs,madia,live,FB,,tr,
modoc,modoc15,vs,gaydif,live,FB,,tr,
modoc,modoc15,vs,purpleaster,live,FB,,4,
modoc,modoc15,vs,lessengia,live,FB,,tr,
modoc,modoc15,vs,collinsia,live,FB,,tr,
modoc,modoc15,vs,ipoagg,live,FB,,tr,
modoc,modoc15,vs,hieracium,live,FB,,2,
modoc,modoc15,vs,phahet,live,FB,,tr,
modoc,modoc15,vs,notlactuca,live,FB,,tr,
modoc,modoc15,vs,microsiris,live,FB,,tr,
modoc,modoc15,vs,calcoe,live,FB,,tr,
modoc,modoc15,vs,kelgal,live,FB,,tr,
modoc,modoc15,vs,polemontinctorum,live,FB,,tr,
modoc,modoc15,vs,lathryusnotched,live,FB,,tr,
modoc,modoc16,ag,cade,live,TR,TOV,3,
modoc,modoc16,ag,pipo,live,TR,TOV,7,
modoc,modoc16,ag,cade,live,TR,TSE,tr,
modoc,modoc16,ag,abco,dead,TR,TSA,tr,
modoc,modoc16,ag,pruema,live,SH,,tr,
modoc,modoc16,ag,symo,live,SH,,tr,
modoc,modoc16,ag,ceve,live,SH,,20,
modoc,modoc16,ag,ceve,dead,SH,,2,resp
modoc,modoc16,ag,cepr,live,SH,,2,
modoc,modoc16,ag,arpa,dead,SH,,18,resp
modoc,modoc16,ag,arpa,live,SH,,3,
modoc,modoc16,ag,amut,live,SH,,tr,
modoc,modoc16,ag,erinau,live,SH,,tr,
modoc,modoc16,ag,purtri,live,SH,,tr,
modoc,modoc16,ag,riro,live,SH,,tr,
modoc,modoc16,ag,elyeli,live,GR,,19,
modoc,modoc16,ag,carex1,live,GR,,tr,
modoc,modoc16,ag,brotec,live,GR,,tr,
modoc,modoc16,ag,lathryusnotched,live,FB,,tr,
modoc,modoc16,ag,senecio,live,FB,,tr,
modoc,modoc16,ag,hieracium,live,FB,,tr,
modoc,modoc16,ag,euphorbia,live,FB,,tr,
modoc,modoc16,ag,phldif,live,FB,,1.5,
modoc,modoc16,ag,penspe,live,FB,,tr,
modoc,modoc16,ag,bromemodoc ,live,FB,,tr,
modoc,modoc16,ag,coltor,live,FB,,tr,
modoc,modoc16,ag,vertha,live,FB,,1,
modoc,modoc16,ag,plagio,live,FB,,tr,
modoc,modoc16,ag,gaydif,live,FB,,tr,collect
modoc,modoc16,ag,erinud,live,FB,,tr,
modoc,modoc16,ag,castilleja,live,FB,,tr,
modoc,modoc16,ag,kelgal,live,FB,,tr,
modoc,modoc16,ag,stachys,live,FB,,tr,collect
modoc,modoc16,ag,fravir,live,FB,,tr,
modoc,modoc16,ag,lacser,live,FB,,tr,
modoc,modoc16,ag,phahyd,live,FB,,tr,
modoc,modoc16,ag,erilan,live,FB,,tr,
modoc,modoc16,ag,clarkia,live,FB,,tr,
modoc,modoc16,ag,agogra,live,FB,,tr,
modoc,modoc16,ag,madia,live,FB,,tr,collect
modoc,modoc16,ag,kelgal,live,FB,,1,collect
modoc,modoc16,ag,colgra,live,FB,,tr,
modoc,modoc16,ag,boechera,live,FB,,tr,
modoc,modoc16,ag,purpleaster,live,FB,,tr,collect
modoc,modoc16,ag,viopur,live,FB,,tr,
modoc,modoc16,ag,pendeu,live,FB,,tr,
modoc,modoc16,ag,phahet,live,FB,,1,
modoc,modoc16,ag,penneo,live,FB,,tr,
modoc,modoc16,ag,dipnan,live,FB,,tr,
modoc,modoc16,ag,agohet,live,FB,,tr,
modoc,modoc16,ag,lathryusnotnotched,live,FB,,tr,
modoc,modoc17,vs,cade,live,TR,TOV,11,
modoc,modoc17,vs,pipo,live,TR,TOV,14,
modoc,modoc17,vs,cade,live,TR,TSA,tr,
modoc,modoc17,vs,pipo,live,TR,TSA,tr,
modoc,modoc17,vs,cade,live,TR,TSE,tr,
modoc,modoc17,vs,cepr,live,SH,,3,
modoc,modoc17,vs,ceve,live,SH,,6,5 sm
modoc,modoc17,vs,arpa,live,SH,,6,sm
modoc,modoc17,vs,erinau,live,SH,,1,
modoc,modoc17,vs,purtri,live,SH,,tr,
modoc,modoc17,vs,amut,live,SH,,tr,
modoc,modoc17,vs,phldif,live,FB,,1,
modoc,modoc17,vs,arpa,dead,SH,,tr,
modoc,modoc17,vs,bromus,live,GR,,1,
modoc,modoc17,vs,elymus,live,GR,,2,
modoc,modoc17,vs,achnatherum ,live,GR,,1,
modoc,modoc17,vs,kelgal,live,FB,,2,
modoc,modoc17,vs,lathryusnotnotched ,live,FB,,2,
modoc,modoc17,vs,monodo,live,FB,,2,
modoc,modoc17,vs,penstamon1,live,FB,,1,
modoc,modoc17,vs,unkforb*,live,FB,,1,
modoc,modoc17,vs,euphorbia ,live,FB,,tr,
modoc,modoc17,vs,gaydif,live,FB,,tr,
modoc,modoc17,vs,phahyd,live,FB,,tr,
modoc,modoc17,vs,notlactuca,live,FB,,tr,
modoc,modoc17,vs,purpleaster,live,FB,,tr,
modoc,modoc17,vs,microsiris,live,FB,,tr,
modoc,modoc17,vs,viopur,live,FB,,tr,
modoc,modoc17,vs,fravir,live,FB,,1,
modoc,modoc17,vs,hieracium,live,FB,,tr,
modoc,modoc17,vs,castilleja ,live,FB,,tr,
modoc,modoc17,vs,erilan,live,FB,,tr,
modoc,modoc17,vs,pendeu,live,FB,,tr,
modoc,modoc17,vs,lessengia,live,FB,,tr,
modoc,modoc17,vs,antennaria,live,FB,,tr,
modoc,modoc17,vs,agogra,live,FB,,tr,
modoc,modoc17,vs,herb2,live,FB,,tr,
modoc,modoc17,vs,pruema,live,SH,,tr,
modoc,modoc18,ag,cade,dead,TR,TOV,1,
modoc,modoc18,ag,cade,live,TR,TOV,35,
modoc,modoc18,ag,cade,live,TR,TSE,tr,
modoc,modoc18,ag,pipo,live,TR,TOV,8,
modoc,modoc18,ag,pipo,live,TR,TSE,tr,
modoc,modoc18,ag,pipo,dead,TR,TOV,tr,
modoc,modoc18,ag,abco,live,TR,TSE,t4,
modoc,modoc18,ag,abco,live,TR,TOV,tr,
modoc,modoc18,ag,symo,live,SH,,tr,
modoc,modoc18,ag,purtri,live,SH,,tr,
modoc,modoc18,ag,cepr,live,SH,,13,
modoc,modoc18,ag,ceve,live,SH,,tr,
modoc,modoc18,ag,arpa,dead,SH,,7,resp
modoc,modoc18,ag,arpa,live,SH,,1,
modoc,modoc18,ag,pruema,live,SH,,tr,
modoc,modoc18,ag,bromus,live,GR,,12,
modoc,modoc18,ag,carex1,live,GR,,1,
modoc,modoc18,ag,elyeli,live,GR,,tr,
modoc,modoc18,ag,brotec,live,GR,,tr,
modoc,modoc18,ag,erinud,live,FB,,tr,
modoc,modoc18,ag,coltor,live,FB,,tr,
modoc,modoc18,ag,agosiris,live,FB,,tr,
modoc,modoc18,ag,gaydif,live,FB,,tr,
modoc,modoc18,ag,dipnan,live,FB,,tr,
modoc,modoc18,ag,plagio,live,FB,,tr,
modoc,modoc18,ag,hieracium ,live,FB,,tr,
modoc,modoc18,ag,clarkia,live,FB,,tr,
modoc,modoc18,ag,castilleja,live,FB,,tr,
modoc,modoc18,ag,claytonia,live,FB,,tr,
modoc,modoc18,ag,phahet,live,FB,,0.5,
modoc,modoc18,ag,agogra,live,FB,,tr,
modoc,modoc18,ag,colgra,live,FB,,tr,
modoc,modoc18,ag,madia2,live,FB,,tr,small
modoc,modoc18,ag,viopur,live,FB,,tr,
modoc,modoc18,ag,phldif,live,FB,,tr,
modoc,modoc18,ag,pedsem,live,FB,,tr,
modoc,modoc18,ag,coltin,live,FB,,tr,
modoc,modoc18,ag,kelgal,live,FB,,0.5,
modoc,modoc18,ag,lessengia,live,FB,,tr,
modoc,modoc18,ag,monodo,live,FB,,tr,
modoc,modoc18,ag,polemoniaceae2,live,FB,,tr,
modoc,modoc18,ag,lathryusnotnotched,live,FB,,tr,
modoc,modoc18,ag,fravir,live,FB,,tr,
modoc,modoc18,ag,notlactuca,live,FB,,tr,
modoc,modoc18,ag,triixi,live,FB,,tr,
modoc,modoc18,ag,largeaster,live,FB,,tr,
modoc,modoc19,vs,cade,live,TR,TOV,18,
modoc,modoc19,vs,pipo,live,TR,TOV,25,
modoc,modoc19,vs,abco,live,TR,TOV,2,
modoc,modoc19,vs,pipo,live,TR,TSE,tr,
modoc,modoc19,vs,pipo,dead,TR,TSE,tr,
modoc,modoc19,vs,ceve,live,SH,,4,sm
modoc,modoc19,vs,arpa,live,SH,,tr,
modoc,modoc19,vs,erinau,live,SH,,tr,
modoc,modoc19,vs,purtri,live,SH,,tr,
modoc,modoc19,vs,amut,live,SH,,tr,
modoc,modoc19,vs,phldif,live,FB,,1,
modoc,modoc19,vs,bromus,live,GR,,tr,
modoc,modoc19,vs,elymus,live,GR,,tr,
modoc,modoc19,vs,Achnatherum,live,GR,,tr,
modoc,modoc19,vs,apoand,live,SH,,tr,
modoc,modoc19,vs,monodo,live,FB,,1,
modoc,modoc19,vs,pedsem,live,FB,,tr,
modoc,modoc19,vs,penstemon1,live,FB,,tr,
modoc,modoc19,vs,hieracium,live,FB,,1,
modoc,modoc19,vs,gaydif,live,FB,,tr,
modoc,modoc19,vs,kelgal,live,FB,,2,
modoc,modoc19,vs,Lessengia,live,FB,,tr,
modoc,modoc19,vs,euphorbia,live,FB,,tr,
modoc,modoc19,vs,horfus,live,FB,,tr,
modoc,modoc19,vs,penstemon2,live,FB,,tr,
modoc,modoc19,vs,carex1,live,GR,,tr,
modoc,modoc19,vs,viopur,live,FB,,tr,
modoc,modoc19,vs,qube,live,SH,,tr,
modoc,modoc19,vs,pypi,live,FB,,tr,
modoc,modoc19,vs,clarho,live,FB,,tr,
modoc,modoc19,vs,carex2,live,GR,,tr,
modoc,modoc19,vs,ribes3,live,FB,,tr,
modoc,modoc20,ag,cade,live,TR,TOV,30,
modoc,modoc20,ag,pipo,live,TR,TOV,8,
modoc,modoc20,ag,cade,live,TR,TSA,tr,
modoc,modoc20,ag,cade,live,TR,TSE,tr,
modoc,modoc20,ag,cade,dead,TR,TSA,tr,
modoc,modoc20,ag,abco,live,TR,TSE,tr,
modoc,modoc20,ag,abco,live,TR,TOV,tr,
modoc,modoc20,ag,pipo,live,TR,TSA,tr,
modoc,modoc20,ag,cade,dead,TR,TSE,tr,
modoc,modoc20,ag,ceve,live,SH,,1,
modoc,modoc20,ag,arpa,live,SH,,9,
modoc,modoc20,ag,arpa,dead,SH,,2,resp
modoc,modoc20,ag,cepr,live,SH,,30,
modoc,modoc20,ag,purtri,live,SH,,1.5,
modoc,modoc20,ag,purtri,dead,SH,,tr,resp
modoc,modoc20,ag,symo,live,SH,,tr,
modoc,modoc20,ag,carex1,live,GR,,tr,
modoc,modoc20,ag,elyeli,live,GR,,tr,
modoc,modoc20,ag,bromus,live,GR,,5,
modoc,modoc20,ag,horfus,live,FB,,tr,
modoc,modoc20,ag,fravir,live,FB,,0.25,
modoc,modoc20,ag,kelgal,live,FB,,0.25,
modoc,modoc20,ag,senecio,live,FB,,tr,
modoc,modoc20,ag,penneo,live,FB,,tr,
modoc,modoc20,ag,hiesco,live,FB,,0.25,
modoc,modoc20,ag,pruema,live,FB,,tr,
modoc,modoc20,ag,erinud,live,FB,,tr,
modoc,modoc20,ag,phldif,live,FB,,tr,
modoc,modoc20,ag,stachys,live,FB,,tr,
modoc,modoc20,ag,calcoe,live,FB,,tr,
modoc,modoc20,ag,castilleja,live,FB,,0.25,
modoc,modoc20,ag,lathryusnotnotched ,live,FB,,tr,
modoc,modoc20,ag,monodo,live,FB,,tr,
modoc,modoc20,ag,lessengia,live,FB,,tr,
modoc,modoc20,ag,gaydif,live,FB,,tr,
modoc,modoc20,ag,plagio,live,FB,,tr,
modoc,modoc20,ag,colgra,live,FB,,tr,
modoc,modoc20,ag,phahet,live,FB,,tr,
modoc,modoc20,ag,madia,live,FB,,tr,
modoc,modoc20,ag,agosiris,live,FB,,tr,
modoc,modoc20,ag,largeaster,live,FB,,tr,
modoc,modoc20,ag,agogra,live,FB,,tr,
modoc,modoc20,ag,viopur,live,FB,,tr,
modoc,modoc20,ag,erilan,live,FB,,tr,
modoc,modoc20,ag,dipnan,live,FB,,tr,
modoc,modoc20,ag,eriumb,live,FB,,tr,
modoc,modoc20,ag,euphorbia,live,FB,,tr,
modoc,modoc20,ag,phyhyd,live,FB,,tr,
modoc,modoc20,ag,funhyg,live,FB,,tr,
modoc,modoc20,ag,coltor,live,FB,,tr,
modoc,modoc21,vs,pipo,live,TR,TOV,12,
modoc,modoc21,vs,abco,live,TR,TOV,5,
modoc,modoc21,vs,abco,live,TR,TSE,tr,
modoc,modoc21,vs,ceve,live,SH,,tr,
modoc,modoc21,vs,cepr,live,SH,,6,sl
modoc,modoc21,vs,arpa,live,SH,,tr,
modoc,modoc21,vs,erinau,live,SH,,tr,
modoc,modoc21,vs,purtri,live,SH,,tr,
modoc,modoc21,vs,amut,live,SH,,tr,
modoc,modoc21,vs,bromus,live,GR,,tr,
modoc,modoc21,vs,elymus,live,GR,,tr,
modoc,modoc21,vs,achnatherum,live,GR,,tr,
modoc,modoc21,vs,carex1,live,GR,,1,
modoc,modoc21,vs,carex2,live,GR,,tr,
modoc,modoc21,vs,arpa,dead,SH,,tr,resp
modoc,modoc21,vs,erinau,dead,SH,,tr,resp
modoc,modoc21,vs,purtri,dead,SH,,tr,resp
modoc,modoc21,vs,penstemon1,live,FB,,1,
modoc,modoc21,vs,kelgal,live,FB,,1,
modoc,modoc21,vs,IPOAGG,live,FB,,tr,
modoc,modoc21,vs,calcoe,live,FB,,tr,
modoc,modoc21,vs,senecio,live,FB,,tr,
modoc,modoc21,vs,hieracium,live,FB,,1,
modoc,modoc21,vs,fravir,live,FB,,2,
modoc,modoc21,vs,Lessengia,live,FB,,tr,
modoc,modoc21,vs,epilobium,live,FB,,tr,
modoc,modoc21,vs,microseris,live,FB,,tr,microseris heterophylla??? Or agosiris?
modoc,modoc21,vs,phahyd,live,FB,,tr,
modoc,modoc21,vs,monodo,live,FB,,1,
modoc,modoc21,vs,Agosiris,live,FB,,tr,
modoc,modoc21,vs,notlactuca,live,FB,,tr,
modoc,modoc21,vs,euphorbia,live,FB,,tr,
modoc,modoc21,vs,ribes3,live,FB,,tr,
modoc,modoc21,vs,horfus,live,FB,,tr,
modoc,modoc21,vs,polemontinctorum,live,FB,,tr,
modoc,modoc21,vs,pypi,live,FB,,tr,
modoc,modoc21,vs,unkforb,live,FB,,tr,
modoc,modoc21,vs,lathryusnotnotched,live,FB,,tr,
modoc,modoc21,vs,pedsem,live,FB,,tr,
modoc,modoc21,vs,phahet,live,FB,,tr,
modoc,modoc21,vs,viopur,live,FB,,tr,
modoc,modoc22,ag,pipo,live,TR,TOV,10,
modoc,modoc22,ag,abco,live,TR,TOV,9,
modoc,modoc22,ag,pipo,dead,TR,TSA,tr,
modoc,modoc22,ag,abco,dead,TR,TSA,tr,
modoc,modoc22,ag,pipo,live,TR,TSA,tr,
modoc,modoc22,ag,abco,live,TR,TSE,tr,
modoc,modoc22,ag,ceve,dead,SH,,1.5,resp
modoc,modoc22,ag,ceve,live,SH,,1,
modoc,modoc22,ag,cepr,live,SH,,2,
modoc,modoc22,ag,rice,live,SH,,tr,
modoc,modoc22,ag,riro,live,SH,,tr,
modoc,modoc22,ag,amut,live,SH,,tr,
modoc,modoc22,ag,purtri,live,SH,,tr,
modoc,modoc22,ag,hiesco,live,FB,,tr,
modoc,modoc22,ag,penneo,live,FB,,tr,
modoc,modoc22,ag,horfus,live,FB,,tr,
modoc,modoc22,ag,fravir,live,FB,,2,
modoc,modoc22,ag,kelgal,live,FB,,3,
modoc,modoc22,ag,liliaceae,live,FB,,tr,no bloom yey
modoc,modoc22,ag,calcoe,live,FB,,tr,
modoc,modoc22,ag,maiste,live,FB,,tr,
modoc,modoc22,ag,lessengia,live,FB,,tr,
modoc,modoc22,ag,chimen,live,FB,,tr,
modoc,modoc22,ag,pypi,live,FB,,tr,
modoc,modoc22,ag,colgra,live,FB,,tr,
modoc,modoc22,ag,coltin,live,FB,,tr,
modoc,modoc22,ag,phahyd,live,FB,,tr,
modoc,modoc22,ag,pedsem,live,FB,,tr,
modoc,modoc22,ag,coltor,live,FB,,tr,
modoc,modoc22,ag,ipoagg,live,FB,,tr,
modoc,modoc22,ag,epilobium,live,FB,,tr,
modoc,modoc22,ag,euphorbia ,live,FB,,tr,
modoc,modoc22,ag,penspe,live,FB,,tr,
modoc,modoc22,ag,gaydif,live,FB,,tr,
modoc,modoc22,ag,elyeli,live,GR,,3,
modoc,modoc22,ag,carex1,live,GR,,tr,
modoc,modoc22,ag,bromus,live,GR,,tr,
modoc,modoc22,ag,goob,live,FB,,tr,
modoc,modoc23,vs,abco,live,TOV,,18,
modoc,modoc23,vs,pipo,live,TOV,,20,
modoc,modoc23,vs,cade,live,TSE,,tr,
modoc,modoc23,vs,abco,live,TSE,,tr,
modoc,modoc23,vs,pipo,live,TSE,,tr,
modoc,modoc23,vs,ceve,live,SH,,20,sm
modoc,modoc23,vs,cepr,live,SH,,4,sl
modoc,modoc23,vs,arpr,live,SH,,tr,
modoc,modoc23,vs,purtri,live,SH,,1,sm
modoc,modoc23,vs,erinau,live,SH,,tr,resp
modoc,modoc23,vs,symo,live,SH,,tr,
modoc,modoc23,vs,symoweird,live,SH,,tr,smaller leaves with fruit and flower? Might just be in symo…... But check
modoc,modoc23,vs,phldif,live,FB,,tr,resp
modoc,modoc23,vs,arpa,dead,SH,,tr,
modoc,modoc23,vs,purtri,dead,SH,,tr,
modoc,modoc23,vs,erinau,dead,SH,,tr,
modoc,modoc23,vs,elymus,live,GR,,1,
modoc,modoc23,vs,bromus,live,GR,,tr,
modoc,modoc23,vs,Achnatherum,live,GR,,tr,
modoc,modoc23,vs,carex1,live,GR,,tr,
modoc,modoc23,vs,kelgal,live,FB,,5,
modoc,modoc23,vs,monodo,live,FB,,1,
modoc,modoc23,vs,heracium,live,FB,,tr,
modoc,modoc23,vs,lessingia,live,FB,,tr,
modoc,modoc23,vs,apoand,live,SH,,tr,
modoc,modoc23,vs,penstemon1,live,FB,,tr,
modoc,modoc23,vs,lathryusnotnotched,live,FB,,tr,
modoc,modoc23,vs,unkherb,live,FB,,tr,
modoc,modoc23,vs,chimen,live,FB,,tr,
modoc,modoc23,vs,pypi,live,FB,,tr,
modoc,modoc23,vs,notlactuca,live,FB,,tr,
modoc,modoc23,vs,euphorbia,live,FB,,tr,
modoc,modoc24,ag,pipo,live,TR,TOV,20,
modoc,modoc24,ag,abco,live,TR,TOV,15,
modoc,modoc24,ag,cade,live,TR,TOV,tr,
modoc,modoc24,ag,abco,live,TR,TSE,tr,
modoc,modoc24,ag,cade,live,TR,TSE,tr,
modoc,modoc24,ag,cade,dead,TR,TSE,tr,
modoc,modoc24,ag,pruema,live,SH,,tr,
modoc,modoc24,ag,pruema,dead,SH,,tr,resp
modoc,modoc24,ag,ceve,dead,SH,,3,resp
modoc,modoc24,ag,ceve,live,SH,,tr,
modoc,modoc24,ag,arpa,live,SH,,tr,
modoc,modoc24,ag,arpa,dead,SH,,4,resp
modoc,modoc24,ag,purtri,live,SH,,tr,
modoc,modoc24,ag,riro,live,SH,,tr,
modoc,modoc24,ag,elyeli,live,GR,,4,
modoc,modoc24,ag,carex1,live,GR,,tr,
modoc,modoc24,ag,bromus,live,GR,,tr,
modoc,modoc24,ag,kelgal,live,FB,,1,
modoc,modoc24,ag,monodo,live,FB,,tr,
modoc,modoc24,ag,madiasmall,live,FB,,tr,
modoc,modoc24,ag,hieracium,live,FB,,tr,
modoc,modoc24,ag,goob,live,FB,,tr,
modoc,modoc24,ag,erinud,live,FB,,tr,
modoc,modoc24,ag,senecio,live,FB,,tr,
modoc,modoc24,ag,penneo,live,FB,,tr,
modoc,modoc24,ag,lacser,live,FB,,tr,
modoc,modoc24,ag,agogra,live,FB,,tr,
modoc,modoc24,ag,fravir,live,FB,,tr,
modoc,modoc24,ag,epilobium,live,FB,,tr,
modoc,modoc24,ag,viopur,live,FB,,tr,
modoc,modoc24,ag,boechera,live,FB,,tr,
modoc,modoc24,ag,pendeu,live,FB,,tr,
modoc,modoc24,ag,stachys,live,FB,,tr,
modoc,modoc24,ag,horfus,live,FB,,tr,
modoc,modoc24,ag,coltor,live,FB,,tr,
modoc,modoc24,ag,gaydif,live,FB,,tr,
modoc,modoc25,vs,cade,live,TR,TOV,3,
modoc,modoc25,vs,abco,live,TR,TOV,3,
modoc,modoc25,vs,pipo,live,TR,TOV,26,
modoc,modoc25,vs,pipow,live,TR,TOV,12,
modoc,modoc25,vs,cade,live,TR,TSA,1,
modoc,modoc25,vs,ceve,live,SH,,4,
modoc,modoc25,vs,cepr,live,SH,,2,
modoc,modoc25,vs,purtri,live,SH,,tr,
modoc,modoc25,vs,cepr,dead,SH,,tr,
modoc,modoc25,vs,purtri,dead,SH,,tr,
modoc,modoc25,vs,ceve,dead,SH,,tr,resprout
modoc,modoc25,vs,pruema,live,SH,,tr,
modoc,modoc25,vs,bromus,live,GR,,,
modoc,modoc25,vs,Achnatherum,live,GR,,,
modoc,modoc25,vs,carex1,live,GR,,,
modoc,modoc25,vs,Castilleja,live,FB,,tr,
modoc,modoc25,vs,Collomia,live,FB,,tr,
modoc,modoc25,vs,penstemon1,live,FB,,tr,
modoc,modoc25,vs,hieracium,live,FB,,tr,
modoc,modoc25,vs,notlactuca,live,FB,,tr,
modoc,modoc25,vs,kelgal,live,FB,,tr,
modoc,modoc25,vs,monodo,live,FB,,2,
modoc,modoc25,vs,herb2,live,FB,,tr,
modoc,modoc25,vs,lessengia,live,FB,,tr,
modoc,modoc25,vs,clarho,live,FB,,tr,
modoc,modoc25,vs,collinsia,live,FB,,tr,
modoc,modoc25,vs,erinud,live,FB,,tr,
modoc,modoc26,ag,abco,live,TR,TOV,25,
modoc,modoc26,ag,abco,live,TR,TSE,12,
modoc,modoc26,ag,cade,live,TR,TOV,tr,
modoc,modoc26,ag,pipo,dead,TR,TOV,tr,
modoc,modoc26,ag,pipo,live,TR,TSE,tr,
modoc,modoc26,ag,cade,live,TR,TSE,tr,
modoc,modoc26,ag,abco,live,TR,TSA,tr,
modoc,modoc26,ag,pruvir,live,SH,,0.5,"large leaf, on plot day before"
modoc,modoc26,ag,apoand,live,SH,,tr,
modoc,modoc26,ag,amut,live,SH,,tr,
modoc,modoc26,ag,symo,live,SH,,tr,
modoc,modoc26,ag,riro,live,SH,,tr,
modoc,modoc26,ag,purtri,live,SH,,0.5,
modoc,modoc26,ag,ceve,live,SH,,tr,
modoc,modoc26,ag,pruema,live,SH,,tr,smallleave
modoc,modoc26,ag,cepr,live,SH,,1,
modoc,modoc26,ag,kelgal,live,FB,,1,
modoc,modoc26,ag,fravir,live,FB,,tr,
modoc,modoc26,ag,lacser,live,FB,,tr,
modoc,modoc26,ag,penneo,live,FB,,tr,
modoc,modoc26,ag,hieracium,live,FB,,tr,
modoc,modoc26,ag,monodo,live,FB,,tr,
modoc,modoc26,ag,phldif,live,FB,,tr,
modoc,modoc26,ag,ipoagg,live,FB,,tr,
modoc,modoc26,ag,carex1,live,GR,,tr,
modoc,modoc26,ag,bromus,live,GR,,tr,
modoc,modoc26,ag,calcoe,live,FB,,tr,
modoc,modoc26,ag,elyeli,live,GR,,tr,
modoc,modoc26,ag,colgra,live,FB,,tr,
modoc,modoc26,ag,clarho,live,FB,,tr,
modoc,modoc26,ag,phahet,live,FB,,tr,
modoc,modoc26,ag,coltor,live,FB,,tr,
modoc,modoc26,ag,gaydif,live,FB,,tr,
modoc,modoc27,vs,pipo,live,TR,TOV,8,
modoc,modoc27,vs,cade,live,TR,TOV,tr,
modoc,modoc27,vs,abco,live,TR,TOV,10,
modoc,modoc27,vs,pipo,live,TR,TSE,tr,
modoc,modoc27,vs,abco,live,TR,TSE,tr,
modoc,modoc27,vs,cepr,live,SH,,3,resp?
modoc,modoc27,vs,ceve,live,SH,,3,
modoc,modoc27,vs,arpa,live,SH,,1,
modoc,modoc27,vs,ribes3,live,SH,,tr,
modoc,modoc27,vs,pruema,live,SH,,1,
modoc,modoc27,vs,erinau,live,SH,,tr,
modoc,modoc27,vs,purtri,live,SH,,tr,
modoc,modoc27,vs,phldif,live,FB,,1,
modoc,modoc27,vs,arpa,dead,SH,,tr,pretreatment 80%
modoc,modoc27,vs,elymus1,live,GR,,tr,
modoc,modoc27,vs,Achnatherum,live,GR,,tr,
modoc,modoc27,vs,carex1,live,GR,,tr,
modoc,modoc27,vs,carex2/3,live,GR,,tr,collected
modoc,modoc27,vs,epilobium,live,FB,,tr,
modoc,modoc27,vs,collinsia,live,FB,,tr,
modoc,modoc27,vs,colgra,live,FB,,tr,
modoc,modoc27,vs,kelgal,live,FB,,tr,
modoc,modoc27,vs,hieracium,live,FB,,tr,
modoc,modoc27,vs,Penstemon1,live,FB,,1,
modoc,modoc27,vs,monodo,live,FB,,1,
modoc,modoc27,vs,Castilleja,live,FB,,tr,
modoc,modoc27,vs,viopur,live,FB,,tr,
modoc,modoc27,vs,clarho,live,FB,,tr,
modoc,modoc28,ag,cade,live,TR,TOV,3,resprouting
modoc,modoc28,ag,abco,live,TR,TSE,tr,
modoc,modoc28,ag,cade,live,TR,TSE,tr,
modoc,modoc28,ag,cepr,live,SH,,10,
modoc,modoc28,ag,pruema,live,SH,,tr,
modoc,modoc28,ag,purtri,live,SH,,tr,
modoc,modoc28,ag,purtri,dead,SH,,2,resp
modoc,modoc28,ag,amut,live,SH,,tr,
modoc,modoc28,ag,amut,dead,SH,,tr,resp
modoc,modoc28,ag,purtri,dead,SH,,tr,resp
modoc,modoc28,ag,arpa,dead,SH,,6,resp
modoc,modoc28,ag,arpa,live,SH,,tr,
modoc,modoc28,ag,prunusstipules,live,SH,,tr,
modoc,modoc28,ag,ceve,live,SH,,tr,
modoc,modoc28,ag,ceve,dead,SH,,tr,resp
modoc,modoc28,ag,riro,live,SH,,tr,
modoc,modoc28,ag,erinau,live,SH,,tr,
modoc,modoc28,ag,phldif,live,FB,,tr,
modoc,modoc28,ag,kelgal,live,FB,,tr,
modoc,modoc28,ag,calcoe,live,FB,,tr,
modoc,modoc28,ag,penneo,live,FB,,tr,
modoc,modoc28,ag,notlactuca,live,FB,,tr,
modoc,modoc28,ag,penspe,live,FB,,tr,
modoc,modoc28,ag,hieracium,live,FB,,tr,
modoc,modoc28,ag,lessengia,live,FB,,tr,
modoc,modoc28,ag,erinud,live,FB,,tr,
modoc,modoc28,ag,castilleja ,live,FB,,tr,
modoc,modoc28,ag,fravir,live,FB,,tr,
modoc,modoc28,ag,monodo,live,FB,,tr,
modoc,modoc28,ag,carex1,live,GR,,tr,
modoc,modoc28,ag,bromus,live,GR,,tr,
modoc,modoc28,ag,SILDOU,live,FB,,tr,
modoc,modoc3,vs,pipo,live,TR,TSE,tr,
modoc,modoc3,vs,pipo,live,TR,TSA,tr,
modoc,modoc3,vs,pipo,live,TR,TOV,????,
modoc,modoc3,vs,abco,live,TR,TSE,tr,
modoc,modoc3,vs,abco,live,TR,TSA,tr,
modoc,modoc3,vs,abco,live,TR,TOV,????,
modoc,modoc3,vs,cade,live,TR,TSE,1,
modoc,modoc3,vs,cade,live,TR,TSA,tr,
modoc,modoc3,vs,hieracium,live,FB,,tr,
modoc,modoc3,vs,maiste,live,FB,,tr,
modoc,modoc3,vs,penneo,live,FB,,tr,
modoc,modoc3,vs,cepr,live,SH,,tr,
modoc,modoc3,vs,carex1,live,GR,,tr,
modoc,modoc3,vs,erinau,live,SH,,tr,
modoc,modoc3,vs,goob,live,FB,,tr,
modoc,modoc3,vs,pypi,live,FB,,tr,
modoc,modoc3,vs,calcoe,live,FB,,tr,
modoc,modoc3,vs,symo,live,SH,,tr,
modoc,modoc3,vs,kelgal,live,FB,,tr,
modoc,modoc3,vs,buchara,live,FB,,tr,collected
modoc,modoc3,vs,purtri,live,FB,,tr,
modoc,modoc3,vs,horfus,live,FB,,tr,
modoc,modoc3,vs,arpa,live,FB,,tr,
modoc,modoc3,vs,Achnatherum,live,GR,,tr,
modoc,modoc3,vs,elyeli,live,GR,,tr,
modoc,modoc3,vs,colgra,live,FB,,tr,
modoc,modoc3,vs,elygla,live,GR,,tr,
modoc,modoc3,vs,IPOAGG,live,FB,,tr,
modoc,modoc3,vs,notlactuca,live,FB,,tr,
modoc,modoc3,vs,apoand,live,SH,,tr,
modoc,modoc3,vs,amut,live,SH,,tr,
modoc,modoc3,vs,phyhyd,live,FB,,tr,
modoc,modoc3,vs,ceanothus2,live,SH,,tr,
modoc,modoc3,vs,claytonia,live,FB,,tr,collected
modoc,modoc5,vs,abco,live,TR,TOV,65,
modoc,modoc5,vs,abco,dead,TR,TOV,tr,
modoc,modoc5,vs,abco,live,TR,TSA,5,
modoc,modoc5,vs,abco,live,TR,TSE,tr,
modoc,modoc5,vs,cade,live,TR,TSA,1,
modoc,modoc5,vs,pipo,live,TR,TOV,5,
modoc,modoc5,vs,pipo,dead,TR,TOV,1,
modoc,modoc5,vs,cade,live,TR,TSE,tr,
modoc,modoc5,vs,symo,live,SH,,tr,
modoc,modoc5,vs,pypi,live,FB,,tr,
modoc,modoc5,vs,apoand,live,SH,,tr,
modoc,modoc5,vs,pteand,live,FB,,tr,
modoc,modoc5,vs,penneo,live,FB,,tr,
modoc,modoc5,vs,goob,live,FB,,tr,
modoc,modoc5,vs,maiste,live,FB,,tr,
modoc,modoc5,vs,kelgal,live,FB,,tr,
modoc,modoc5,vs,ribessmallleaf,live,SH,,tr,photo
