site,plot_id,year,pre_post_fire,azimuth,intersect_cm,large_cm,small_cm,length_m,decay,FieldNotes
Antelope,Antelope01,2020,prefire,na,na,na,na,na,na,
Antelope,Antelope02,2020,prefire,0,59,90,9.5,19.8,5,
Antelope,Antelope03,2020,prefire,0,20.7,30,12.3,1.2,3,
Antelope,Antelope04,2020,prefire,na,na,na,na,na,na,
Antelope,Antelope05,2020,prefire,0,17.3,32,11.8,7.3,3,
Antelope,Antelope06,2020,prefire,0,25,29.5,2.5,6.2,2,
Antelope,Antelope07,2020,prefire,na,na,na,na,na,na,
Antelope,Antelope08,2020,prefire,na,na,na,na,na,na,
Antelope,Antelope09,2020,prefire,na,na,na,na,na,na,
Antelope,Antelope10,2020,prefire,0,49,50,1,1.2,4,
Antelope,Antelope10,2020,prefire,180,35,33,28,53,4,
Antelope,Antelope11,2020,prefire,na,na,na,na,na,na,
Antelope,Antelope12,2020,prefire,270,19,24.5,16.5,28,2,
Antelope,Antelope13,2020,prefire,180,18.5,27.7,15,4.2,3,
Antelope,Antelope14,2020,prefire,90,40.5,105,11,18,5,
Antelope,Antelope14,2020,prefire,270,21.5,35.5,17.5,5.6,2,
Antelope,Antelope15,2020,prefire,na,na,na,na,na,na,
Antelope,Antelope16,2020,prefire,90,32.5,37,2,6.5,1,
Antelope,Antelope17,2020,prefire,na,na,na,na,na,na,
Antelope,Antelope18,2020,prefire,0,24.5,26.5,23,2,3,
Antelope,Antelope18,2020,prefire,0,22.5,14,13.5,2,3,
Antelope,Antelope18,2020,prefire,270,26,90,16,17.1,4,
Antelope,Antelope18,2020,prefire,90,30,20.5,16.5,1.9,3,
Antelope,Antelope18,2020,prefire,90,26,35,10.5,15.2,4,
Antelope,Antelope19,2020,prefire,180,18.5,30,18,4.5,2,
bearmountain,BM1,2019,prefire,0,11,14,11,1.4,3,
bearmountain,BM10,2019,postfire,0,10,7,6,0.7,4,
bearmountain,BM10,2019,postfire,270,20,21,8,4.82,2,
bearmountain,BM10,2019,postfire,270,29,37,21,7,1,
bearmountain,BM10,2019,prefire,90,18,18,3,5,2,
bearmountain,BM10,2019,prefire,90,26,33,20,6,2,
bearmountain,BM10,2019,prefire,0,10.5,10.5,6,0.75,3,
bearmountain,BM10,2019,prefire,180,14,16,14,1,2,
bearmountain,BM11,2019,postfire,0,24,15,9,1.4,2,
bearmountain,BM11,2019,postfire,270,14.5,17.9,0.6,5.55,1,
bearmountain,BM11,2019,prefire,0,13,15,12,1.5,3,
bearmountain,BM12,2019,postfire,180,30,28,22,12.7,2,
bearmountain,BM12,2019,postfire,180,25,24,12,10.7,1,
bearmountain,BM12,2019,postfire,90,13,13,6,1,3,
bearmountain,BM12,2019,postfire,270,20,23,20,4.7,3,
bearmountain,BM12,2019,postfire,270,20,20,9,8.29,3,
bearmountain,BM12,2019,prefire,270,55,65,46,10,3,
bearmountain,BM12,2019,prefire,270,17,20,17,7,2,
bearmountain,BM12,2019,prefire,90,16,20,10,0.38,4,
bearmountain,BM12,2019,prefire,0,78,65,46,10,2,
bearmountain,BM12,2019,prefire,0,20,23,12,9,2,
bearmountain,BM12,2019,prefire,180,27,35,10,20,2,
bearmountain,BM12,2019,prefire,180,34,92,25,18,2,
bearmountain,BM13,2019,postfire,180,40,29,3,18.5,3,
bearmountain,BM13,2019,postfire,90,18,29,3,18.5,3,
bearmountain,BM13,2019,prefire,90,17,28,2.6,18.9,2,
bearmountain,BM13,2019,prefire,180,24,28,2.6,18.9,2,
bearmountain,BM14,2019,postfire,0,20,35,2.5,8.8,1,one tree
bearmountain,BM14,2019,postfire,0,8,35,6.5,5,1,one tree
bearmountain,BM14,2019,postfire,0,23,35,14,5.9,1,one tree
bearmountain,BM14,2019,postfire,0,17,8,6,1,5,
bearmountain,BM15,2019,postfire,90,22,10,0.5,5.55,1,
bearmountain,BM15,2019,postfire,90,8,10.5,3.2,2.9,2,
bearmountain,BM15,2019,prefire,270,11,30,11,13,2,
bearmountain,BM16,2019,prefire,90,18,18,1,5.6,1,
bearmountain,BM16,2019,prefire,90,42.1,42.1,1,11.2,2,
bearmountain,BM17,2019,postfire,90,48,40,1.8,23,1,
bearmountain,BM17,2019,postfire,270,32,35,13,3,1,
bearmountain,BM17,2019,postfire,0,30.7,40,1.8,23,1,
bearmountain,BM17,2019,prefire,0,27,45.5,2,23,1,
bearmountain,BM17,2019,prefire,90,9.2,10.3,8,2.45,1,
bearmountain,BM17,2019,prefire,90,52,45.5,2,23,1,
bearmountain,BM17,2019,prefire,90,9.3,7.4,1,2.2,1,
bearmountain,BM17,2019,prefire,90,9.2,9.2,2,2.1,1,
bearmountain,BM17,2019,prefire,90,9,9,2,2.3,1,
bearmountain,BM17,2019,prefire,90,8.3,7.7,1.5,3,1,
bearmountain,BM17,2019,prefire,270,33.5,33.5,19,3,2,
bearmountain,BM18,2019,postfire,90,19,11,7,4.55,2,
bearmountain,BM18,2019,postfire,180,10.1,19,5.5,11.2,2,
bearmountain,BM18,2019,prefire,180,10,17,5.5,12.6,2,
bearmountain,BM18,2019,prefire,90,18,20,10,10,2,
bearmountain,BM18,2019,prefire,90,25,25,22,29,2,
bearmountain,BM19,2019,postfire,180,36,42,12.3,12.9,2,
bearmountain,BM19,2019,prefire,180,40.7,46,13,17.9,1,
bearmountain,BM19,2019,prefire,90,30,30,17,12,2,
bearmountain,BM19,2019,prefire,270,20,25,12,11,2,
bearmountain,BM2,2019,prefire,90,13,20,10,73,3,
bearmountain,BM20,2019,postfire,270,20,30,15,0.43,3,
bearmountain,BM20,2019,postfire,180,15,17.5,2,7.95,2,
bearmountain,BM20,2019,postfire,0,16,24,11,11.7,1,
bearmountain,BM20,2019,postfire,0,27,3.5,19.9,9.7,3,
bearmountain,BM20,2019,prefire,270,13,35,12,16.9,1,
bearmountain,BM20,2019,prefire,270,37.4,37.5,1,13.3,1,
bearmountain,BM20,2019,prefire,270,18,18,4.6,9.6,3,
bearmountain,BM20,2019,prefire,270,16,20,12,5.2,2,
bearmountain,BM20,2019,prefire,0,10,30,8,15.2,1,
bearmountain,BM20,2019,prefire,0,13,13,3,6,1,
bearmountain,BM20,2019,prefire,0,52.5,35,12,16,1,
bearmountain,BM20,2019,prefire,180,13,13,10,0.47,4,
bearmountain,BM20,2019,prefire,180,15,50,2,6.3,3,
bearmountain,BM20,2019,prefire,180,8,50,6,9.5,3,
bearmountain,BM21,2019,prefire,0,27,15,8,1.1,,
bearmountain,BM22,2019,prefire,90,10,45,16,6.3,2,
bearmountain,BM22,2019,prefire,270,12,12,11,2.75,3,
bearmountain,BM23,2019,postfire,270,15,16,9,2.52,3,
bearmountain,BM23,2019,prefire,0,16,17,13,2.3,3,
bearmountain,BM23,2019,prefire,90,14,15.4,10.5,2.55,3,
bearmountain,BM23,2019,prefire,90,8.3,46,2.7,13.2,3,
bearmountain,BM23,2019,prefire,90,17,18,15,4.7,2,
bearmountain,BM23,2019,prefire,270,16,16,10.6,3.4,3,
bearmountain,BM23,2019,prefire,270,27,29,22.2,8.4,3,
bearmountain,BM24,2019,postfire,0,9.5,17,7,3.6,2,
bearmountain,BM24,2019,prefire,180,12,15,12,5,1,
bearmountain,BM24,2019,prefire,180,10,22,5,3.6,2,
bearmountain,BM24,2019,prefire,180,9,15,5,6,1,
bearmountain,BM25,2019,postfire,180,40,43.8,35,5.75,3,
bearmountain,BM25,2019,postfire,270,40,28.5,5,28.6,2,
bearmountain,BM25,2019,postfire,270,30,40,29,1.1,3,
bearmountain,BM25,2019,prefire,270,38.6,46,1,27,1,
bearmountain,BM25,2019,prefire,270,37,52,7,28,2,
bearmountain,BM25,2019,prefire,270,13,14,13,2.25,2,
bearmountain,BM25,2019,prefire,270,10,10,10,1,2,
bearmountain,BM25,2019,prefire,180,50,52,7,28,2,
bearmountain,BM26,2019,postfire,0,9,9,5,1.4,2,
bearmountain,BM26,2019,postfire,90,10.5,11,7,2.1,3,
bearmountain,BM26,2019,postfire,270,8.5,8,5,2.2,2,
bearmountain,BM26,2019,prefire,0,33,38,34,10.7,3,
bearmountain,BM26,2019,prefire,270,8,10,3,2,1,
bearmountain,BM26,2019,prefire,90,9.5,20,1,8,2,
bearmountain,BM26,2019,prefire,90,10,8,3,4.2,3,
bearmountain,BM27,2019,postfire,90,10,20,11,1.2,4,
bearmountain,BM27,2019,postfire,270,13,13,10,0.95,3,
bearmountain,BM27,2019,postfire,270,20,14.4,6.2,8.4,3,
bearmountain,BM27,2019,postfire,0,17.3,17.3,5,9.95,3,
bearmountain,BM27,2019,postfire,0,16,14.4,6.2,8.4,3,
bearmountain,BM27,2019,postfire,180,8,8,8,0.38,2,
bearmountain,BM27,2019,postfire,180,18,19,6.5,6.3,2,
bearmountain,BM27,2019,prefire,0,17,49,5,12,3,
bearmountain,BM27,2019,prefire,0,14,49,6,8,3,
bearmountain,BM27,2019,prefire,180,18,19,8,7.2,2,
bearmountain,BM27,2019,prefire,180,19,44,19,15,2,
bearmountain,BM27,2019,prefire,90,18,35,9,13,3,
bearmountain,BM27,2019,prefire,90,20,73,20,7,3,
bearmountain,BM27,2019,prefire,90,12,12,8,1.65,2,
bearmountain,BM27,2019,prefire,270,10,10,5,0.5,3,
bearmountain,BM27,2019,prefire,270,11,49,6,8,3,
bearmountain,BM3,2019,postfire,0,27,39,9,18.6,2,
bearmountain,BM3,2019,postfire,0,11,20,11,15,3,
bearmountain,BM3,2019,postfire,90,35,39,9,18.6,2,
bearmountain,BM3,2019,prefire,90,20,18,11,0.8,3,
bearmountain,BM3,2019,prefire,90,45,87,9,26.1,2,
bearmountain,BM3,2019,prefire,0,31,87,9,26.1,2,
bearmountain,BM3,2019,prefire,180,13,13,11,1.1,4,
bearmountain,BM3,2019,prefire,180,13,21,7.5,9.8,2,
bearmountain,BM4,2019,prefire,180,18,18,15,0.52,2,
bearmountain,BM5,2019,postfire,270,20,20,9,0.65,3,
bearmountain,BM5,2019,postfire,180,10,10,10,0.7,4,
bearmountain,BM5,2019,postfire,180,15,14,14,0.82,4,
bearmountain,BM5,2019,postfire,180,17.4,27,1,10.8,1,
bearmountain,BM5,2019,postfire,180,17,19,13,4.05,1,
bearmountain,BM5,2019,postfire,180,15,15,13,1,4,
bearmountain,BM5,2019,postfire,0,11,11,5,0.35,4,
bearmountain,BM5,2019,postfire,0,10,13,8.5,0.75,4,
bearmountain,BM5,2019,postfire,0,13,10,9,0.27,4,
bearmountain,BM6,2019,postfire,270,12,12,8,0.7,3,
bearmountain,BM6,2019,prefire,270,16,21,1,5.7,1,
bearmountain,BM6,2019,prefire,270,49,27,29,22.9,3,
bearmountain,BM6,2019,prefire,270,19,19,17,4.95,4,
bearmountain,BM7,2019,prefire,270,19.8,20,7,5,2,
bearmountain,BM9,2019,postfire,90,42,33,13,17.1,2,
bearmountain,BM9,2019,postfire,90,18,25,10,12.2,1,
bearmountain,BM9,2019,postfire,0,38,38,22,15.5,3,
bearmountain,BM9,2019,postfire,180,15,13,13,1.67,2, 
bearmountain,BM9,2019,postfire,180,22,25,10,12.2,1,
bearmountain,BM9,2019,postfire,180,37,42,38,15.6,3,
bearmountain,BM9,2019,prefire,180,19,22.5,10,11.5,2,
bearmountain,BM9,2019,prefire,180,22,22.2,9,12.6,2,
bearmountain,BM9,2019,prefire,90,45,50,25,12,2,
bearmountain,BM9,2019,prefire,90,17,22.2,9,12.6,2,
BlissSP,bliss1,2019,prefire,180,27,40,28,3.45,2,
BlissSP,bliss1,2019,prefire,90,35,35,23,2.45,3,
BlissSP,bliss1,2019,prefire,270,125,40,36,5.3,5,
BlissSP,bliss10,2019,prefire,270,18,18.5,6,0.57,4,
BlissSP,bliss10,2019,prefire,270,15,21,4,3,2,
BlissSP,bliss10,2019,prefire,90,28,29,20,1.1,3,
BlissSP,bliss10,2019,prefire,90,24,25,10,5.6,4,
BlissSP,bliss10,2019,prefire,90,33,33,21,2.2,5,
BlissSP,bliss10,2019,prefire,180,112,120,39,18.9,5,
BlissSP,bliss10,2019,prefire,180,11,20,5,1.8,4,
BlissSP,bliss10,2019,prefire,0,15,15,11,4.34,2,
BlissSP,bliss11,2019,prefire,270,17,12,5,1.8,3,
BlissSP,bliss11,2019,prefire,0,11,12.5,2.5,1.7,3,
BlissSP,bliss11,2019,prefire,0,67,70,5,13.4,4,
BlissSP,bliss11,2019,prefire,180,34,34,21,4.84,3,
BlissSP,bliss12,2019,prefire,180,43,76,16,25.8,4,
BlissSP,bliss12,2019,prefire,180,14,14,2,0.61,4,
BlissSP,bliss13,2019,prefire,0,11,1,16,2.4,2,
BlissSP,bliss13,2019,prefire,90,14,70,9,14.8,3,
BlissSP,bliss14,2019,prefire,90,23,45,12,5.7,2,
BlissSP,bliss14,2019,prefire,270,34,52,3,8.8,3,
BlissSP,bliss14,2019,prefire,270,8,9,2,3.8,2,
BlissSP,bliss14,2019,prefire,270,34,57,7,12,3,
BlissSP,bliss14,2019,prefire,270,10,12,7,4.2,3,
BlissSP,bliss14,2019,prefire,270,10,13,7,3.9,3,
BlissSP,bliss14,2019,prefire,270,38,40,11,12.9,2,
BlissSP,bliss14,2019,prefire,180,17,18,11,4.05,3,
BlissSP,bliss14,2019,prefire,180,10.3,29,2.25,8.4,2,
BlissSP,bliss14,2019,prefire,0,12.2,13,12.5,1.1,3,
BlissSP,bliss14,2019,prefire,0,5.5,14.6,5.5,1.12,3,
BlissSP,bliss15,2019,prefire,180,10,13,8.7,4.8,3,
BlissSP,bliss15,2019,prefire,180,21.6,41,16,9.7,4,
BlissSP,bliss15,2019,prefire,180,21.8,21.8,7,0.75,2,from pile burn
BlissSP,bliss15,2019,prefire,180,13,13,12,0.36,4,from pile burn
BlissSP,bliss15,2019,prefire,180,12,22,12,0.42,2,from pile burn
BlissSP,bliss15,2019,prefire,270,17,25,11,7.8,4,
BlissSP,bliss15,2019,prefire,270,36,45,6,7.3,4,
BlissSP,bliss2,2019,prefire,270,21.5,22,21.5,0.2,4,
BlissSP,bliss2,2019,prefire,0,150,160,80,19,5,
BlissSP,bliss2,2019,prefire,180,38,40,35,3,5,
BlissSP,bliss2,2019,prefire,180,34,38,33,2.3,4,
BlissSP,bliss2,2019,prefire,180,10,13,7,1.5,4,
BlissSP,bliss2,2019,prefire,180,15,17,15,1.3,5,
BlissSP,bliss3,2019,prefire,90,27,90,16,19.7,3,
BlissSP,bliss3,2019,prefire,270,30,40,20,41,4,
BlissSP,bliss3,2019,prefire,270,16,80,25,15.1,4,
BlissSP,bliss3,2019,prefire,270,33,50,30,6.8,3,
BlissSP,bliss3,2019,prefire,0,11,11,10,1.3,3,
BlissSP,bliss3,2019,prefire,0,27,27,16,4,3,
BlissSP,bliss3,2019,prefire,180,25,25,3,5.3,3,
BlissSP,bliss3,2019,prefire,180,12,13,12,2,3,
BlissSP,bliss3,2019,prefire,180,70,200,70,7.1,3,
BlissSP,bliss3,2019,prefire,180,90,78,65,3.5,4,
BlissSP,bliss3,2019,prefire,180,11,15,15,2.3,3,
BlissSP,bliss4,2019,prefire,180,40,51,13,7.1,3,
BlissSP,bliss4,2019,prefire,180,80,82,79,3.9,3,
BlissSP,bliss4,2019,prefire,180,44,70,28,8.3,3,
BlissSP,bliss4,2019,prefire,90,8,10,1,1.9,4,
BlissSP,bliss4,2019,prefire,90,35,70,28,18.3,3,
BlissSP,bliss4,2019,prefire,90,10,11,10,0.9,4,
BlissSP,bliss4,2019,prefire,270,30,40,34,3.2,3,
BlissSP,bliss4,2019,prefire,270,11,11,9,0.95,3,
BlissSP,bliss5,2019,prefire,0,70,110,30,11.6,4,
BlissSP,bliss5,2019,prefire,270,40,40,32,2.75,4,
BlissSP,bliss5,2019,prefire,270,50,53,30,10.15,3,
BlissSP,bliss5,2019,prefire,90,40,40,37,3,3,
BlissSP,bliss5,2019,prefire,90,20,22,18,0.49,1,
BlissSP,bliss5,2019,prefire,90,27,27,27,0.7,2,
BlissSP,bliss5,2019,prefire,90,28,30,26,2.27,2,
BlissSP,bliss5,2019,prefire,90,9,19,9,0.23,4,
BlissSP,bliss5,2019,prefire,90,20,20,19,0.64,3,
BlissSP,bliss6,2019,prefire,90,38,42,38,2.85,3,
BlissSP,bliss6,2019,prefire,90,17.4,20.9,11,3.1,3,
BlissSP,bliss6,2019,prefire,90,9,9,9,0.66,3,
BlissSP,bliss6,2019,prefire,90,9,12,5.5,1.55,3,
BlissSP,bliss6,2019,prefire,270,10,10,10,0.45,3,
BlissSP,bliss6,2019,prefire,270,13,13,12,2.45,3,
BlissSP,bliss6,2019,prefire,270,70,70,67,2.5,3,
BlissSP,bliss6,2019,prefire,270,68,80,68,7.1,3,
BlissSP,bliss6,2019,prefire,270,9.1,9.1,8.8,1.75,3,
BlissSP,bliss6,2019,prefire,270,13,13,6.1,1.3,3,
BlissSP,bliss6,2019,prefire,270,15,15,7.2,1.3,3,
BlissSP,bliss6,2019,prefire,0,70,95,55,2.04,2,
BlissSP,bliss6,2019,prefire,0,60,72,60,0.6,3,
BlissSP,bliss6,2019,prefire,0,85,62,55,1.95,3,
BlissSP,bliss6,2019,prefire,0,52,53,42,3.05,3,
BlissSP,bliss6,2019,prefire,0,10,10,8,0.6,3,
BlissSP,bliss6,2019,prefire,0,15,14,11,1.3,3,
BlissSP,bliss6,2019,prefire,180,90,180,90,2.09,5,
BlissSP,bliss7,2019,prefire,270,21.5,24,3,7,4,
BlissSP,bliss7,2019,prefire,270,18,25,11,1.2,4,charred
BlissSP,bliss7,2019,prefire,270,23,25,9,0.54,3,charred
BlissSP,bliss7,2019,prefire,270,12.5,19,5,2.8,4,
BlissSP,bliss7,2019,prefire,0,30,38,30,3.1,5,
BlissSP,bliss7,2019,prefire,0,6,6,3,1.5,3,
BlissSP,bliss7,2019,prefire,180,62,80,58,5.1,5,
BlissSP,bliss7,2019,prefire,180,12,19,5,2.8,4,
BlissSP,bliss8,2019,prefire,270,9,9,9,0.4,3,
BlissSP,bliss8,2019,prefire,90,10,10,10,0.92,3,
BlissSP,bliss8,2019,prefire,90,11,11,11,0.3,3,
BlissSP,bliss8,2019,prefire,90,35,40,35,3,4,
BlissSP,bliss8,2019,prefire,90,15,15,15,1.5,4,
BlissSP,bliss8,2019,prefire,180,17,20,7,4.5,3,
BlissSP,bliss8,2019,prefire,0,15,27,14,3.5,2,
BlissSP,bliss8,2019,prefire,0,13,14,10,0.4,3,charred
BlissSP,bliss9,2019,prefire,0,29,30,25,5.9,4,
BlissSP,bliss9,2019,prefire,0,15,15,10,3.4,4,
BlissSP,bliss9,2019,prefire,0,40,40,20,1.25,3,
BlissSP,bliss9,2019,prefire,180,6,9,6,4.3,4,
BlissSP,bliss9,2019,prefire,270,26,50,26,9.3,3,
BlissSP,bliss9,2019,prefire,270,31,60,31,12.4,3,
BlissSP,bliss9,2019,prefire,270,28,36,28,3.9,3,
BlissSP,bliss9,2019,prefire,270,19,19,10,0.43,4,
BlissSP,bliss9,2019,prefire,90,25,25,9,7.9,3,
BlissSP,bliss9,2019,prefire,90,13.2,20,12,4.6,3,
BurtonSP,burton1,2019,prefire,0,47,50,29,2.3,5,
BurtonSP,burton1,2019,prefire,0,28,30,10,3.4,4,
BurtonSP,burton1,2019,prefire,90,30,15,12,3.5,4,
BurtonSP,burton1,2019,prefire,270,65,70,65,4.1,5,
BurtonSP,burton1,2019,prefire,270,20,40,20,5.4,3,
BurtonSP,burton10,2019,prefire,90,13,18,19,4.1,2,
BurtonSP,burton10,2019,prefire,90,17,30,14,12,2,
BurtonSP,burton10,2019,prefire,0,23,30,14,12,2,
BurtonSP,burton10,2019,prefire,180,45,72,15,24,3,
BurtonSP,burton10,2019,postfire,180,34,72,15,3,3,partially burned
BurtonSP,burton11,2019,prefire,180,70,70,24,14.4,5,
BurtonSP,burton11,2019,prefire,90,60,70,24,14.4,5,
BurtonSP,burton11,2019,prefire,270,21,20,13,0.59,3,
BurtonSP,burton11,2019,prefire,270,21,21,15,1,5,
BurtonSP,burton12,2019,prefire,90,29,14,22,13,2,
BurtonSP,burton12,2019,prefire,90,10,19,6,3.5,5,
BurtonSP,burton12,2019,prefire,270,12,13,1.5,4.2,3,
BurtonSP,burton12,2019,prefire,0,23,42,8,10,2,
BurtonSP,burton12,2019,prefire,0,12,13,8,6,3,
BurtonSP,burton12,2019,prefire,180,15,17,12,1,3,
BurtonSP,burton12,2019,prefire,180,23,41,9,15,2,
BurtonSP,burton12,2019,prefire,180,12,14,5,5,3,
BurtonSP,burton13,2019,prefire,90,50,60,57,1.6,3,
BurtonSP,burton13,2019,prefire,90,63,55,40,1.7,3,
BurtonSP,burton13,2019,prefire,270,20,25,18,2.3,3,
BurtonSP,burton13,2019,prefire,270,18,18,17,0.75,4,
BurtonSP,burton13,2019,prefire,0,20,35,15,9,3,
BurtonSP,burton13,2019,prefire,0,15,85,10,11,4,
BurtonSP,burton13,2019,prefire,0,25,85,20,10,4,
BurtonSP,burton13,2019,prefire,0,49,49,40,3,4,
BurtonSP,burton13,2019,prefire,180,24,28,9,5,2,
BurtonSP,burton13,2019,prefire,180,10,15,1,7,2,
BurtonSP,burton13,2019,prefire,180,26,31,26,3,4,
BurtonSP,burton13,2019,prefire,180,25,65,20,13,3,
BurtonSP,burton14,2019,prefire,0,10,11,8,0.44,3,
BurtonSP,burton14,2019,prefire,0,10,10,10,0.36,3,
BurtonSP,burton14,2019,prefire,0,8,7,5,0.37,4,
BurtonSP,burton14,2019,prefire,270,8.5,9,5,0.8,3,
BurtonSP,burton14,2019,prefire,270,8,10,8,1.1,2,
BurtonSP,burton14,2019,prefire,270,10,10,5,1.2,2,
BurtonSP,burton14,2019,prefire,270,9,9,5,1.8,2,
BurtonSP,burton14,2019,postfire,na,na,na,na,na,na,100% consumed
BurtonSP,burton15,2019,prefire,90,29,32,19,3.2,5,
BurtonSP,burton15,2019,prefire,270,32.4,39,9,13.6,3,
BurtonSP,burton15,2019,prefire,270,10,11,6,0.75,3,
BurtonSP,burton15,2019,prefire,270,9,11,9,2.5,5,
BurtonSP,burton15,2019,prefire,0,20,20,8,1.6,5,
BurtonSP,burton15,2019,prefire,0,60,65,42,16,3,
BurtonSP,burton15,2019,prefire,180,30,27,25,1.2,3,
BurtonSP,burton15,2019,prefire,180,9,11,7,3.2,3,
BurtonSP,burton16,2019,prefire,270,36,48,36,1.5,5,
BurtonSP,burton16,2019,prefire,270,11,23,11,0.25,3,
BurtonSP,burton16,2019,prefire,270,8,13,8,1.2,4,
BurtonSP,burton16,2019,prefire,270,8,8,8,0.65,4,
BurtonSP,burton16,2019,prefire,0,9,12,3,0.34,4,
BurtonSP,burton16,2019,prefire,180,53,90,20,1,5,
BurtonSP,burton17,2019,prefire,0,10,17,10,0.51,4,
BurtonSP,burton17,2019,prefire,180,13,21,1,1.33,2,
BurtonSP,burton17,2019,prefire,90,70,110,37,5,5,
BurtonSP,burton17,2019,prefire,270,25,30,25,3,3,
BurtonSP,burton17,2019,prefire,270,16,20,16,0.75,4,
BurtonSP,burton17,2019,prefire,270,20,20,5,3.5,3,
BurtonSP,burton18,2019,prefire,90,12,12,2,5,3,
BurtonSP,burton18,2019,prefire,90,17,24,10,5.9,3,
BurtonSP,burton18,2019,prefire,90,14,12,10,2.4,4,
BurtonSP,burton18,2019,prefire,90,12,18,12,3.2,4,
BurtonSP,burton18,2019,prefire,90,16,16,11,4.7,4,
BurtonSP,burton18,2019,prefire,90,26,26,18,1.1,5,
BurtonSP,burton18,2019,prefire,0,70,70,40,3,5,
BurtonSP,burton18,2019,prefire,0,18,55,10,17,4,
BurtonSP,burton18,2019,prefire,0,20,35,20,4,4,
BurtonSP,burton18,2019,prefire,0,46,44,40,1.5,5,
BurtonSP,burton18,2019,prefire,0,32,35,20,5,3,
BurtonSP,burton18,2019,prefire,0,35,56,48,4,4,
BurtonSP,burton18,2019,prefire,0,11,30,6,9,3,
BurtonSP,burton19,2019,prefire,0,42,45,42,12,4,
BurtonSP,burton19,2019,prefire,270,35,35,24,0.5,4,
BurtonSP,burton19,2019,prefire,90,44,45,42,12,4,
BurtonSP,burton2,2019,prefire,270,10,10,22,0.7,5,
BurtonSP,burton2,2019,prefire,0,9,9,4,0.24,4,
BurtonSP,burton2,2019,prefire,0,16,17,7,0.32,4,
BurtonSP,burton2,2019,prefire,180,11,11,11,0.26,5,
BurtonSP,burton2,2019,prefire,180,33,41,10,12.55,4,
BurtonSP,burton2,2019,prefire,180,10,14,9,3,3,
BurtonSP,burton2,2019,prefire,180,50,50,31,8.3,4,
BurtonSP,burton2,2019,prefire,180,36,37,21,3.6,5,
BurtonSP,burton20,2019,prefire,0,23,27,3,1.3,2,
BurtonSP,burton20,2019,prefire,0,15,20,5,0.34,3,
BurtonSP,burton20,2019,prefire,0,70,60,30,1.5,5,
BurtonSP,burton20,2019,prefire,0,27,13,11,1,5,
BurtonSP,burton20,2019,prefire,270,27,52,30,7,4,
BurtonSP,burton20,2019,prefire,270,43,43,25,4.2,3,
BurtonSP,burton21,2019,prefire,90,60,63,23,4.4,5,
BurtonSP,burton21,2019,prefire,270,41,120,18,5.9,4,
BurtonSP,burton21,2019,prefire,270,60,60,52,2.5,4,
BurtonSP,burton21,2019,prefire,0,51,50,35,3.15,4,
BurtonSP,burton21,2019,prefire,0,40,80,30,3.5,5,
BurtonSP,burton22,2019,prefire,0,11.5,30,1,15.8,1,
BurtonSP,burton22,2019,prefire,180,65,90,38,10.1,5,
BurtonSP,burton22,2019,prefire,180,28,29,25,2.6,3,
BurtonSP,burton22,2019,prefire,180,10,18,10,0.3,3,
BurtonSP,burton22,2019,prefire,180,19,23,18,1.7,3,
BurtonSP,burton22,2019,prefire,180,28,32,20,5,3,
BurtonSP,burton22,2019,prefire,180,10,22,10,5.3,3,
BurtonSP,burton22,2019,prefire,90,12,15,5,4.5,2,
BurtonSP,burton22,2019,prefire,270,15,22,10,5.3,3,
BurtonSP,burton24,2019,prefire,0,8,7,6,0.8,5,
BurtonSP,burton24,2019,prefire,0,17,17,11,1.3,3,
BurtonSP,burton3,2019,prefire,0,25,30,5,19.5,3,
BurtonSP,burton3,2019,prefire,0,18.7,23,14,4.4,3,
BurtonSP,burton3,2019,prefire,0,13,13,7,2.3,3,
BurtonSP,burton3,2019,prefire,0,18,7,10,13.4,1,
BurtonSP,burton3,2019,prefire,180,12.5,47,2.5,19.7,3,
BurtonSP,burton3,2019,prefire,180,16,40,10,18.2,3,
BurtonSP,burton3,2019,prefire,90,17,55,5,18.4,3,
BurtonSP,burton3,2019,prefire,90,15,21,7,13.8,3,
BurtonSP,burton3,2019,prefire,90,16,15,12,12.2,4,
BurtonSP,burton3,2019,prefire,90,15,40,15,20.4,3,
BurtonSP,burton3,2019,prefire,90,20,29,11,12.4,3,
BurtonSP,burton3,2019,prefire,90,25,47,2.5,19.7,3,
BurtonSP,burton3,2019,prefire,90,17,15,4,21.9,3,
BurtonSP,burton3,2019,prefire,90,15,30,6,20,3,
BurtonSP,burton3,2019,prefire,90,20,50,8,20.5,3,
BurtonSP,burton3,2019,prefire,90,20,40,10,18.2,3,
BurtonSP,burton3,2019,prefire,270,18,30,6,17.9,3,
BurtonSP,burton6,2019,prefire,180,26,30,26,1.93,5,
BurtonSP,burton6,2019,prefire,90,30,22,15,4.8,4,
BurtonSP,burton6,2019,prefire,270,10,6,4,4.9,3,
BurtonSP,burton6,2019,prefire,270,15,60,12,18.6,4,
BurtonSP,burton6,2019,prefire,270,15,15,5,3.5,3,
BurtonSP,burton6,2019,prefire,270,13,13,5,6.05,3,
BurtonSP,burton6,2019,prefire,270,38,30,15,4.8,5,
BurtonSP,burton7,2019,prefire,0,24,46,1,15.2,2,
BurtonSP,burton7,2019,prefire,180,8,12,1,7.1,2,
BurtonSP,burton7,2019,postfire,na,na,na,na,na,na,100% consumed
BurtonSP,burton8,2019,prefire,0,16,16,14,2.4,3,
BurtonSP,burton8,2019,prefire,0,14,18,1,9.2,2,
BurtonSP,burton8,2019,prefire,90,13,13,10,3.2,2,
BurtonSP,burton8,2019,prefire,90,18,15,13,1,2,
BurtonSP,burton8,2019,prefire,90,15,10,10,3.65,2,
BurtonSP,burton8,2019,prefire,270,12,19,12,0.94,3,
BurtonSP,burton8,2019,prefire,270,13,18,13,0.75,2,
BurtonSP,burton8,2019,postfire,0,14,18,1,9.2,2,unburned
BurtonSP,burton8,2019,postfire,90,13,13,10,3.2,2,unburned
BurtonSP,burton8,2019,postfire,90,15,15,13,1,2,partially burned
BurtonSP,burton8,2019,postfire,90,15,10,10,3.65,2,"unburned, fuels rearranged by firefighters to jackpot"
BurtonSP,burton8,2019,postfire,270,12,19,12,10,3,"unburned, length more like 10m"
BurtonSP,burton8,2019,postfire,270,13,18,13,0.75,2,unburned
BurtonSP,burton9,2019,prefire,90,10,10,10,0.14,3,
BurtonSP,burton9,2019,postfire,na,na,na,na,na,na,100% consumed
calaveras,BigTrees01,2020,prefire,0,63,60,19,16.4,3,
calaveras,BigTrees01,2020,prefire,270,15.5,23,1,12,3,
calaveras,BigTrees01,2020,prefire,270,14,20,4,6.5,3,
calaveras,BigTrees01,2020,prefire,270,14.5,15.5,13,3.4,5,
calaveras,BigTrees01,2020,prefire,270,13,15,13,1.6,5,
calaveras,BigTrees01,2020,prefire,90,19,14.5,6.5,2,3,
calaveras,BigTrees01,2020,prefire,90,13.5,25,3.5,5.9,3,
calaveras,BigTrees01,2020,prefire,90,9,11,6.5,1.6,3,
calaveras,BigTrees01,2020,prefire,180,45,40,15,15.5,3,
calaveras,BigTrees01,2020,prefire,180,95,80,25,33.5,2,
calaveras,BigTrees01,2020,prefire,180,85,70,40,10,4,
calaveras,BigTrees02,2020,prefire,270,22.8,23,22,1,5,
calaveras,BigTrees02,2020,prefire,270,58,60,43,15.5,2,
calaveras,BigTrees02,2020,prefire,270,20,20,8,3.2,5,
calaveras,BigTrees02,2020,prefire,180,44,50,25,20,5,
calaveras,BigTrees02,2020,prefire,180,16,16,11.1,5.5,3,
calaveras,BigTrees02,2020,prefire,90,18,18,5,3,5,
calaveras,BigTrees03,2020,prefire,180,26,24,18,1.5,3,
calaveras,BigTrees03,2020,prefire,0,24,33,10,11,2,
calaveras,BigTrees03,2020,prefire,0,17,22,1,9,1,
calaveras,BigTrees03,2020,prefire,270,23.6,50,4.5,27,3,
calaveras,BigTrees04,2020,prefire,0,51,41,28.5,6.8,3,
calaveras,BigTrees04,2020,prefire,0,43,57,40,12.7,4,
calaveras,BigTrees04,2020,prefire,0,13.5,48,1,27.3,1,
calaveras,BigTrees04,2020,prefire,0,9,10.5,7.5,0.7,3,
calaveras,BigTrees04,2020,prefire,90,22.5,48,1,27.5,1,
calaveras,BigTrees04,2020,prefire,180,16,16.5,15,1,1,
calaveras,BigTrees04,2020,prefire,180,12,12,10,13,1,
calaveras,BigTrees04,2020,prefire,180,11.5,12,10.5,0.7,1,
calaveras,BigTrees04,2020,prefire,180,19,25,19,0.4,1,
calaveras,BigTrees04,2020,prefire,180,18,3.5,14,10.9,3,
calaveras,BigTrees04,2020,prefire,180,39.5,42,5.5,25.7,3,
calaveras,BigTrees04,2020,prefire,180,21,22,14,9,3,
calaveras,BigTrees04,2020,prefire,180,62,82,19,43.4,4,
calaveras,BigTrees04,2020,prefire,180,23,53,13,15.2,2,
calaveras,BigTrees04,2020,prefire,180,10.5,14,1,4,2,
calaveras,BigTrees04,2020,prefire,180,20,30,23,5.6,4,
calaveras,BigTrees04,2020,prefire,90,18.5,30,23,5.6,4,
calaveras,BigTrees04,2020,prefire,270,18,16.5,12,1,4,
calaveras,BigTrees05,2020,prefire,90,13.5,11,7.5,2.7,3,
calaveras,BigTrees05,2020,prefire,90,52,53.5,45,2.4,2,
calaveras,BigTrees05,2020,prefire,90,70,143.5,60,21.4,2,
calaveras,BigTrees05,2020,prefire,90,13.5,17.5,10,3.1,3,
calaveras,BigTrees05,2020,prefire,90,16.5,15,13,4.3,4,
calaveras,BigTrees05,2020,prefire,180,2.64,2.64,165,14.1,3,
calaveras,BigTrees05,2020,prefire,180,11,12,8,2,3,
calaveras,BigTrees05,2020,prefire,270,17,59.5,5,23.6,2,
calaveras,BigTrees05,2020,prefire,270,10,12.5,5,3.4,3,
calaveras,BigTrees05,2020,prefire,270,13.5,19.5,5.5,7.1,2,
calaveras,BigTrees05,2020,prefire,180,14.5,17,6,0.8,2,
calaveras,BigTrees06,2020,prefire,270,20,36,23,2,5,
calaveras,BigTrees06,2020,prefire,270,10.3,10.3,1.5,4.6,1,
calaveras,BigTrees06,2020,prefire,0,9,9.5,4,1.6,3,
calaveras,BigTrees06,2020,prefire,0,10,9.5,8,0.7,3,
calaveras,BigTrees06,2020,prefire,0,8,9,6.5,1.9,3,
calaveras,BigTrees06,2020,prefire,90,32,34,18,13,1,
calaveras,BigTrees06,2020,prefire,90,27,51.5,26,4.7,3,
calaveras,BigTrees06,2020,prefire,90,52,90,50,18,4,
calaveras,BigTrees06,2020,prefire,180,8.5,49.5,6.5,33.8,3,
calaveras,BigTrees06,2020,prefire,270,8,8,1,3.7,2,
calaveras,BigTrees07,2020,prefire,90,8.8,11,8,6,3,
calaveras,BigTrees07,2020,prefire,0,8.8,11,8,6,3,
calaveras,BigTrees07,2020,prefire,0,18,3.4,18,15,3,
calaveras,BigTrees07,2020,prefire,270,73,93,50,23,4,
calaveras,BigTrees07,2020,prefire,270,75,84,42,23,3,
calaveras,BigTrees07,2020,prefire,270,33,34,8,0.8,5,
calaveras,BigTrees07,2020,prefire,180,75,84,42,23,3,
calaveras,BigTrees08,2020,prefire,90,23.4,30,10,1.2,5,
calaveras,BigTrees08,2020,prefire,0,26,28,20,15,5,
calaveras,BigTrees08,2020,prefire,270,23,24,1.2,15,2,
calaveras,BigTrees09,2020,prefire,0,41,41,29,12,1,
calaveras,BigTrees09,2020,prefire,180,26,30,18,6,2,
calaveras,BigTrees09,2020,prefire,180,22,23,21,1,2,
calaveras,BigTrees09,2020,prefire,180,40,60,8.4,30,4,
calaveras,BigTrees10,2020,prefire,180,23,27,2,10,1,
calaveras,BigTrees10,2020,prefire,90,18,36,10,15,2,
calaveras,BigTrees10,2020,prefire,0,20.5,23,3,7,1,
calaveras,BigTrees10,2020,prefire,0,13,10,3,6,5,
calaveras,BigTrees11,2020,prefire,0,8.2,20,4,10,4,
calaveras,BigTrees11,2020,prefire,180,7.7,30,7.6,11,3,
calaveras,BigTrees11,2020,prefire,270,15,20,5,5,4,
calaveras,BigTrees11,2020,prefire,270,15,20,12,1,3,
calaveras,BigTrees11,2020,prefire,270,18,34,3,12,1,
calaveras,BigTrees12,2020,prefire,270,34,36,23,10,5,
calaveras,BigTrees12,2020,prefire,180,10,13,8,2.2,2,
calaveras,BigTrees12,2020,prefire,180,18,20,9,10,2,
calaveras,BigTrees12,2020,prefire,90,12.4,15,5,7,1,
calaveras,BigTrees12,2020,prefire,0,26,30,15,2.5,3,
calaveras,BigTrees12,2020,prefire,0,12,20,10,7,3,
calaveras,BigTrees12,2020,prefire,0,13,7,2,6,4,
calaveras,BigTrees13,2020,prefire,0,30,43,40,13,5,
calaveras,BigTrees13,2020,prefire,0,15,20,5,8,5,
calaveras,BigTrees13,2020,prefire,0,7,10,7,1,5,
calaveras,BigTrees13,2020,prefire,0,15,18,8,4,5,
calaveras,BigTrees13,2020,prefire,0,27,34,8,4,5,
calaveras,BigTrees13,2020,prefire,270,23,27,18,15,5,
calaveras,BigTrees13,2020,prefire,270,11,15,1,6,2,
calaveras,BigTrees13,2020,prefire,180,11,13,8,5.5,4,
calaveras,BigTrees13,2020,prefire,180,18,23,20,8,5,
calaveras,BigTrees13,2020,prefire,180,18,20,17,3,3,
calaveras,BigTrees13,2020,prefire,180,20.5,26,8,6,1,
calaveras,BigTrees13,2020,prefire,180,21,32,18,15,3,
calaveras,BigTrees13,2020,prefire,90,10,13,3,5.5,4,
calaveras,BigTrees13,2020,prefire,90,15,10,8,6,4,
calaveras,BigTrees13,2020,prefire,90,26,28,5,5,5,
calaveras,BigTrees13,2020,prefire,90,14.3,18,13,7,3,
calaveras,BigTrees13,2020,prefire,90,15,20,2,10,3,
calaveras,BigTrees13,2020,prefire,90,30,43,40,13,5,
calaveras,BigTrees13,2020,prefire,90,13,15,13,7,3,
calaveras,BigTrees13,2020,prefire,90,13,10,18,5,4,
calaveras,BigTrees13,2020,prefire,90,20,25,20,7,5,
calaveras,BigTrees14,2020,prefire,0,17,23.5,12.5,12.71,2,
calaveras,BigTrees14,2020,prefire,0,17,29,1,11.78,1,
calaveras,BigTrees14,2020,prefire,0,11.5,9,6,9.3,4,
calaveras,BigTrees14,2020,prefire,90,32,44,7.5,17.67,2,
calaveras,BigTrees14,2020,prefire,180,13,63,1,21.08,2,
calaveras,BigTrees14,2020,prefire,270,18.5,34,9,18.6,3,
calaveras,BigTrees14,2020,prefire,270,17.5,19.5,8.5,5.6,3,
calaveras,BigTrees14,2020,prefire,270,8,7.5,3,4.3,2,
calaveras,BigTrees14,2020,prefire,270,10,18.5,1,9.3,1,
calaveras,BigTrees14,2020,prefire,270,9.5,9,5.5,2.5,2,
calaveras,BigTrees14,2020,prefire,270,20,26,1,9.3,2,
calaveras,BigTrees15,2020,prefire,90,25,20,10,9,1,
calaveras,BigTrees15,2020,prefire,0,12.4,12.4,9.3,1,5,
calaveras,BigTrees15,2020,prefire,270,8,16,5,6,5,
calaveras,BigTrees17,2020,prefire,270,60,70,30,13,5,
calaveras,BigTrees17,2020,prefire,90,9,23,4.4,1.5,1,
calaveras,BigTrees17,2020,prefire,90,9,4,1.5,1.2,2,
calaveras,BigTrees17,2020,prefire,180,9,4,1.5,1.2,2,
calaveras,BigTrees17,2020,prefire,270,9.3,7,5,3.2,2,
calaveras,BigTrees17,2020,prefire,270,23.7,31.3,11,10,1,
calaveras,BigTrees18,2020,prefire,270,12,12.3,11.5,1,3,
calaveras,BigTrees18,2020,prefire,270,10.2,12,8.4,1.2,2,
calaveras,BigTrees18,2020,prefire,90,50,69,27,13,3,
calaveras,BigTrees18,2020,prefire,90,25,27,25,1,3,
calaveras,BigTrees18,2020,prefire,180,69,75,63,30,3,
calaveras,BigTrees19,2020,prefire,0,7.7,8,7.5,1,2,
calaveras,BigTrees19,2020,prefire,90,15,15,8.4,1.5,5,
calaveras,BigTrees19,2020,prefire,180,10,6.6,3,1.2,4,
calaveras,BigTrees19,2020,prefire,180,25,27,5,3,5,
calaveras,BigTrees19,2020,prefire,180,11,11,10.5,1.5,4,
calaveras,BigTrees19,2020,prefire,180,15,24.5,1,13,2,
calaveras,BigTrees19,2020,prefire,180,80,84,63,32,1,
calaveras,BigTrees19,2020,prefire,270,11.2,13,9.1,3,3,
calaveras,BigTrees20,2020,prefire,0,20,25,12,8,4,
calaveras,BigTrees20,2020,prefire,0,20,21,10,1.5,4,
calaveras,BigTrees20,2020,prefire,90,49.6,73,27,28,1,
calaveras,BigTrees20,2020,prefire,90,20,21,20,1.5,4,
calaveras,BigTrees20,2020,prefire,90,50.5,50,48,2.7,1,
calaveras,BigTrees20,2020,prefire,180,49.6,73,27,28,1,
calaveras,BigTrees20,2020,prefire,180,15,15,3.6,6,1,
calaveras,BigTrees20,2020,prefire,270,9.3,9.8,7.5,1,3,
calaveras,BigTrees21,2020,prefire,270,66,70,36,25,5,
calaveras,BigTrees21,2020,prefire,270,13.7,12.4,3.6,4,1,
calaveras,BigTrees21,2020,prefire,270,36,42,7,8,3,
calaveras,BigTrees21,2020,prefire,270,10,6,5,0.8,1,
calaveras,BigTrees21,2020,prefire,0,30,33,5,7.5,5,
calaveras,BigTrees21,2020,prefire,90,23.4,25,4.5,10,1,
calaveras,BigTrees21,2020,prefire,90,12.5,9,5,2.5,2,
calaveras,BigTrees21,2020,prefire,180,12.5,9,5,2.5,2,
calaveras,BigTrees22,2020,prefire,180,10,11,8,1.1,3,
calaveras,BigTrees22,2020,prefire,0,11.5,16,5.5,20.1,1,
calaveras,BigTrees22,2020,prefire,0,110,180,50,53,4,
calaveras,BigTrees22,2020,prefire,0,22,24,27,3.1,2,
calaveras,BigTrees22,2020,prefire,270,100,180,50,53,4,
calaveras,BigTrees22,2020,prefire,270,18,19,17,1.2,2,
calaveras,BigTrees22,2020,prefire,270,11,18.7,1.5,5,1,
calaveras,BigTrees22,2020,prefire,270,9.5,7,9.5,2.7,2,
calaveras,BigTrees22,2020,prefire,270,11,14,3,4.4,2,
calaveras,BigTrees22,2020,prefire,270,19.5,19,17,0.7,3,
calaveras,BigTrees22,2020,prefire,180,17,18.7,1.5,5,1,
calaveras,BigTrees23,2020,prefire,90,15.4,32,3,18,2,
calaveras,BigTrees23,2020,prefire,90,33,36,13,13,2,
calaveras,BigTrees24,2020,prefire,270,34,35,20,1.4,4,
calaveras,BigTrees24,2020,prefire,270,16,29,7,1.1,5,
calaveras,BigTrees24,2020,prefire,270,33,45,10,15,5,
calaveras,BigTrees24,2020,prefire,270,14,20,14,0.85,1,
calaveras,BigTrees24,2020,prefire,0,11,11,4,3.5,2,
calaveras,BigTrees24,2020,prefire,180,10,12,9,0.8,1,
calaveras,BigTrees24,2020,prefire,180,9,10,5,0.6,1,
calaveras,BigTrees24,2020,prefire,180,43,85,29,65,4,
calaveras,BigTrees24,2020,prefire,180,40,47,10,19,1,
calaveras,BigTrees24,2020,prefire,90,13,15.5,11,2.2,3,
calaveras,BigTrees24,2020,prefire,90,53,80,20,46.8,2,
calaveras,BigTrees24,2020,prefire,90,27,31,5,6.8,3,
calaveras,BigTrees24,2020,prefire,90,10,11.5,5,2.8,3,
calaveras,BigTrees24,2020,prefire,90,55,85,33,65,3,
calaveras,BigTrees24,2020,prefire,90,51,47,10,19,3,
calaveras,BigTrees25,2020,prefire,180,86,130,36,47,3,
calaveras,BigTrees25,2020,prefire,180,110,130,35,47,3,
calaveras,BigTrees25,2020,prefire,180,11,15,10,1.7,1,
calaveras,BigTrees25,2020,prefire,180,22,27,14,1.34,2,
calaveras,BigTrees25,2020,prefire,180,8.9,8.5,8,1,1,
calaveras,BigTrees25,2020,prefire,180,14,14,12,0.9,2,
calaveras,BigTrees25,2020,prefire,180,10,10,8,1,1,
calaveras,BigTrees25,2020,prefire,180,11,11,9,1.1,1,
calaveras,BigTrees25,2020,prefire,180,8,9,5,1,4,
calaveras,BigTrees25,2020,prefire,270,130,130,36,47,3,
calaveras,BigTrees25,2020,prefire,270,20,21,19,2.2,3,
calaveras,BigTrees25,2020,prefire,90,11,11,4,1.9,2,
calaveras,BigTrees25,2020,prefire,90,80,130,36,47,3,
calaveras,BigTrees25,2020,prefire,0,21,22,19,1,3,
calaveras,BigTrees25,2020,prefire,0,9,10,8.5,0.9,2,
calaveras,BigTrees25,2020,prefire,0,10,9.5,9,0.3,2,
calaveras,BigTrees25,2020,prefire,0,10,13.5,10,0.3,2,
calaveras,BigTrees25,2020,prefire,0,74,130,36,47,3,
calaveras,BigTrees25,2020,prefire,0,10.5,12,7.5,1.9,2,
calaveras,BigTrees25,2020,prefire,270,8,12,7.5,1.9,2,
calaveras,BigTrees25,2020,prefire,270,9,10.5,8,2,3,
calaveras,BigTrees25,2020,prefire,270,47,44,32,0.9,3,
calaveras,BigTrees27,2020,prefire,90,10.5,12.5,1,3.7,1,
calaveras,BigTrees27,2020,prefire,180,25.5,35.5,59,27.9,3,
calaveras,BigTrees27,2020,prefire,270,27.5,59,35.5,27.9,3,
calaveras,BigTrees27,2020,prefire,180,11,11,6,2.5,3,
calaveras,BigTrees27,2020,prefire,0,20.5,43,14.5,13.3,3,
calaveras,BigTrees28,2020,prefire,90,14.5,15,4.2,2,3,
calaveras,BigTrees28,2020,prefire,90,17.3,21,18,2,4,
calaveras,BigTrees28,2020,prefire,90,22,23,3.6,2.5,4,
calaveras,BigTrees28,2020,prefire,90,16.8,22,11.1,7,1,
calaveras,BigTrees28,2020,prefire,180,16.8,22,11.1,7,1,
calaveras,BigTrees28,2020,prefire,180,33.6,34,20,10,1,
calaveras,BigTrees28,2020,prefire,270,32,63,5.6,3,5,
calaveras,BigTrees28,2020,prefire,270,11.1,13,11,2,3,
calaveras,BigTrees28,2020,prefire,270,25,33.4,3,20,1,
calaveras,BigTrees28,2020,prefire,0,25,33.4,3,20,1,
calaveras,BigTrees29,2020,prefire,270,80,130,50,35,3,
calaveras,BigTrees29,2020,prefire,270,58,72,26,44.95,3,
calaveras,BigTrees29,2020,prefire,0,28,46.5,18,13.6,2,
calaveras,BigTrees29,2020,prefire,0,10.5,10,8.5,0.7,3,
calaveras,BigTrees29,2020,prefire,0,10,12,9,0.9,3,
calaveras,BigTrees29,2020,prefire,0,9.5,13.5,8,0.6,3,
calaveras,BigTrees29,2020,prefire,180,30,82,8.5,40,3,
calaveras,BigTrees30,2020,prefire,180,9.3,25,1,11,1,
calaveras,BigTrees30,2020,prefire,180,25,26,20,5,5,
calaveras,BigTrees30,2020,prefire,90,22,20,18,3,3,
calaveras,BigTrees30,2020,prefire,90,22,22,20,3.5,2,
calaveras,BigTrees30,2020,prefire,90,9.3,25,1,11,1,
calaveras,BigTrees30,2020,prefire,0,20,24.6,19,3.5,1,
calaveras,BigTrees30,2020,prefire,270,12.4,26,3,18,1,
calaveras,BigTrees30,2020,prefire,270,69,105,45,37,1,
calaveras,BigTrees30,2020,prefire,270,67.8,101,20,45,1,
calaveras,BigTrees31,2020,prefire,180,18,23,13,4,5,
calaveras,BigTrees32,2020,prefire,0,23.5,37,1,20.3,2,
calaveras,BigTrees32,2020,prefire,0,8.5,10,5,2.9,2,
calaveras,BigTrees32,2020,prefire,0,14.5,18,11.5,4.3,2,
calaveras,BigTrees32,2020,prefire,270,19,36.5,11.5,11.6,3,
calaveras,BigTrees32,2020,prefire,270,23,21,3,0.3,4,
calaveras,BigTrees32,2020,prefire,270,18,25,14.5,5.6,2,
calaveras,BigTrees32,2020,prefire,270,26,29.5,17.5,6.4,2,
calaveras,BigTrees32,2020,prefire,270,17,16.5,1,12.6,2,
calaveras,BigTrees32,2020,prefire,270,29,36.5,4.5,15.8,2,
calaveras,BigTrees32,2020,prefire,270,18,16,14,4,2,
calaveras,BigTrees32,2020,prefire,180,48.5,46,33,10.8,2,
calaveras,BigTrees32,2020,prefire,180,16,16,14,4,2,
calaveras,BigTrees32,2020,prefire,180,19.5,22,21,9.9,4,
calaveras,BigTrees32,2020,prefire,180,15.5,8.5,14,9,4,
calaveras,BigTrees32,2020,prefire,90,8.5,12,3.5,5.3,2,
calaveras,BigTrees32,2020,prefire,90,11.5,56,1,11.9,1,
calaveras,BigTrees32,2020,prefire,90,10,14,5.5,4,1,
calaveras,BigTrees33,2020,prefire,90,55,50,10.5,22,2,
calaveras,BigTrees33,2020,prefire,0,22,5.5,3,8,1,
calaveras,BigTrees34,2020,prefire,0,48.5,93,33,39.4,2,
calaveras,BigTrees34,2020,prefire,0,35.5,65.5,34,17.1,4,
calaveras,BigTrees34,2020,prefire,0,12.5,17.5,12,3.4,3,
calaveras,BigTrees34,2020,prefire,0,8,10.5,7,3.7,3,
calaveras,BigTrees34,2020,prefire,0,15.5,16,9,1.9,3,
calaveras,BigTrees34,2020,prefire,90,11,17.5,2,9.3,2,
calaveras,BigTrees34,2020,prefire,90,56,73.5,56,1,5,
calaveras,BigTrees34,2020,prefire,90,17.5,30,1,12.7,2,
calaveras,BigTrees34,2020,prefire,180,75,87,60,11.2,5,
calaveras,BigTrees34,2020,prefire,270,8.5,12,7,4.2,3,
calaveras,BigTrees34,2020,prefire,270,8,9,7,1.9,3,
calaveras,BigTrees34,2020,prefire,270,12.5,10,5,1.6,3,
calaveras,BigTrees34,2020,prefire,270,11,11,10.5,1.1,3,
calaveras,BigTrees35,2020,prefire,na,na,na,na,na,na,
calaveras,BigTrees36,2020,prefire,270,20,24.5,1,6.5,1,
calaveras,BigTrees36,2020,prefire,270,16.5,21.5,5,12.9,3,
calaveras,BigTrees36,2020,prefire,270,65,117,42,36.7,3,
caples,Caples02,2020,postfire,0,30,32,18.5,2.8,2,
caples,Caples03,2020,postfire,0,no cwd,,,,,:)
caples,Caples04,2020,postfire,180,9,12.3,6,5,4,
caples,Caples04,2020,postfire,270,48,28,6.5,15,5,
caples,Caples04,2020,postfire,90,11.1,4.4,2.7,1.3,5,
caples,Caples115,2020,postfire,0,no cwd,,,,,
caples,Caples125,2020,postfire,0,no cwd,,,,,
caples,Caples126,2020,postfire,90,19,18,17.5,1.1,4,abco
caples,Caples126,2020,postfire,90,17,14,13,1.3,3,abco
caples,Caples126,2020,postfire,90,10.5,14.5,4,4.7,3,abco
caples,Caples126,2020,postfire,180,11,24,1,7.1,3,abco
caples,Caples126,2020,postfire,270,15.5,19.5,7,4.3,3,abco
caples,Caples127,2020,postfire,0,10.5,11,3,3.4,4,ab
caples,Caples127,2020,postfire,0,12,14,6.5,1.9,5,ab
caples,Caples127,2020,postfire,90,21,26,15.5,2.5,4,ab
caples,Caples127,2020,postfire,180,16,16,13,0.5,4,ab
caples,Caples128,2020,postfire,0,42,49.5,27.5,18,4,
caples,Caples128,2020,postfire,90,11.5,17,4.5,6.5,4,
caples,Caples128,2020,postfire,90,16,16,1,6.2,2,
caples,Caples128,2020,postfire,180,6.5,16,1,6.2,2,
caples,Caples128,2020,postfire,180,22.5,49,1,18,2,
caples,Caples128,2020,postfire,270,23.5,27.5,9.5,9.3,3,
caples,Caples128,2020,postfire,270,56,44,55,2.5,5,
caples,Caples13,2020,postfire,0,9.6,8.7,4.2,3.6,4,
caples,Caples13,2020,postfire,90,55,7.5,7.3,18.4,4,
caples,Caples14,2020,postfire,0,no cwd,,,,,
caples,Caples15,2020,postfire,270,21.5,34,4.5,9.5,1,
caples,Caples15,2020,postfire,270,21.5,34,4.5,9.5,1,
caples,Caples16,2020,postfire,180,18,9,8,3,4,abco
caples,Caples16,2020,postfire,270,18,18.5,7.6,2.5,5,abco
caples,Caples16,2020,postfire,270,39,25,13,2.5,4,abco
caples,Caples16,2020,postfire,270,40,42,8,11,5,abco
caples,Caples16,2020,postfire,270,45,25,3,8.4,5,abco
caples,Caples16,2020,postfire,0,19,15,23.5,1.6,3,
caples,Caples16,2020,postfire,0,60,90,23.5,32,5,abco
caples,Caples17,2020,postfire,180,21,50,11.2,15,3,abco
caples,Caples17,2020,postfire,270,21,50,11.2,15,3,abco
caples,Caples17,2020,postfire,270,8.2,11.5,0.3,3.5,4,abco
caples,Caples17,2020,postfire,270,26,12,8,2,4,abco
caples,Caples17,2020,postfire,0,20.5,23,20,3.5,4,abco
caples,Caples17,2020,postfire,0,19.6,19.6,2,7.3,3,abco
caples,Caples17,2020,postfire,0,15,18,5,2.3,5,abco
caples,Caples17,2020,postfire,0,7.3,7,5,2,4,abco
caples,Caples17,2020,postfire,0,7.7,9.5,7.3,1.2,3,abco
caples,Caples17,2020,postfire,0,33,34,30,2.4,4,abco
caples,Caples19,2020,postfire,0,no cwd,,,,,:)
caples,Caples20,2020,postfire,180,20,14,5,0.8,3,
caples,Caples21,2020,postfire,180,9,24,8,5,3,
caples,Caples27,2020,postfire,180,42,28,12,1.5,3,
caples,Caples28,2020,postfire,180,9.3,9,8.4,1,3,
caples,Caples29,2020,postfire,90,18,34,0.5,5,1,
caples,Caples29,2020,postfire,270,22.8,18,3,1.5,5,
caples,Caples32,2020,postfire,180,18,14,3.6,5,5,
caples,Caples75,2020,postfire,90,12,17,9,15,5,
caples,Caples76,2020,postfire,90,7.1,8.4,7.3,5,5,
caples,Caples76,2020,postfire,90,11.5,12,11.2,10.1,3,
caples,Caples76,2020,postfire,90,5.4,7.7,5.6,13,3,
caples,Caples76,2020,postfire,90,7.5,6.9,0.5,11,5,
caples,Caples76,2020,postfire,90,9,11.7,4.2,16,3,
caples,Caples76,2020,postfire,270,4,3.7,0.5,4.5,4,
caples,Caples76,2020,postfire,270,12.4,16.4,11.2,20,4,
caples,Caples76,2020,postfire,270,7.3,8.2,3.2,7,5,
caples,Caples77,2020,postfire,180,15.5,21.2,14,2.5,3,
caples,Caples77,2020,postfire,180,11.5,13,8.5,1.8,3,
caples,Caples77,2020,postfire,0,10,12.5,7,1.9,3,
caples,Caples77,2020,postfire,0,9.5,9.5,2,2.5,2,
caples,Caples77,2020,postfire,0,9.5,11,10.5,2.7,2,
caples,Caples77,2020,postfire,0,27.5,67,17.5,9.9,2,
caples,Caples77,2020,postfire,90,53,60,52,7.8,3,
DryCreek,DryCreek21,2020,prefire,na,na,na,na,na,na,
DryCreek,DryCreek22,2020,prefire,90,90,125,53,25.7,4,
DryCreek,DryCreek22,2020,prefire,0,8,8,11,1.7,2,
DryCreek,DryCreek22,2020,prefire,0,18,32,5.5,15,2,
DryCreek,DryCreek22,2020,prefire,270,11.5,12,8,1.6,3,
DryCreek,DryCreek23,2020,prefire,0,14.5,31,12.5,10.2,2,
DryCreek,DryCreek23,2020,prefire,270,19,31,12.5,10.2,2,
DryCreek,DryCreek24,2020,prefire,na,na,na,na,na,na,
DryCreek,DryCreek25,2020,prefire,na,na,na,na,na,na,
DryCreek,DryCreek26,2020,prefire,180,11.5,13.5,4,2.3,2,
DryCreek,DryCreek26,2020,prefire,180,12,22,10,4.7,2,
DryCreek,DryCreek26,2020,prefire,180,9,13,10,1.4,2,
DryCreek,DryCreek27,2020,prefire,na,na,na,na,na,na,
DryCreek,DryCreek28,2020,prefire,0,12,13,11,1.2,4,
DryCreek,DryCreek28,2020,prefire,90,9.5,10,8.7,1.2,2,
DryCreek,DryCreek28,2020,prefire,90,10.2,18,10.2,2.4,3,
DryCreek,DryCreek29,2020,prefire,0,95,135,11,35.7,5,
DryCreek,DryCreek29,2020,prefire,90,12,14.5,7,1.2,4,
DryCreek,DryCreek29,2020,prefire,90,17,9,8,39.1,4,
DryCreek,DryCreek29,2020,prefire,90,10,9,7,39.1,4,
DryCreek,DryCreek29,2020,prefire,90,8,9,1,39.1,4,
DryCreek,DryCreek29,2020,prefire,90,12,9,2.5,39.1,4,
DryCreek,DryCreek29,2020,prefire,90,17,2,1,1.9,3,
DryCreek,DryCreek29,2020,prefire,90,19,9,2,40,4,
DryCreek,DryCreek29,2020,prefire,90,13,9,2,39.1,4,
DryCreek,DryCreek29,2020,prefire,90,14,9,2,39.1,4,
DryCreek,DryCreek29,2020,prefire,90,8,9,2,39.1,4,
DryCreek,DryCreek29,2020,prefire,270,30,11.5,10,4,3,
DryCreek,DryCreek29,2020,prefire,270,72,23,9,1.5,3,
DryCreek,DryCreek30,2020,prefire,90,9.3,10,5.4,1.8,1,
DryCreek,DryCreek31,2020,prefire,270,13.6,8,6,1,4,
DryCreek,DryCreek31,2020,prefire,270,11,14,5,1.2,4,
DryCreek,DryCreek31,2020,prefire,270,9.6,9.8,7.3,1.5,2,
DryCreek,DryCreek31,2020,prefire,270,1,8.9,8.4,1.8,4,
DryCreek,DryCreek31,2020,prefire,270,10.5,8.4,4,1.1,4,
DryCreek,DryCreek31,2020,prefire,270,9,11.5,6,0.8,3,
DryCreek,DryCreek31,2020,prefire,270,7.3,7.8,5,1,5,
DryCreek,DryCreek32,2020,postfire,180,10.1,8,7,1.2,2,
DryCreek,DryCreek32,2020,postfire,270,45,18,8,14.2,3,
DryCreek,DryCreek33,2020,postfire,270,30,28,20,4,3,
DryCreek,DryCreek33,2020,postfire,180,13.3,15,12,0.8,3,
DryCreek,DryCreek33,2020,postfire,90,26,26,21.2,2,3,
DryCreek,DryCreek34,2020,postfire,270,20,20,7,1,5,
DryCreek,DryCreek34,2020,postfire,0,20,20,23,5,5,
DryCreek,DryCreek35,2020,postfire,na,na,na,na,na,na,
DryCreek,DryCreek36,2020,postfire,270,10.5,11.1,6.7,1.5,3,
DryCreek,DryCreek36,2020,postfire,270,12.8,13,11.2,1.1,3,
DryCreek,DryCreek36,2020,postfire,270,28,34,8.4,15,3,
DryCreek,DryCreek37,2020,postfire,180,12,12,11.5,0.4,2,
DryCreek,DryCreek37,2020,postfire,180,11.5,11.5,9,0.3,2,
DryCreek,DryCreek37,2020,postfire,180,12,110,5,34.7,5,
DryCreek,DryCreek37,2020,postfire,270,16.5,16,11,2.8,2,
DryCreek,DryCreek38,2020,postfire,0,13,15,6,0.4,2,
DryCreek,DryCreek38,2020,postfire,0,16,16.5,14,1.9,2,
DryCreek,DryCreek38,2020,postfire,0,18.5,23,16,2.5,3,
DryCreek,DryCreek38,2020,postfire,270,12,13.5,10,2.8,2,
DryCreek,DryCreek39,2020,postfire,na,na,na,na,na,na,
DryCreek,DryCreek40,2020,postfire,na,na,na,na,na,na,
DryCreek,DryCreek41,2020,postfire,na,na,na,na,na,na,
DryCreek,DryCreek43,2020,postfire,na,na,na,na,na,na,
DryCreek,DryCreek46,2020,prefire,0,40,36,4.8,19.3,5,
DryCreek,DryCreek46,2020,prefire,0,35,36,8,7,5,
DryCreek,DryCreek48,2020,prefire,na,na,na,na,na,na,
DryCreek,DryCreek50,2020,prefire,na,na,na,na,na,na,
DryCreek,DryCreek52,2020,prefire,na,na,na,na,na,na,
frenchmeadows ,fm10-1,2019,prefire,90,20,30,17,1.05,5,
frenchmeadows ,fm10-1,2019,prefire,90,24,21,7,1.47,5,
frenchmeadows ,fm10-1,2019,prefire,270,35,38,13,22.1,4,
frenchmeadows ,fm10-1,2019,prefire,270,38,38,18,9.3,4,
frenchmeadows ,fm10-1,2019,prefire,0,10,10,4,4.3,2,
frenchmeadows ,fm10-1,2019,prefire,180,20,38,13,2.2,2,
frenchmeadows ,fm10-1,2019,prefire,180,32,35,20,1.5,3,
frenchmeadows ,fm10-10,2019,prefire,180,80,65,65,4.7,5,
frenchmeadows ,fm10-10,2019,prefire,0,49,49,11.5,18.33,4,
frenchmeadows ,fm10-10,2019,prefire,0,12.2,15,2.8,5.3,4,
frenchmeadows ,fm10-10,2019,prefire,0,24,35,12,18.65,5,
frenchmeadows ,fm10-10,2019,prefire,0,11,16,10,1.48,4,
frenchmeadows ,fm10-10,2019,prefire,90,8,14,0.5,10.4,2,
frenchmeadows ,fm10-10,2019,prefire,90,18,18,14,4.8,4,
frenchmeadows ,fm10-11,2019,prefire,90,24,110,16,19.9,5,
frenchmeadows ,fm10-11,2019,prefire,270,8,10,7,1.5,4,
frenchmeadows ,fm10-11,2019,prefire,0,27,32,20,3.8,3,
frenchmeadows ,fm10-11,2019,prefire,0,85,100,95,0.7,2,
frenchmeadows ,fm10-11,2019,prefire,180,20,32,18,4.9,4,
frenchmeadows ,fm10-11,2019,prefire,180,70,30,25,10.9,5,
frenchmeadows ,fm10-11,2019,prefire,180,12,15,12,2.6,3,
frenchmeadows ,fm10-12,2019,prefire,0,25,18,9,1.57,5,
frenchmeadows ,fm10-12,2019,prefire,0,46,46,42,1.67,5,
frenchmeadows ,fm10-12,2019,prefire,270,9,5,14,1.1,2,
frenchmeadows ,fm10-12,2019,prefire,270,57,17,60,11.7,3,
frenchmeadows ,fm10-12,2019,prefire,270,10,6,12,1.6,4,
frenchmeadows ,fm10-13,2019,prefire,180,11,11,10,2,4,
frenchmeadows ,fm10-13,2019,prefire,270,8,11,6,0.55,3,
frenchmeadows ,fm10-13,2019,prefire,90,12,18,4,0.3,3,
frenchmeadows ,fm10-14,2019,prefire,0,14,39,14,5.8,4,
frenchmeadows ,fm10-14,2019,prefire,90,9,5,6,2.7,4,
frenchmeadows ,fm10-14,2019,prefire,90,9,9,1,7.8,4,
frenchmeadows ,fm10-14,2019,prefire,90,8,10,7,2.2,4,
frenchmeadows ,fm10-14,2019,prefire,270,33,16,16,5.8,4,
frenchmeadows ,fm10-15,2019,prefire,90,15,32,6,12.3,4,
frenchmeadows ,fm10-15,2019,prefire,90,31,29,18,13.1,5,
frenchmeadows ,fm10-15,2019,prefire,90,23,30,15,2.7,5,
frenchmeadows ,fm10-15,2019,prefire,270,12,17,6,10.5,4,
frenchmeadows ,fm10-15,2019,prefire,0,12,19,1,7.5,1,
frenchmeadows ,fm10-15,2019,prefire,0,29,37,8,5,3,
frenchmeadows ,fm10-15,2019,prefire,0,61,61,25,13,4,
frenchmeadows ,fm10-15,2019,prefire,180,11,22,9,1.2,3,
frenchmeadows ,fm10-15,2019,prefire,180,25,26,23,1.7,5,
frenchmeadows ,fm10-15,2019,prefire,180,10,16,8,1.5,3,
frenchmeadows ,fm10-2,2019,prefire,270,10,12,5,9.4,3,
frenchmeadows ,fm10-2,2019,prefire,0,5,32,5,1.9,2,
frenchmeadows ,fm10-2,2019,prefire,180,12,15,10,2.5,3,
frenchmeadows ,fm10-2,2019,prefire,180,20,21,8,12.6,2,
frenchmeadows ,fm10-2,2019,prefire,180,10,11,3,6.7,2,
frenchmeadows ,fm10-3,2019,prefire,270,26,29,22,4.6,4,
frenchmeadows ,fm10-3,2019,prefire,180,80,80,70,12,5,
frenchmeadows ,fm10-3,2019,prefire,180,12,50,2,22,5,
frenchmeadows ,fm10-3,2019,prefire,0,12,13,8,1.85,4,
frenchmeadows ,fm10-3,2019,prefire,0,24,50,2,22,5,
frenchmeadows ,fm10-3,2019,prefire,180,10,13,7,3.9,3,
frenchmeadows ,fm10-3,2019,prefire,180,74,80,70,12,5,
frenchmeadows ,fm10-4,2019,prefire,180,15,19,4,1.6,3,
frenchmeadows ,fm10-4,2019,prefire,180,34,35,18,0.75,4,
frenchmeadows ,fm10-4,2019,prefire,90,13,18,13,1.62,4,
frenchmeadows ,fm10-4,2019,prefire,90,14.3,14.9,11,5.8,4,
frenchmeadows ,fm10-4,2019,prefire,90,14,14,14,1.19,4,
frenchmeadows ,fm10-4,2019,prefire,270,14,14,7,5.72,5,
frenchmeadows ,fm10-5,2019,prefire,90,73,73,30,7.4,5,
frenchmeadows ,fm10-5,2019,prefire,90,26,90,26,6.23,5,
frenchmeadows ,fm10-5,2019,prefire,90,14,16,12,0.7,5,
frenchmeadows ,fm10-5,2019,prefire,0,20,24,5,17.6,5,
frenchmeadows ,fm10-5,2019,prefire,180,25,26,24,3.3,4,
frenchmeadows ,fm10-5,2019,prefire,180,75,111,60,11.6,4,
frenchmeadows ,fm10-6,2019,prefire,270,37,40,28,6.05,3,
frenchmeadows ,fm10-6,2019,prefire,270,9,9,4,0.5,4,
frenchmeadows ,fm10-6,2019,prefire,270,29,29,4,2.3,4,
frenchmeadows ,fm10-6,2019,prefire,270,18,18,7,1.6,4,
frenchmeadows ,fm10-6,2019,prefire,90,26,26,12,8.8,3,
frenchmeadows ,fm10-6,2019,prefire,90,14,15,6.5,0.36,4,
frenchmeadows ,fm10-6,2019,prefire,0,33,27,27,3.2,5,
frenchmeadows ,fm10-6,2019,prefire,180,10,20,4,9.2,5,
frenchmeadows ,fm10-6,2019,prefire,180,36,28,24,2.3,5,
frenchmeadows ,fm10-6,2019,prefire,180,60,75,30,6.1,5,
frenchmeadows ,fm10-7,2019,prefire,90,74,83,28,6,5,
frenchmeadows ,fm10-7,2019,prefire,270,10,15,8,3.1,4,
frenchmeadows ,fm10-7,2019,prefire,270,10,8,5,1.02,4,
frenchmeadows ,fm10-7,2019,prefire,180,22,22,5,2,3,
frenchmeadows ,fm10-7,2019,prefire,180,60,60,22,11.2,4,
frenchmeadows ,fm10-7,2019,prefire,180,10,10,3.5,0.23,3,
frenchmeadows ,fm10-7,2019,prefire,180,12,14,4.5,1.1,3,
frenchmeadows ,fm10-7,2019,prefire,180,9.5,13,9,1,4,
frenchmeadows ,fm10-7,2019,prefire,180,9,9,2,0.4,3,
frenchmeadows ,fm10-7,2019,prefire,180,10,10.5,3,0.25,3,
frenchmeadows ,fm10-8,2019,prefire,90,11,11,6,3.6,3,
frenchmeadows ,fm10-8,2019,prefire,90,9,11,4,2.2,3,
frenchmeadows ,fm10-8,2019,prefire,90,9,14,9,2.6,3,
frenchmeadows ,fm10-8,2019,prefire,270,17,18,12,2.3,4,
frenchmeadows ,fm10-8,2019,prefire,180,35,50,32,3.1,4,
frenchmeadows ,fm10-8,2019,prefire,180,7,9,4,2.6,4,
frenchmeadows ,fm10-9,2019,prefire,180,12,14,9,1,5,
frenchmeadows ,fm10-9,2019,prefire,180,14,17,11,0.57,4,
frenchmeadows ,fm10-9,2019,prefire,0,39,39,3.8,11,5,
frenchmeadows ,fm10-9,2019,prefire,0,38,38,11,23.3,4,
frenchmeadows ,fm10-9,2019,prefire,0,44,35,16,3.1,5,
frenchmeadows ,fm10-9,2019,prefire,90,80,80,40,14,3,
frenchmeadows ,fm10-9,2019,prefire,90,45,50,45,4.2,4,
frenchmeadows ,fm10-9,2019,prefire,270,30,32,18,17.7,4,
frenchmeadows ,fm10-9,2019,prefire,270,30,38,11,23.3,4,
frenchmeadows ,fm19-1,2019,prefire,0,22,22,19,3.2,4,
frenchmeadows ,fm19-1,2019,prefire,0,19,15,15,1.1,4,
frenchmeadows ,fm19-1,2019,prefire,180,40,55,25,11.9,5,
frenchmeadows ,fm19-1,2019,prefire,180,45,48,35,4.1,4,
frenchmeadows ,fm19-1,2019,prefire,90,32,52,7.5,25,3,
frenchmeadows ,fm19-1,2019,prefire,270,9,10,4,0.28,4,
frenchmeadows ,fm19-1,2019,prefire,270,9.5,9.5,3,0.36,4,
frenchmeadows ,fm19-1,2019,prefire,270,9,10,4,1.97,2,
frenchmeadows ,fm19-1,2019,prefire,270,37,43,9,5.9,3,
frenchmeadows ,fm19-10,2019,prefire,0,85,90,85,1.1,2,
frenchmeadows ,fm19-10,2019,prefire,180,75,80,75,18.8,4,
frenchmeadows ,fm19-11,2019,prefire,270,12.3,19,6,2.9,3,
frenchmeadows ,fm19-11,2019,prefire,90,23.9,35.3,19.4,8.5,3,
frenchmeadows ,fm19-11,2019,prefire,180,15,15,12,0.9,3,
frenchmeadows ,fm19-11,2019,prefire,180,15,20,9,11.1,2,
frenchmeadows ,fm19-12,2019,prefire,0,35,35,22,10.35,4,
frenchmeadows ,fm19-12,2019,prefire,270,20,25,13.3,7.97,3,
frenchmeadows ,fm19-13,2019,prefire,0,55,55,18,13.2,5,
frenchmeadows ,fm19-13,2019,prefire,180,8,9,5,3.6,4,
frenchmeadows ,fm19-13,2019,prefire,270,14,17,8,1.23,3,
frenchmeadows ,fm19-13,2019,prefire,270,19,65,14,13.2,5,
frenchmeadows ,fm19-13,2019,prefire,90,15,22,6,1.22,3,
frenchmeadows ,fm19-13,2019,prefire,90,13,13,5,0.5,3,
frenchmeadows ,fm19-13,2019,prefire,90,87,110,17,1.76,4,
frenchmeadows ,fm19-14,2019,prefire,90,17,29,1.5,12.6,3,
frenchmeadows ,fm19-15,2019,prefire,0,33,33,28,5.9,5,
frenchmeadows ,fm19-15,2019,prefire,0,9.8,11.3,9.8,0.73,4,
frenchmeadows ,fm19-15,2019,prefire,0,44,44,28,8.6,4,
frenchmeadows ,fm19-15,2019,prefire,0,28,29,26,3,3,
frenchmeadows ,fm19-15,2019,prefire,0,8.5,12.5,1,6,3,
frenchmeadows ,fm19-15,2019,prefire,0,19,19,4,5.6,4,
frenchmeadows ,fm19-15,2019,prefire,0,26,30,15,6,5,
frenchmeadows ,fm19-15,2019,prefire,180,20,25,20,4.25,4,
frenchmeadows ,fm19-15,2019,prefire,180,11,11,1,2.95,2,
frenchmeadows ,fm19-15,2019,prefire,180,13.9,17,1,7.1,2,
frenchmeadows ,fm19-15,2019,prefire,180,12.5,12.5,11,1.1,4,
frenchmeadows ,fm19-15,2019,prefire,90,30,30,25,4,4,
frenchmeadows ,fm19-15,2019,prefire,90,15,23,7,6.35,3,
frenchmeadows ,fm19-15,2019,prefire,90,15,30,15,6,5,
frenchmeadows ,fm19-15,2019,prefire,270,10,40,10,1.75,5,
frenchmeadows ,fm19-15,2019,prefire,270,15,20,15,1.56,5,
frenchmeadows ,fm19-15,2019,prefire,270,20,25,20,1.1,3,
frenchmeadows ,fm19-15,2019,prefire,270,32,40,32,10.85,3,
frenchmeadows ,fm19-15,2019,prefire,270,25,24,5.2,6.6,2,
frenchmeadows ,fm19-15,2019,prefire,270,32,32,2.5,1.95,3,
frenchmeadows ,fm19-16,2019,prefire,0,15,15,10,1.4,4,
frenchmeadows ,fm19-16,2019,prefire,0,18,35,1,7.12,3,
frenchmeadows ,fm19-16,2019,prefire,180,17,18,3,7.4,3,
frenchmeadows ,fm19-16,2019,prefire,180,11,14,0.5,10.5,2,
frenchmeadows ,fm19-16,2019,prefire,180,12,17,1,15.8,2,
frenchmeadows ,fm19-16,2019,prefire,180,20,13,3,1.75,4,
frenchmeadows ,fm19-16,2019,prefire,270,15,25,6,5.5,3,
frenchmeadows ,fm19-16,2019,prefire,270,20,13,3,1.75,4,
frenchmeadows ,fm19-17,2019,prefire,90,8,8,8,0.62,5,
frenchmeadows ,fm19-18,2019,prefire,270,18,15,2.5,7.2,3,
frenchmeadows ,fm19-18,2019,prefire,270,15,26,16,3,2,
frenchmeadows ,fm19-18,2019,prefire,270,22,25,13,5.25,2,
frenchmeadows ,fm19-18,2019,prefire,270,22,30,24,3.8,3,
frenchmeadows ,fm19-18,2019,prefire,0,15.5,20,5,5.4,2,
frenchmeadows ,fm19-18,2019,prefire,180,14,18,7,4.3,3,
frenchmeadows ,fm19-18,2019,prefire,180,18,33,18,9.6,4,
frenchmeadows ,fm19-18,2019,prefire,180,14,24,14,6.6,4,
frenchmeadows ,fm19-18,2019,prefire,180,9.5,9.5,2.5,3.9,4,
frenchmeadows ,fm19-18,2019,prefire,180,11,16,12,1.6,3,
frenchmeadows ,fm19-18,2019,prefire,180,28,31,22,5.7,4,
frenchmeadows ,fm19-18,2019,prefire,180,12,13,9,2.5,3,
frenchmeadows ,fm19-18,2019,prefire,180,10,12.5,7,2.6,4,
frenchmeadows ,fm19-19,2019,prefire,90,17,15,9,17,4,
frenchmeadows ,fm19-19,2019,prefire,90,16,17,5,4,5,
frenchmeadows ,fm19-19,2019,prefire,270,37,60,35,28,5,
frenchmeadows ,fm19-19,2019,prefire,270,13,22,6,4.8,2,
frenchmeadows ,fm19-19,2019,prefire,270,10,12,10,1.5,3,
frenchmeadows ,fm19-19,2019,prefire,270,70,70,45,4.8,5,
frenchmeadows ,fm19-19,2019,prefire,0,19,19,18,0.67,3,
frenchmeadows ,fm19-19,2019,prefire,0,12,13,12,0.9,4,
frenchmeadows ,fm19-19,2019,prefire,180,22,150,50,7.7,5,
frenchmeadows ,fm19-19,2019,prefire,180,30,80,15,9.4,5,
frenchmeadows ,fm19-19,2019,prefire,180,10,14,8,2.6,3,
frenchmeadows ,fm19-19,2019,prefire,180,18,22,6,8,2,
frenchmeadows ,fm19-19,2019,prefire,180,16,16,6,7,2,
frenchmeadows ,fm19-19,2019,prefire,180,13,20,6,6,2,
frenchmeadows ,fm19-19,2019,prefire,180,18,25,22,4,3,
frenchmeadows ,fm19-19,2019,prefire,180,12,20,8,4,3,
frenchmeadows ,fm19-2,2019,prefire,180,18,18,1,4.2,2,
frenchmeadows ,fm19-2,2019,prefire,180,13.9,25,4.4,9.9,2,
frenchmeadows ,fm19-2,2019,prefire,180,33,33,30,4,5,
frenchmeadows ,fm19-2,2019,prefire,180,36,36,18,0.71,5,
frenchmeadows ,fm19-2,2019,prefire,180,15,31,1.1,10,3,
frenchmeadows ,fm19-2,2019,prefire,180,33,42,16,20,5,
frenchmeadows ,fm19-2,2019,prefire,180,42,48,44,5.4,4,
frenchmeadows ,fm19-2,2019,prefire,0,60,70,50,5.8,5,
frenchmeadows ,fm19-2,2019,prefire,90,17,19.4,4,11.85,4,
frenchmeadows ,fm19-2,2019,prefire,90,41,60,0.12,5,4,
frenchmeadows ,fm19-2,2019,prefire,90,56,48,44,5.4,4,
frenchmeadows ,fm19-20,2019,prefire,90,16,23,10,8,4,
frenchmeadows ,fm19-20,2019,prefire,90,27,27,23,2.9,3,
frenchmeadows ,fm19-20,2019,prefire,270,15,15,8.5,4.1,3,
frenchmeadows ,fm19-20,2019,prefire,270,32,32,24,4.9,3,
frenchmeadows ,fm19-20,2019,prefire,270,38,38,38,5,3,
frenchmeadows ,fm19-20,2019,prefire,0,8.5,5.5,5,0.52,3,
frenchmeadows ,fm19-21,2019,prefire,180,12,45,30,10,4,
frenchmeadows ,fm19-21,2019,prefire,180,13,21,6,13,2,
frenchmeadows ,fm19-21,2019,prefire,180,21,23,10,8,2,
frenchmeadows ,fm19-21,2019,prefire,0,35,30,2,15,1,
frenchmeadows ,fm19-21,2019,prefire,0,20,32,8,7.8,5,
frenchmeadows ,fm19-21,2019,prefire,0,23,50,10,5.5,5,
frenchmeadows ,fm19-21,2019,prefire,0,15,15,15,0.7,5,
frenchmeadows ,fm19-21,2019,prefire,90,38,51,31,20.2,2,
frenchmeadows ,fm19-21,2019,prefire,90,13,14.5,9,2.75,3,
frenchmeadows ,fm19-21,2019,prefire,90,28,28,26,7.2,3,
frenchmeadows ,fm19-21,2019,prefire,90,11,12,8,1.5,3,
frenchmeadows ,fm19-21,2019,prefire,90,13,14,11,2.2,4,
frenchmeadows ,fm19-21,2019,prefire,270,17.5,30,14,9,4,
frenchmeadows ,fm19-22,2019,prefire,270,32,49,1.8,17.3,4,
frenchmeadows ,fm19-3,2019,prefire,90,24,31,4,7.43,2,
frenchmeadows ,fm19-3,2019,prefire,90,18,29,5,3.6,3,
frenchmeadows ,fm19-3,2019,prefire,90,15,13,9,0.85,3,
frenchmeadows ,fm19-3,2019,prefire,90,12,18,9,4.56,2,
frenchmeadows ,fm19-3,2019,prefire,90,14,23,9.5,5.75,2,
frenchmeadows ,fm19-3,2019,prefire,90,24,42,10,13.65,2,
frenchmeadows ,fm19-3,2019,prefire,270,15.5,17.5,8,0.75,3,
frenchmeadows ,fm19-3,2019,prefire,270,93,270,80,11.4,4,
frenchmeadows ,fm19-3,2019,prefire,270,16.5,32,14,1.72,4,
frenchmeadows ,fm19-3,2019,prefire,270,17.5,17.5,9,6.3,3,
frenchmeadows ,fm19-3,2019,prefire,0,104,104,42,40,2,
frenchmeadows ,fm19-3,2019,prefire,0,17,17,16,1.6,2,
frenchmeadows ,fm19-3,2019,prefire,0,8,16,3,6,3,
frenchmeadows ,fm19-3,2019,prefire,0,14.5,15,14.5,2.4,4,
frenchmeadows ,fm19-3,2019,prefire,180,16,27,6,13.6,4,
frenchmeadows ,fm19-3,2019,prefire,180,11,15,11,2.2,4,
frenchmeadows ,fm19-3,2019,prefire,180,100,270,80,11.4,5,
frenchmeadows ,fm19-3,2019,prefire,180,16,16,12,2.1,4,
frenchmeadows ,fm19-3,2019,prefire,180,35,45,35,1.8,3,
frenchmeadows ,fm19-4,2019,prefire,0,99,100,50,31,3,
frenchmeadows ,fm19-4,2019,prefire,0,18,21,4,6.8,2,
frenchmeadows ,fm19-4,2019,prefire,270,14,14,0.5,4.2,1,
frenchmeadows ,fm19-4,2019,prefire,270,15,16,11,1.3,2,
frenchmeadows ,fm19-4,2019,prefire,180,22,22,4,2,1,
frenchmeadows ,fm19-5,2019,prefire,270,31,31,25,14,3,
frenchmeadows ,fm19-5,2019,prefire,90,14,14,6.5,7.5,1,
frenchmeadows ,fm19-5,2019,prefire,90,10,20,0.5,15,2,
frenchmeadows ,fm19-5,2019,prefire,90,17,19,15,1.7,2,
frenchmeadows ,fm19-7,2019,prefire,0,44,90,44,3.7,4,
frenchmeadows ,fm19-7,2019,prefire,180,16,25,16,9.5,4,
frenchmeadows ,fm19-7,2019,prefire,180,11,10,9.5,4.6,4,
frenchmeadows ,fm19-7,2019,prefire,180,28,31,28,4.2,4,
frenchmeadows ,fm19-7,2019,prefire,180,15,30,14,5.3,4,
frenchmeadows ,fm19-7,2019,prefire,180,13,13,8,1.2,5,
frenchmeadows ,fm19-7,2019,prefire,180,21,25,13,6.7,2,
frenchmeadows ,fm19-7,2019,prefire,270,33,34,24,4.9,2,
frenchmeadows ,fm19-7,2019,prefire,270,9,9.5,8,0.7,2,
frenchmeadows ,fm19-7,2019,prefire,270,8,9,4,2,2,
frenchmeadows ,fm19-7,2019,prefire,270,15,27,15,7.6,4,
frenchmeadows ,fm19-7,2019,prefire,270,44,90,44,3.7,4,
frenchmeadows ,fm19-7,2019,prefire,90,47,47,45,1.3,2,
frenchmeadows ,fm19-7,2019,prefire,90,20,20,10,0.6,3,
frenchmeadows ,fm19-7,2019,prefire,90,29,30,18,6.7,3,
frenchmeadows ,fm19-8,2019,prefire,270,39,40,3.1,22.6,3,
frenchmeadows ,fm19-8,2019,prefire,0,130,130,35,6.8,4,
frenchmeadows ,fm19-8,2019,prefire,180,30,40,3.1,22.6,3,
frenchmeadows ,fm19-9,2019,prefire,90,30,33,12,3.77,4,
Independence,Indy01,2020,prefire,na,na,na,na,na,na,
Independence,Indy03,2020,prefire,270,10,8,5,1.5,4,
Independence,Indy03,2020,prefire,180,9,13,7,1,5,
Independence,Indy03,2020,prefire,180,23,22,20,1,5,
Independence,Indy05,2020,prefire,90,10.2,13,7.7,2.5,3,
Independence,Indy05,2020,prefire,270,13.7,20.5,10,3,3,
Independence,Indy05,2020,prefire,180,20.5,26.3,15,5,3,
Independence,Indy06,2020,prefire,0,na,na,na,na,na,
Independence,Indy07,2020,prefire,90,8.8,13,3,3,3,
Independence,Indy07,2020,prefire,90,30,33,27,7,5,
Independence,Indy07,2020,prefire,0,20,24,10,10,5,
Independence,Indy08,2020,prefire,0,na,na,na,na,na,
Independence,Indy09,2020,prefire,180,20,20,13,2,4,
Independence,Indy09,2020,prefire,180,33.6,50,3,16,3,
Independence,Indy09,2020,prefire,90,33.6,50,3,16,3,
Independence,Indy09,2020,prefire,270,27,27,9,1,4,
Independence,Indy10,2020,prefire,0,na,na,na,na,na,
Independence,Indy11,2020,prefire,180,27,30,13,0.5,4,
Independence,Indy12,2020,prefire,0,13,11,8,1,3,
Independence,Indy12,2020,prefire,270,23.5,29,23.5,2.1,3,
Independence,Indy13,2020,prefire,0,8,8.5,2,5.7,3,
Independence,Indy13,2020,prefire,0,15.5,24,11,1.1,3,
Independence,Indy13,2020,prefire,0,13.5,11.5,6,1.2,3,
Independence,Indy13,2020,prefire,270,20,29.5,13.5,0.7,4,
Independence,Indy13,2020,prefire,180,13,14.5,11,0.4,3,
Independence,Indy14,2020,prefire,180,54,33,30,9,5,
Independence,Indy14,2020,prefire,270,15,40,8,6,5,
Independence,Indy16,2020,prefire,90,10,20,1,5.5,3,
Independence,Indy16,2020,prefire,270,15,12,3,5.5,4,
Independence,Indy16,2020,prefire,270,9,22,1,10,3,
Independence,Indy17,2020,prefire,270,45,50,35,10,5,
Independence,Indy18,2020,prefire,0,14,14,9.5,1,3,
Independence,Indy18,2020,prefire,0,38,55,42,6.3,5,
Independence,Indy18,2020,prefire,0,19.5,16.5,9.5,1.5,4,
Independence,Indy18,2020,prefire,0,19,32,1,12.5,2,
Independence,Indy18,2020,prefire,270,27,32,1,12.5,2,
Independence,Indy18,2020,prefire,90,12,12.5,4.5,2.3,2,
Independence,Indy18,2020,prefire,90,10,38.5,9.5,10.3,2,
Independence,Indy18,2020,prefire,180,12.5,12.5,4.5,2.3,2,
Independence,Indy18,2020,prefire,180,13.5,38.5,9.5,10.3,2,
Independence,Indy18,2020,prefire,180,11.5,23,1.5,10.3,2,
Independence,Indy18,2020,prefire,180,27.5,26.5,4,10.3,2,
Independence,Indy19,2020,prefire,0,28,31,17,4,4,
Independence,Indy19,2020,prefire,90,15,15.5,10.5,1.2,3,
Independence,Indy20,2020,prefire,0,9,11,9,1,5,
Independence,Indy20,2020,prefire,270,10,10,5,1.5,5,
Independence,Indy21,2020,prefire,270,15,30,8,7,5,
Independence,Indy21,2020,prefire,270,13,15,6.5,3,5,
Independence,Indy21,2020,prefire,270,12,12,5.5,2,5,
Independence,Indy22,2020,prefire,90,10.5,15,4,5.1,3,
Independence,Indy23,2020,prefire,180,12,30,17,1.5,3,
Independence,Indy23,2020,prefire,180,80,90,21,10.3,5,
Independence,Indy24,2020,prefire,180,13.3,15,3,3,4,
Independence,Indy24,2020,prefire,180,21.2,18,5,6,4,
Independence,Indy24,2020,prefire,180,29.5,33,3,6,4,
Independence,Indy24,2020,prefire,180,11,9,5,2,5,
Independence,Indy24,2020,prefire,90,30,30,25,2.5,5,
Independence,Indy24,2020,prefire,0,8,10,3,4,4,
Independence,Indy24,2020,prefire,0,7.3,10,8,3,4,
Independence,Indy24,2020,prefire,270,7.3,10,8,3,4,
Independence,Indy24,2020,prefire,270,11,9,5,2,5,
Independence,Indy25,2020,prefire,,none,26,,none,,
Independence,Indy26,2020,prefire,90,27,30,25,5,5,
Independence,Indy27,2020,prefire,na,na,na,na,na,na,
Independence,Indy28,2020,prefire,180,13,15,1,7,4,
Independence,Indy28,2020,prefire,180,10,15,7,4,4,
Independence,Indy28,2020,prefire,180,15,33,1,8,3,
Independence,Indy28,2020,prefire,180,15,13,15,3,5,
Independence,Indy28,2020,prefire,90,18.4,39,10.5,10,3,
Independence,Indy28,2020,prefire,90,27.7,39,17.7,11,2,
Independence,Indy28,2020,prefire,90,25,30,8,8,5,
Independence,Indy28,2020,prefire,270,10,12.3,2,2,3,
Independence,Indy28,2020,prefire,270,20,25,11,10,4,
Independence,Indy29,2020,prefire,0,na,na,na,na,na,
Independence,Indy30,2020,prefire,0,na,na,na,na,na,
Independence,Indy31,2020,prefire,180,11,15,10,5,3,
Independence,Indy31,2020,prefire,180,9,25,1,7,4,
Independence,Indy31,2020,prefire,90,11.2,13,3,5,4,
Independence,Indy31,2020,prefire,90,28,32,11.5,9,3,
Independence,Indy31,2020,prefire,0,17,17,15,4,5,
Independence,Indy31,2020,prefire,270,22,30,15,3,5,
Independence,Indy32,2020,prefire,270,37,44,20.5,30.2,4,
Independence,Indy33,2020,prefire,180,21.5,24,14,0.3,3,
Independence,Indy33,2020,prefire,270,11.5,15,6.5,3,3,
Independence,Indy34,2020,prefire,na,na,na,na,na,na,
Independence,Indy35,2020,prefire,na,na,na,na,na,na,
Independence,Indy36,2020,prefire,180,40,36,13,10,5,
Independence,Indy36,2020,prefire,180,9.3,12.3,3,3,3,
Independence,Indy36,2020,prefire,270,15,18,15,1,4,
Independence,Indy37,2020,prefire,180,13.4,12,1,5,2,
Independence,Indy37,2020,prefire,180,10.5,11,1,3,2,
Independence,Indy38,2020,prefire,90,15,13,11,2,4,
Independence,Indy38,2020,prefire,0,10,12,6,2,4,
Independence,Indy39,2020,prefire,na,na,na,na,na,na,
Independence,Indy40,2020,prefire,180,13,10,8,1,5,
Independence,Indy40,2020,prefire,90,23,25,23,1,5,
Independence,Indy40,2020,prefire,90,7.8,9.3,5.2,2,3,
Independence,Indy40,2020,prefire,90,11.1,10,15,2,4,
Independence,Indy40,2020,prefire,90,8.4,10,6,1,5,
Modoc,1,2020,prefire,0,10,12,8,0.6,4,
Modoc,1,2020,prefire,0,73,80,64,17,3,
Modoc,1,2020,prefire,90,27,30,26,1.3,4,
Modoc,1,2020,prefire,90,13,15,11,1.4,4,
Modoc,1,2020,prefire,90,12,13,11,1.8,3,
Modoc,1,2020,prefire,180,16,16,11,6,4,
Modoc,1,2020,prefire,270,16,16,11,6,4,
Modoc,2,2020,prefire,0,27,44,16.5,15.68,3,
Modoc,2,2020,prefire,0,15,20,11.5,4.64,4,
Modoc,2,2020,prefire,0,13.5,20.5,2,16.16,2,
Modoc,2,2020,prefire,0,10.5,11.5,3.5,8.32,3,
Modoc,2,2020,prefire,0,10,12.5,3.5,4.15,5,
Modoc,2,2020,prefire,90,8,9,4.5,8,3,
Modoc,2,2020,prefire,180,9,10.5,0.5,8.96,4,
Modoc,2,2020,prefire,270,9,17,8.5,12.16,4,
Modoc,3,2020,prefire,180,8,9,3,0.36,5,
Modoc,3,2020,prefire,180,8,36,7,0.76,4,
Modoc,3,2020,prefire,180,10,10,3,9.5,4,
Modoc,3,2020,prefire,270,0.1,10,3,9.5,4,
Modoc,4,2020,prefire,0,20.5,30,18,3.27,5,
Modoc,4,2020,prefire,90,9.5,9.5,1,7.44,3,
Modoc,4,2020,prefire,90,8,9,6.5,5.11,3,
Modoc,4,2020,prefire,90,9.5,9.5,9,1.1,4,
Modoc,4,2020,prefire,180,12,11.5,9,0.36,2,
Modoc,4,2020,prefire,180,9,8,6,2.48,3,
Modoc,4,2020,prefire,270,29,32.5,18.5,2.94,3,
Modoc,5,2020,prefire,0,10,49,38,11.8,4,
Modoc,5,2020,prefire,0,44,62,37,13.6,3,
Modoc,5,2020,prefire,90,21,22,18,2.6,4,
Modoc,5,2020,prefire,90,18,27,1,14.3,2,
Modoc,5,2020,prefire,180,37,42,16,11.8,2,
Modoc,5,2020,prefire,270,24,89,3,34.4,2,
Modoc,5,2020,prefire,270,10,14,9,5.9,2,
Modoc,5,2020,prefire,270,18,19,10,9.3,2,
Modoc,5,2020,prefire,270,11,20,11,12.4,3,
Modoc,5,2020,prefire,270,30,30,24,2.9,2,
Modoc,6,2020,prefire,90,16,36,13,2,5,
Modoc,6,2020,prefire,90,9,10,6,1,4,
Modoc,6,2020,prefire,90,13,15,9,6.5,4,
Modoc,6,2020,prefire,270,23,37,13,18,4,
Modoc,6,2020,prefire,270,18,15,6,14,5,
Modoc,6,2020,prefire,270,13,18,3,14.5,4,
Modoc,6,2020,prefire,270,9,15,3,9,4,
Modoc,6,2020,prefire,270,18,22,3,14.5,4,
Modoc,6,2020,prefire,270,5,18,3,14,5,
Modoc,7,2020,prefire,270,13,13,10,3,5,
Modoc,7,2020,prefire,270,23,25,22,4,5,
Modoc,7,2020,prefire,270,13,13,12,2,5,
Modoc,7,2020,prefire,270,15,18,12,4.5,5,
Modoc,7,2020,prefire,90,18,18,17,1.3,5,
Modoc,7,2020,prefire,90,13,15,13,2.2,3,
Modoc,7,2020,prefire,180,8,8,7,1,4,
Modoc,7,2020,prefire,180,15,15,13,3.4,5,
Modoc,7,2020,prefire,180,16,15,13,1.2,3,
Modoc,8,2020,prefire,270,12,13,7,1.5,5,
Modoc,9,2020,prefire,270,10.3,10.5,9.1,1.5,4,
Modoc,9,2020,prefire,90,12.5,24,5,12.5,3,
Modoc,9,2020,prefire,180,12,22,4,13,3,
Modoc,10,2020,prefire,0,na,,,,,
Modoc,15,2020,prefire,270,15.5,38.5,2,19.8,2,
Modoc,16,2020,prefire,0,na,,,,,
Modoc,17,2020,prefire,0,na,,,,,
Modoc,18,2020,prefire,0,na,,,,,
Modoc,19,2020,prefire,0,na,,,,,
Modoc,20,2020,prefire,0,na,,,,,
Modoc,21,2020,prefire,90,25,33,20,6.5,2,
Modoc,21,2020,prefire,90,21,30,4,17.4,2,
Modoc,22,2020,prefire,0,na,,,,,
Modoc,23,2020,prefire,0,na,,,,,
Modoc,24,2020,prefire,0,19,17.5,11,6.82,2,
Modoc,24,2020,prefire,0,3,24,1,1.6,2,
Modoc,24,2020,prefire,90,15,23,2,13.33,2,
Modoc,24,2020,prefire,180,22,22,10,10.85,2,
Modoc,25,2020,prefire,270,28,13,12,0.3,4,
Modoc,25,2020,prefire,270,9.3,8,7,0.7,4,
Modoc,25,2020,prefire,90,3.5,3.2,3,1.3,4,
Modoc,25,2020,prefire,180,4,4.5,3.5,0.7,2,
Modoc,25,2020,prefire,180,2.7,3,2.5,0.5,4,
Modoc,26,2020,prefire,180,10,11,10,1.4,3,
Modoc,26,2020,prefire,270,9,12,5,1.1,3,
Modoc,28,2020,prefire,0,na,,,,,
slypark,hcp1,2019,prefire,180,9,9,8,1.3,3,
slypark,hcp11,2019,prefire,0,14,12,11,140,4,
slypark,hcp11,2019,prefire,90,13,11,2,550,2,
slypark,hcp11,2019,prefire,90,6,7,6,60,4,
slypark,hcp3,2019,prefire,180,10,11,9,0.2,3,
slypark,hcp4,2019,prefire,90,17,20,15,3.3,4,
slypark,hcp6,2019,prefire,180,12,17,10,6.2,2,
slypark,hcp9,2019,prefire,180,23,23,23,23,4,stump
slypark,hcp9,2019,prefire,270,10,10,7,0.6,4,
slypark,spi1,2019,prefire,270,20,20,18,0.66,1,from pile burn
slypark,spi1,2019,prefire,270,14,14,6.6,0.83,3,pile burn
slypark,spi1,2019,postfire,270,20,20,18,0.66,1,"present, no consumption"
slypark,spi1,2019,postfire,270,14,14,6.6,0.83,3,"present, no consumption"
slypark,spi10,2019,prefire,0,12,12,12,0.75,5,
slypark,spi10,2019,prefire,180,9.5,7.5,6,1.5,4,
slypark,spi10,2019,postfire,0,12,12,12,0.75,5,"present, no consumption"
slypark,spi10,2019,postfire,180,9.5,7.5,6,1.5,4,"present, no consumption"
slypark,spi11,2019,prefire,270,15,8,6,3.8,4,
slypark,spi11,2019,postfire,270,15,8,6,3.8,4,"present, no consumption"
slypark,spi2,2019,prefire,180,26.4,42.8,5,26.4,1,
slypark,spi2,2019,prefire,270,38.9,42.8,5,26.4,1,
slypark,spi2,2019,postfire,na,na,na,na,na,na,"missing, probably cut and moved (near fireline)"
slypark,spi2,2019,postfire,na,na,na,na,na,na,"missing, probably cut and moved (near fireline)"
slypark,spi2,2019,postfire,180,24,24,24,1,1,"not originally in data, but present on line. Log was cut from line construction, should discard from analysis"
slypark,spi2,2019,postfire,270,14,14,14,6,4,"not originally in data, but present on line. Blackened not reduced in diameter"
slypark,spi3,2019,prefire,270,9,9,6.5,2.3,1,
slypark,spi3,2019,postfire,270,9,9,6.5,2.3,1,present
slypark,spi4,2019,prefire,180,10,20,7,6,1,
slypark,spi4,2019,prefire,0,12.1,12.1,11.9,1.6,3,
slypark,spi4,2019,prefire,90,7.9,8.1,4.2,0.59,5,
slypark,spi4,2019,prefire,90,11.2,11.4,3,0.48,5,
slypark,spi4,2019,postfire,na,na,na,na,na,na,100% consumed
slypark,spi4,2019,postfire,0,10.5,12.1,11.9,1.6,3,"log partially consumed, new diam is 10.5 at intersect"
slypark,spi4,2019,postfire,na,na,na,na,na,na,100% consumed
slypark,spi4,2019,postfire,na,na,na,na,na,na,100% consumed
slypark,spi6,2019,prefire,0,13,14,13,0.4,5,
slypark,spi6,2019,prefire,90,8.1,8.6,7.4,1.6,3,
slypark,spi6,2019,postfire,na,na,na,na,na,na,100% consumed
slypark,spi6,2019,postfire,na,na,na,na,na,na,100% consumed
slypark,spi7,2019,prefire,0,9,11,7,1.6,4,
slypark,spi7,2019,prefire,90,16,26,8,3.4,4,
slypark,spi7,2019,prefire,90,14,22,13,4.9,5,
slypark,spi7,2019,prefire,90,10.5,12,10.5,2,5,
slypark,spi7,2019,prefire,180,15,15,13,0.85,5,
slypark,spi7,2019,prefire,180,11.5,12,11,0.7,4,
slypark,spi7,2019,prefire,180,9,9,13,1.9,5,
slypark,spi7,2019,postfire,0,9,11,7,1.6,4,"present, no consumption"
slypark,spi7,2019,postfire,90,16,26,8,3.4,4,"present, no consumption"
slypark,spi7,2019,postfire,90,14,22,13,4.9,5,"present, no consumption"
slypark,spi7,2019,postfire,90,10.5,12,10.5,2,5,"present, no consumption"
slypark,spi7,2019,postfire,180,15,15,13,0.85,5,"present, no consumption"
slypark,spi7,2019,postfire,180,11.5,12,11,0.7,4,"present, no consumption"
slypark,spi7,2019,postfire,180,9,9,13,1.9,5,"present, no consumption"
slypark,spi7,2019,postfire,270,21,21,16,6,3,"not originally in data, but present on line (no consumption)"
slypark,spi7,2019,postfire,270,16,16,16,5,4,"not originally in data, but present on line (no consumption)"
slypark,spi8,2019,prefire,90,6,30,6,8.6,1,
slypark,spi8,2019,postfire,90,6,30,6,8.6,1,"present, no consumption"
slypark,spi8,2019,postfire,180,20,20,16,1,3,"not originally in data, but present on line (no consumption)"
springsfire,springs24,2019,postfire,0,9,4,11,0.8,3,
springsfire,springs25,2019,postfire,270,10,11,8,0.33,3,
springsfire,springs4,2019,prefire,0,9,10,9,0.19,3,
springsfire,springs4,2019,prefire,0,7.9,7.9,7,1.19,4,
springsfire,springs4,2019,prefire,270,8,26,8,4.65,3,
springsfire,springs4,2019,postfire,0,12,12,8,1.15,3,
springsfire,springs5,2019,prefire,270,20,11,9,3.3,5,
springsfire,springs5,2019,prefire,0,29,5,10.75,3,3,
springsfire,springs9,2019,prefire,90,80,100,90,2.89,4,
springsfire,springs9,2019,prefire,90,12,18,8,1.6,3,
springsfire,springs1,2020,postfire,0,no cwd,,,,,:)
springsfire,springs2,2020,postfire,90,4.2,18,4,7.6,4,
springsfire,springs3,2020,postfire,0,no cwd,,,,,:)
springsfire,springs4,2020,postfire,0,17,18,13,6.7,4,
springsfire,springs4,2020,postfire,0,4.8,5,3.5,7.8,4,
springsfire,springs4,2020,postfire,270,8.5,7.8,7.5,4,3,
springsfire,springs5,2020,postfire,270,6.6,14.5,6.6,0.54,3,
springsfire,springs5,2020,postfire,0,12.4,18.8,10.5,5.4,3,
springsfire,springs6,2020,postfire,270,8,8.5,4,0.6,2,
springsfire,springs7,2020,postfire,90,6.5,6.5,5.5,1,4,
springsfire,springs8,2020,postfire,0,no cwd,,,,,:)
springsfire,springs9,2020,postfire,0,12.5,13,1,4,1,
springsfire,springs9,2020,postfire,0,11.5,11,7,0.9,1,
springsfire,springs9,2020,postfire,0,9,9,4.5,1.5,2,
springsfire,springs9,2020,postfire,0,29,91.5,23.5,18,4,
springsfire,springs9,2020,postfire,0,33.5,91.5,29.5,18,4,
springsfire,springs9,2020,postfire,90,9,11.5,1,3.5,1,
springsfire,springs9,2020,postfire,90,8,91.5,23.5,18,4,
springsfire,springs9,2020,postfire,90,16.5,21.5,1,4.7,2,
springsfire,springs9,2020,postfire,90,29,91.5,29.5,18,4,
springsfire,springs1,2019,prefire,270,14,13,11,92,3,
springsfire,springs1,2019,prefire,270,37,48,10,14.6,2,
springsfire,springs1,2019,postfire,270,32,20,17,2.3,3,
springsfire,springs1,2019,postfire,90,13,13,5,1.4,3,
springsfire,springs10,2019,prefire,90,16,17,6,2.3,3,
springsfire,springs10,2019,prefire,0,92,95,62,9.8,5,
springsfire,springs10,2019,prefire,180,36,19,12,1.6,4,
springsfire,springs10,2019,prefire,180,16,4,1,0.7,3,
springsfire,springs10,2020,postfire,0,no cwd,,,,,:)
springsfire,springs11,2019,prefire,180,16.25,13.8,5.9,4.05,3,
springsfire,springs11,2019,prefire,90,59,78,8,25.7,3,
springsfire,springs11,2019,postfire,180,12.5,13.5,8,2.8,3,
springsfire,springs11,2019,postfire,90,7.6,13,3,0.45,3,
springsfire,springs11,2019,postfire,90,8,8,5,0.15,3,
springsfire,springs11,2020,postfire,0,no cwd,,,,,:)
springsfire,springs12,2019,prefire,270,7.5,8,5,0.27,3,
springsfire,springs12,2019,prefire,180,9.4,27.1,3.4,7.7,3,
springsfire,springs12,2019,prefire,180,12,12,7,0.2,4,
springsfire,springs12,2019,prefire,0,58.4,58.4,3.3,18,2,
springsfire,springs12,2019,postfire,270,8.5,8.5,6,0.25,3,
springsfire,springs12,2020,postfire,0,10.5,5,3.5,0.3,3,
springsfire,springs12,2020,postfire,270,8.5,9,4,0.2,2,
springsfire,springs13,2019,prefire,0,26,33,11,1.8,4,
springsfire,springs13,2019,prefire,180,10,10,8,0.3,4,
springsfire,springs13,2019,prefire,180,15,20,14,1.7,3,
springsfire,springs13,2019,prefire,90,35,90,75,0.75,3,
springsfire,springs13,2019,prefire,90,70,91,40,2.58,3,
springsfire,springs13,2019,prefire,270,85,90,70,0.21,3,
springsfire,springs13,2019,postfire,90,10.5,3,10.5,0.6,2,
springsfire,springs13,2019,postfire,90,8.5,2,8.5,0.17,3,
springsfire,springs13,2019,postfire,90,8,10,4,1.3,2,
springsfire,springs13,2020,postfire,90,10,15,9,0.8,3,
springsfire,springs14,2019,postfire,0,32.6,20.2,5.7,10.35,2,
springsfire,springs14,2020,postfire,0,no cwd,,,,,:)
springsfire,springs15,2019,prefire,0,8,16,5,4.4,2,
springsfire,springs15,2020,postfire,0,no cwd,,,,,:)
springsfire,springs16,2019,postfire,90,15,19,10,0.66,4,
springsfire,springs16,2020,postfire,90,15.5,20,9,0.67,3,
springsfire,springs17,2019,postfire,0,11.5,15,6,2,2,
springsfire,springs17,2019,postfire,0,12,13.5,3,1.05,2,
springsfire,springs17,2020,postfire,0,9,8.5,3,1.35,3,
springsfire,springs17,2020,postfire,0,8,9,8,1.6,3,
springsfire,springs17,2020,postfire,0,11,13,3.5,1.45,3,
springsfire,springs18,2019,prefire,0,8,9,6,0.65,2,
springsfire,springs18,2019,prefire,0,10.5,13,5,0.8,3,
springsfire,springs18,2019,prefire,180,18,23,4,2.3,3,
springsfire,springs18,2019,prefire,270,20,22,17,1.8,3,
springsfire,springs18,2019,prefire,270,12,13,9,1.9,3,
springsfire,springs18,2019,prefire,90,22,22,15,1.7,3,
springsfire,springs18,2019,postfire,270,10,14,5,0.6,3,
springsfire,springs18,2019,postfire,270,14,14,4,1.6,2,
springsfire,springs18,2019,postfire,90,22,24,9,1.3,2,
springsfire,springs18,2020,postfire,90,22.5,23.5,22,1.5,3,
springsfire,springs19,2019,prefire,180,9,17,9,3.9,3,
springsfire,springs19,2019,prefire,180,20,21,19,2,4,
springsfire,springs19,2019,prefire,270,14,16,7,1.6,3,
springsfire,springs19,2019,prefire,270,15,16,5,3.2,3,
springsfire,springs19,2019,prefire,90,28,35,6,6.9,2,
springsfire,springs19,2019,prefire,90,10,12.5,4,0.9,4,
springsfire,springs19,2019,postfire,180,8,8,6,28,4,
springsfire,springs19,2019,postfire,270,13.5,14,3,0.9,2,
springsfire,springs19,2019,postfire,270,12,14,3,0.45,3,
springsfire,springs19,2020,postfire,270,11.8,11,10.8,0.5,4,
springsfire,springs2,2019,prefire,270,9.7,10.9,9.7,0.91,3,
springsfire,springs2,2019,prefire,270,15,15,12,0.46,4,
springsfire,springs2,2019,prefire,270,14,14,14,0.55,4,
springsfire,springs2,2019,prefire,270,14,34,14,0.49,4,
springsfire,springs2,2019,prefire,270,29,29,29,0.25,4,
springsfire,springs20,2019,prefire,90,12,20,3,4.5,3,
springsfire,springs20,2019,prefire,270,19,20,18,0.7,3,
springsfire,springs20,2019,prefire,180,11.2,20,5.6,6.65,2,
springsfire,springs20,2019,prefire,0,13,13,8,0.71,4,
springsfire,springs20,2019,prefire,0,9,15,9,0.67,4,
springsfire,springs20,2019,prefire,0,15.4,20,10.1,3.5,4,
springsfire,springs20,2019,prefire,0,11,11,11,0.15,4,
springsfire,springs20,2019,prefire,0,9.5,9.9,9.5,1,4,
springsfire,springs20,2019,prefire,0,10,10,8,1.55,4,
springsfire,springs20,2019,prefire,0,15,12.9,6.8,3.1,2,
springsfire,springs20,2020,postfire,180,11.2,14.2,10.1,2.7,3,
springsfire,springs21,2019,prefire,90,25,27,15,5.4,4,
springsfire,springs21,2019,prefire,270,14,16,9,3.5,4,
springsfire,springs21,2019,prefire,0,11,10,9,0.5,3,
springsfire,springs21,2019,prefire,0,20,20,18,1.23,3,
springsfire,springs21,2019,prefire,180,32,32,21,0.8,3,
springsfire,springs21,2019,prefire,180,25,27,15,5.4,4,
springsfire,springs21,2020,postfire,270,10.5,9.5,5,2.7,2,
springsfire,springs22,2019,prefire,0,11,13,5,4.3,3,
springsfire,springs22,2019,prefire,180,20,27,20,3.3,3,
springsfire,springs22,2019,prefire,270,10,11,9,1.15,4,
springsfire,springs22,2019,postfire,180,20,22,11,2.9,2,
springsfire,springs22,2020,postfire,180,18.5,21,16.5,2.8,2,
springsfire,springs23,2020,postfire,0,no cwd,,,,,:)
springsfire,springs24,2019,prefire,0,14,14,4.9,0.96,3,
springsfire,springs24,2019,prefire,0,8,10,8,0.66,3,
springsfire,springs24,2020,postfire,0,no cwd,,,,,:)
springsfire,springs25,2019,prefire,0,11,13,10,1.5,5,
springsfire,springs25,2019,prefire,180,48,76.5,43,64.3,4,
springsfire,springs25,2020,postfire,0,no cwd,,,,,:)
springsfire,springs26,2019,prefire,0,8.5,10,4,0.35,3,
springsfire,springs26,2019,prefire,0,14,15,1,0.95,2,
springsfire,springs26,2019,prefire,180,12,14,8,1,2,
springsfire,springs26,2019,prefire,180,11,11,7,0.39,2,
springsfire,springs26,2019,prefire,180,10,10.5,4,0.75,2,
springsfire,springs26,2019,prefire,180,11,15,2,0.56,2,
springsfire,springs26,2019,prefire,270,9.5,11,3,1.9,2,
springsfire,springs26,2019,prefire,90,12,13,4,2.55,3,
springsfire,springs26,2019,postfire,0,13,10,8,1.55,2,
springsfire,springs26,2019,postfire,0,6.8,6.9,6.8,1.18,2,
springsfire,springs26,2019,postfire,90,11,10,8,1.88,3,
springsfire,springs26,2019,postfire,270,9,13,9,0.25,3,
springsfire,springs26,2019,postfire,270,13,13,9,2.45,3,
springsfire,springs26,2020,postfire,0,17.5,20,6,1.5,2,
springsfire,springs26,2020,postfire,0,10.5,9,1,0.8,2,
springsfire,springs26,2020,postfire,90,11,6,5,2.4,2,
springsfire,springs26,2020,postfire,180,8,7,3,0.75,3,
springsfire,springs26,2020,postfire,270,9,6,1.5,2,2,
springsfire,springs27,2020,postfire,0,no cwd,,,,,:)
springsfire,springs28,2020,postfire,0,no cwd,,,,,:)
springsfire,springs29,2019,prefire,180,10,10,3,0.47,3,
springsfire,springs29,2019,prefire,180,11,12,4,0.27,2,
springsfire,springs29,2020,postfire,180,9.3,12.5,7,0.5,3,
springsfire,springs30,2019,prefire,180,8,10.5,8,1.85,2,
springsfire,springs30,2020,postfire,0,no cwd,,,,,:)
springsfire,springs31,2020,postfire,90,17.5,30.5,3,7.8,2,
springsfire,springs32,2019,prefire,90,11,17,3,5.8,3,
springsfire,springs32,2019,prefire,270,27,33,25,1.1,4,
springsfire,springs33,2020,postfire,270,24,24,12,6.7,3,
springsfire,springs34,2020,postfire,270,16,16,14.5,1.1,3,
springsfire,springs35,2020,postfire,270,8,8.5,1,2,1,
springsfire,springs35,2020,postfire,270,9.5,10,1,3,1,
springsfire,springs35,2020,postfire,270,12,13,1,3,1,
springsfire,springs35,2020,postfire,270,10.5,9,1,4,1,
springsfire,springs37,2020,postfire,0,no cwd,,,,,:)
springsfire,springs38,2019,prefire,180,7,7,4,1.4,2,
springsfire,springs38,2020,postfire,0,no cwd,,,,,:)
springsfire,springs39,2020,postfire,0,no cwd,,,,,:)
springsfire,springs40,2020,postfire,0,no cwd,,,,,:)
springsfire,springs41,2020,postfire,0,6.6,6.6,6.3,0.28,3,
springsfire,springs41,2020,postfire,180,3.9,5.8,2.6,1.51,2,
springsfire,springs42,2020,postfire,270,8.5,10.5,5,1,2,
springsfire,springs42,2020,postfire,270,10,6.5,2,1.2,2,
springsfire,springs42,2020,postfire,270,9,11,6,1.1,2,
springsfire,springs42,2020,postfire,270,12,16,10,0.4,3,
springsfire,springs42,2020,postfire,270,13.5,13,8.5,1.9,2,
springsfire,springs42,2020,postfire,180,12,27,7,4.3,3,
springsfire,springs43,2020,postfire,0,no cwd,,,,,:)
springsfire,springs44,2020,postfire,0,no cwd,,,,,:)
springsfire,springs45,2020,postfire,0,no cwd,,,,,:)
springsfire,springs46,2020,postfire,180,10,11,9,1.3,4,
springsfire,springs47,2020,postfire,0,8,10,8.5,1.6,3,
springsfire,springs47,2020,postfire,0,10.5,10,8,2.5,3,
springsfire,springs47,2020,postfire,0,10.5,12,5.5,0.6,3,
springsfire,springs47,2020,postfire,0,8.5,10.5,6.5,1.4,3,
springsfire,springs47,2020,postfire,270,37,32,21,6.2,4,
springsfire,springs47,2020,postfire,90,4.7,3.6,1.8,0.8,4,
springsfire,springs47,2020,postfire,90,2.7,8.4,2.7,0.56,4,
springsfire,springs48,2020,postfire,0,8.4,9.3,4.5,16,2,
springsfire,springs48,2020,postfire,90,8.4,9.3,4.5,16,2,
springsfire,springs48,2020,postfire,270,15,7.7,7,1,3,
springsfire,springs49,2020,postfire,0,13.5,20.5,1.5,6.3,2,
springsfire,springs49,2020,postfire,180,14,17,2,5.7,2,
springsfire,springs50,2020,postfire,270,30,30.5,27.5,0.9,2,
springsfire,springs51,2020,postfire,0,13.5,29.5,10,9.9,2,
springsfire,springs51,2020,postfire,90,13.5,11.5,7.5,2.8,3,
springsfire,springs51,2020,postfire,90,21,60,2,8.1,5,
springsfire,springs51,2020,postfire,90,8,7,2.5,2.6,2,
