site,plotid,tag,status,species,dbh,ht,ht2crown,ht2deadcr,crownclass,crownwidth,bolechar,health,stumpdbh,stumpht,decay,scorch_ht,scorch,torch_ht,torch,resprout,notes
springsfire,springs1,1,live,pije,38.3,14.7,7.6,,IN,2,,,,,,,,,,,hadnt started collecting ladder fuels or live score yet
springsfire,springs1,2,live,pije,34.9,11.3,3,,IN,1.5,,,,,,,,,,,
springsfire,springs1,3,live,pije,37.7,15.5,7.5,,IN,1.5,,,,,,,,,,,
springsfire,springs1,4,live,pije,41.7,14,4,,IN,1.5,,,,,,,,,,,
springsfire,springs1,5,live,pije,63.5,19,6,,CO,3,2.5,,,,,,,,,,
springsfire,springs1,,stump,pije,,,,,,,,,54,0.33,3,,,,,,stump
springsfire,springs1,,stump,pije,,,,,,,,,17,0.18,4,,,,,,
springsfire,springs1,6,live,pije,45.9,16,6,,IN,1.5,,,,,,,,7,1,,
springsfire,springs1,,stump,pije,,,,,,,,,19,0.08,4,,,,,,
springsfire,springs1,7,live,pije,31.6,9,3,,IN,1.5,,,,,,,,,,,
springsfire,springs1,,stump,pije,,,,,,,,,17,0.13,4,,,,,,
springsfire,springs1,,stump,pije,,,,,,,,,28,0.11,?,,,,,,
springsfire,springs1,8,live,pije,40,14,5,,CO,1.5,,,,,,,,,,,
springsfire,springs1,9,live,pije,35.6,13.6,3,,CO,1.5,,,,,,,,,,,
springsfire,springs1,,stump,pije,,,,,,,,,51,0.72,4,,,,,,
springsfire,springs1,,stump,pije,,,,,,,,,13,0.9,1,,,,,,
springsfire,springs1,,stump,pije,,,,,,,,,36,0.35,1,,,,,,
springsfire,springs1,,stump,pije,,,,,,,,,48,0.7,2,,,,,,
springsfire,springs1,,stump,pije,,,,,,,,,44,0.26,2,,,,,,
springsfire,springs1,,stump,pije,,,,,,,,,15,0.17,2,,,,,,
springsfire,springs1,,stump,pije,,,,,,,,,31,0.23,2,,,,,,
springsfire,springs1,,stump,pije,,,,,,,,,40,0.24,1,,,,,,
springsfire,springs1,,stump,pije,,,,,,,,,52,0.3,2,,,,,,
springsfire,springs1,10,live,pije,46.5,16,6,,CO,1.5,,,,,,,,,,,
springsfire,springs1,,stump,pije,,,,,,,,,44,0.2,4,,,,,,
springsfire,springs1,11,live,pije,35.2,13,3,,IN,1.5,,,,,,,,,,,
springsfire,springs2,12,live,pije,41.6,14.5,3.2,,CO,2,,,,,,,,,,,hadnt started collecting ladder fuels or live score yet
springsfire,springs2,,stump,pije,,,,,,,,,26,0.23,4,,,,,,
springsfire,springs2,,stump,pije,,,,,,,,,34,0.36,4,,,,,,
springsfire,springs2,,stump,pije,,,,,,,,,11,0.26,5,,,,,,
springsfire,springs2,,stump,pije,,,,,,,,,10,0.25,5,,,,,,
springsfire,springs2,,stump,pije,,,,,,,,,62,0.4,3,,,,,,
springsfire,springs2,,stump,pije,,,,,,,,,22,0.17,5,,,,,,
springsfire,springs2,,stump,pije,,,,,,,,,24,0.19,5,,,,,,
springsfire,springs2,,stump,pije,,,,,,,,,65,0.36,4,,,,,,
springsfire,springs2,,stump,pije,,,,,,,,,17,0.2,4,,,,,,
springsfire,springs2,,stump,pije,,,,,,,0.26,,20,0.26,1,,,,,,
springsfire,springs2,13,live,pije,38.9,14.9,missing,,CO,2,3,,,,,,,,,,
springsfire,springs2,,stump,pije,,,,,,,,,13,0.22,4,,,,,,
springsfire,springs2,,stump,pije,,,,,,,,,31,0.23,4,,,,,,
springsfire,springs2,,stump,pije,,,,,,,,,10,0.15,3,,,,,,
springsfire,springs2,,stump,pije,,,,,,,,,12,0.16,5,,,,,,
springsfire,springs2,,stump,pije,,,,,,,,,12,0.14,5,,,,,,
springsfire,springs2,,stump,pije,,,,,,,,,24,0.16,5,,,,,,
springsfire,springs2,14,live,pije,30.2,9.3,3,,CO,1.25,,,,,,,,,,,
springsfire,springs2,15,live,pije,52.3,13.6,4,,CO,3,,,,,,,,,,,
springsfire,springs2,,stump,pije,,,,,,,,,13,0.14,5,,,,,,
springsfire,springs2,,stump,pije,,,,,,,,,15,0.17,3,,,,,,
springsfire,springs2,,stump,pije,,,,,,,,,13,0.15,5,,,,,,
springsfire,springs2,,stump,pije,,,,,,,,,43,0.18,5,,,,,,
springsfire,springs2,,stump,pije,,,,,,,,,16,0.25,5,,,,,,
springsfire,springs2,16,live,pije,33,13.3,3,,CO,1.5,,,,,,,,,,,
springsfire,springs2,17,live,pije,39.9,11,3,,CO,3.5,,,,,,,,,,,
springsfire,springs2,,stump,pije,,,,,,,,,17,0.27,4,,,,,,
springsfire,springs3,18,live,pije,32,8.1,4.1,,,1.5,2,,,,,,,,,,hadnt started collecting ladder fuels or live score yet
springsfire,springs3,,stump,pije,,,,,,,,,27,0.18,4,,,,,,
springsfire,springs3,19,live,pije,27.8,8,3,,IN,2.5,,,,,,,,,,,
springsfire,springs3,20,live,pije,52.5,16,5.5,,CO,4.5,,,,,,,,,,,
springsfire,springs3,21,live,pije,72.2,19.8,3.8,,DO,5.5,,,,,,,,,,,
springsfire,springs3,22,live,pije,42.2,12.5,3,,CO,4,1.5,,,,,,,,,,
springsfire,springs3,23,live,pije,28,7.4,2.3,,IN,2,1.5,,,,,,,,,,
springsfire,springs3,,stump,pije,,,,,,,,,21,0.23,1,,,,,,
springsfire,springs3,24,live,pije,30.6,9.2,3,,IN,3,,,,,,,,,,,
springsfire,springs3,25,live,pije,54.5,18.1,5.1,,CO,4,,,,,,,,,,,
springsfire,springs3,,stump,pije,,,,,,,,,10,0.26,4,,,,,,
springsfire,springs3,26,live,pije,27.2,7.3,2.2,,IN,3,,,,,,,,,,,
springsfire,springs3,,stump,pije,,,,,,,,,39,0.22,4,,,,,,
springsfire,springs3,27,live,pije,39.5,12.4,4,,CO,3,4,,,,,,,,,,
springsfire,springs3,,stump,pije,,,,,,,,,10,0.25,4,,,,,,
springsfire,springs4,28,live,pije,41,11.4,3,,CO,1.5,0.5,,,,,,,,,,hadnt started collecting ladder fuels or live score yet
springsfire,springs4,29,live,pije,39.4,12.4,3,,CO,2,,,,,,,,,,,
springsfire,springs4,,stump,pije,,,,,,,,,34,0.32,2,,,,,,remains of a burnt stump
springsfire,springs4,30,live,pije,41.5,11.8,3,,CO,2,,,,,,,,,,,
springsfire,springs4,,stump,pije,,,,,,,,,38,0.6,2,,,,,,remains of a burnt stump
springsfire,springs4,,stump,pije,,,,,,,,,20,0.23,4,,,,,,
springsfire,springs4,,stump,pije,,,,,,,,,97,0.44,3,,,,,,
springsfire,springs5,31,live,pije,65.3,18.6,5.1,,CO,2.5,,,,,,,,,,,hadnt started collecting ladder fuels or live score yet
springsfire,springs5,,stump,pije,,,,,,,,,19.5,0.27,3,,,,,,
springsfire,springs5,,stump,pije,,,,,,,,,56,0.49,2,,,,,,
springsfire,springs5,,stump,pije,,,,,,,,,38,0.65,2,,,,,,
springsfire,springs5,,stump,pije,,,,,,,,,9,0.24,2,,,,,,
springsfire,springs5,,stump,pije,,,,,,,,,11,0.31,2,,,,,,
springsfire,springs5,32,live,pije,64.3,18,5.4,,CO,5,,,,,,,,,,,
springsfire,springs5,,stump,pije,,,,,,,,,19,0.4,1,,,,,,
springsfire,springs5,,stump,pije,,,,,,,,,16,0.41,1,,,,,,
springsfire,springs5,,stump,pije,,,,,,,,,11,0.31,1,,,,,,
springsfire,springs5,33,live,pije,45.9,11.9,4,,,2.5,1.05,,,,,,,,,,
springsfire,springs5,,stump,pije,,,,,,,,,11,0.28,4,,,,,,
springsfire,springs5,,stump,pije,,,,,,,,,10,0.24,3,,,,,,
springsfire,springs5,,stump,pije,,,,,,,,,12,0.29,3,,,,,,
springsfire,springs5,,stump,pije,,,,,,,,,15,0.3,2,,,,,,
springsfire,springs5,,stump,pije,,,,,,,,,14,0.3,3,,,,,,
springsfire,springs5,34,live,pije,68.6,22.2,5.2,,DO,3,4.5,,,,,,,,,,
springsfire,springs5,35,live,pije,50.3,17.3,5.5,,CO,4,2,,,,,,,,,,
springsfire,springs5,,stump,pije,,,,,,,,,30,0.46,2,,,,,,
springsfire,springs5,,stump,pije,,,,,,,,,12,0.2,3,,,,,,
springsfire,springs5,,stump,pije,,,,,,,,,14,0.17,3,,,,,,
springsfire,springs5,,stump,pije,,,,,,,,,12,0.25,3,,,,,,
springsfire,springs5,,stump,pije,,,,,,,,,10,0.26,3,,,,,,
springsfire,springs5,,stump,pije,,,,,,,,,22,0.2,5,,,,,,
springsfire,springs5,,stump,pije,,,,,,,,,10,0.27,4,,,,,,
springsfire,springs6,36,live,pico,13.3,8,2,,IN,0.85,,,,,,,,,,,
springsfire,springs6,37,live,pico,39,10.9,2.3,,IN,2.7,,,,,,,,,,,
springsfire,springs6,38,live,pico,7.8,4,0.5,0.01,IN,1,,,,,,,,,,,
springsfire,springs6,39,live,pico,12.1,6,2,,IN,0.6,,,,,,,,,,,
springsfire,springs6,40,live,pico,10,6,1,,IN,0.9,,,,,,,,,,,
springsfire,springs6,41,live,pico,14.6,7,2,,IN,0.9,,,,,,,,,,,
springsfire,springs6,42,live,pico,7.8,4,1.9,0.75,IN,0.9,,,,,,,,,,,
springsfire,springs6,43,live,pico,17.4,9,2.1,0.5,IN,1,,,,,,,,,,,
springsfire,springs6,44,live,pico,14.3,8,2.1,0.5,IN,1.2,,,,,,,,,,,
springsfire,springs6,45,live,pico,10.9,5,2,,OV,0.5,,,,,,,,,,,
springsfire,springs6,46,live,pico,17.8,7.5,2,,IN,1.5,,,,,,,,,,,
springsfire,springs6,47,live,pico,31.6,8,2.5,1-Jan,IN,,,,,,,,,,,,
springsfire,springs6,48,live,pico,7.7,4,1.8,0.25,IN,0.5,,,,,,,,,,,
springsfire,springs6,49,live,pico,15.7,8,2.1,,IN,1,,,,,,,,,,,
springsfire,springs6,50,live,pico,9.1,7,4,,IN,0.5,,,,,,,,,,,
springsfire,springs6,51,live,pico,9.3,5.2,2,,IN,0.5,,,,,,,,,,,
springsfire,springs6,52,live,pico,8,6,2,,IN,0.5,,,,,,,,,,,
springsfire,springs6,53,live,pico,9.2,8,7,1,IN,0.5,,,,,,,,,,,
springsfire,springs6,54,live,pico,68.9,12,3,0.01,DO,7,,,,,,,,,,,
springsfire,springs6,55,dead,pico,16.1,5.9,,0.4,,,,,,,1,,,,,,
springsfire,springs6,56,live,pico,19.6,9.9,1.5,,IN,1,,,,,,,,,,,
springsfire,springs6,57,live,pico,17.1,10.9,5.6,1.5,CO,1,,,,,,,,,,,
springsfire,springs6,58,live,pico,19.3,10.3,3.7,1.5,IN,1.25,,,,,,,,,,,
springsfire,springs6,59,live,pico,15.5,7.7,2.2,0.7,IN,1,,,,,,,,,,,
springsfire,springs6,60,live,pico,36,9.8,2,0.3,CO,4,,,,,,,,,,,
springsfire,springs6,61,live,pico,12.9,6,1,,IN,0.75,,,,,,,,,,,
springsfire,springs6,62,live,pico,36.5,13.5,1,,CO,2,,,,,,,,,,,
springsfire,springs6,63,live,pico,49.4,14.8,1.5,0.2,CO,3,,,,,,,,,,,
springsfire,springs6,64,live,pico,20.3,10.5,3.9,1.2,IN,1.25,,,,,,,,,,,
springsfire,springs7,65,live,pico,33.3,16,2,x,CO,2.5,0.1,1,,,,,,,,,
springsfire,springs7,66,live,pico,14.3,9,1.1,x,OV,1.5,0.1,1,,,,,,,,,
springsfire,springs7,67,live,pico,23.8,8.4,2,0.3,IN,2,0.3,1,,,,,,,,,
springsfire,springs7,68,live,pico,13.9,5,1.8,0.2,OV,1,0.1,1,,,,,,,,,
springsfire,springs7,,stump,pico,,,,,,,,,99.7,0.29,3,,,,,,
springsfire,springs7,69,live,pico,15.8,6,1.1,x,IN,1.75,0.05,1,,,,,,,,,
springsfire,springs7,70,live,pico,14.9,11,3,x,OV,0.5,0.5,1,,,,,,,,,
springsfire,springs7,71,live,pico,16.6,12,3,x,OV,0.5,0.5,1,,,,,,,,,
springsfire,springs7,,stump,pico,,,,,,,,,23.6,0.72,2,,,,,,
springsfire,springs7,,stump,pico,,,,,,,,,61,0.28,2,,,,,,
springsfire,springs7,72,live,pico,52.3,17,9,x,CO,5,0.5,1,,,,,,6,2,,
springsfire,springs7,,stump,pico,,,,,,,,,51,0.3,2,,,,,,
springsfire,springs7,73,live,pico,31,14,5,2,IN,4,none,3,,,,,,6,3,,
springsfire,springs7,74,live,pico,52.3,17,3,x,CO,5,0.3,1,,,,,,,,,
springsfire,springs7,75,live,pico,44.3,17.1,3,x,CO,4,0.2,1,,,,,,,,,
springsfire,springs7,76,live,pico,15.8,9.6,1,x,OV,1,0.2,2,,,,,,,,,
springsfire,springs7,,dead,pico,12,9.4,,x,,,,,,,3,,,,,,
springsfire,springs7,77,live,pico,18.8,11,3,x,OV,2,0.3,3,,,,,,,,,
springsfire,springs7,78,live,pico,48.5,21,7,x,CO,4,1,2,,,,,,,,,
springsfire,springs7,79,live,pico,50.6,25,8,2.5,CO,3,0.6,1,,,,,,,,,
springsfire,springs7,,stump,pico,,,,,,,,,23,0.75,1,,,,,,
springsfire,springs7,80,live,pico,72.4,22,3,x,CO,6,0.2,1,,,,,,,,,
springsfire,springs7,81,live,pico,45.4,19,3,x,CO,2.5,0.2,1,,,,,,,,,
springsfire,springs8,82,live,pico,59.6,16,3.5,,CO,5,,,2,,,,,,,,
springsfire,springs8,83,live,pije,47.9,8.5,4,,OP,4,,,2,,,,,,,,
springsfire,springs8,84,live,pije,8.2,4.2,2,,OP,1,,,1,,,,,,,,
springsfire,springs8,85,live,pico,28.7,12,3,5.8,IN,2,,,1,,,,,,,,
springsfire,springs8,86,live,pico,48.1,20,5.5,,CO,5,,,1,,,,,,,,
springsfire,springs8,87,live,pico,56.8,15,6,5.8,CO,5,,,1,,,,,,,,
springsfire,springs8,88,live,pico,12.8,8,2,,IN,1.5,,,1,,,,,,,,
springsfire,springs8,89,live,pije,11.6,4,2.1,,OP,1.5,,,1,,,,,,,,
springsfire,springs8,90,live,pije,57.7,16,6,8,CO,3,,,2,,,,,,,,
springsfire,springs8,91,live,pije,47.4,13,4,,CO,2.5,,,2,,,,,,,,
springsfire,springs8,92,live,pico,29.2,13,2,,IN,2,,,1,,,,,,,,
springsfire,springs8,93,live,pico,11.8,5,1,,OP,1.5,,,1,,,,,,,,
springsfire,springs8,94,live,pije,46.1,16,6,,CO,3.5,,,1,,,,,,,,
springsfire,springs8,95,live,pije,13.7,4.2,1,,IN,1.5,,,1,,,,,,,,
springsfire,springs8,96,live,pije,23,9,2.2,,IN,2,,,2,,,,,,,,
springsfire,springs8,97,live,pije,22.5,9,4,,IN,1.75,,,1,,,,,,,,
springsfire,springs8,98,live,pije,9.9,4.5,1.5,,OP,1.5,,,1,,,,,,,,
springsfire,springs10,113,live,pico,55.9,18.9,1.5,0.5,CO,6,,1,,,,,,,,,
springsfire,springs10,114,live,pije,16.1,6.2,2,0.5,OV,1.5,,1,,,,,,,,,
springsfire,springs10,115,live,pico,44.5,13,2.4,0.5,CO,5.5,,1,,,,,,,,,
springsfire,springs10,116,live,pico,8.1,5.2,1,0.25,OV,1,,1,,,,,,,,,
springsfire,springs10,117,live,pije,33.7,16,3,2,IN,2,,1,,,,,,,,,
springsfire,springs10,118,live,pico,75.3,22.8,3,0.5,CO,4,,1,,,,,,,,,
springsfire,springs10,119,live,pico,21.4,9.1,1.9,0.5,IN,2.5,,1,,,,,,,,,
springsfire,springs10,120,live,pico,13.8,7,2.9,0,IN,1,,2,,,,,,,,,
springsfire,springs10,121,live,pico,65.4,19.4,5,1,CO,3,,2,,,,,,,,,
springsfire,springs10,122,live,pico,40.7,13,3,1.8,IN,3,,2,,,,,,,,,
springsfire,springs10,123,live,pico,47.3,17.8,3,2,CO,2.5,,1,,,,,,,,,
springsfire,springs10,124,live,pico,40.5,17.4,2.6,0,CO,3,,2,,,,,,,,,
springsfire,springs10,125,live,pico,18.9,8,2.5,1,OV,2,,1,,,,,,,,,
springsfire,springs11,,stump,pije,,,,,,,,,11,0.3,4,,,,,,
springsfire,springs11,126,live,pije,34,11.9,3.5,1.8,CO,3,2,2,,,,,,,,,
springsfire,springs11,127,live,pije,35.1,13.8,4.6,2,CO,3.5,4,2,,,,,,,,,
springsfire,springs11,128,live,pije,27.9,8.9,4.6,2.5,IN,2,4,2,,,,,,,,,
springsfire,springs11,,stump,pije,,,,,,,,,16,0.12,3,,,,,,
springsfire,springs11,,stump,pije,,,,,,,,,14,0.15,3,,,,,,
springsfire,springs11,,stump,pije,,,,,,,,,35,0.17,3,,,,,,
springsfire,springs11,,stump,pije,,,,,,,,,8,0.08,4,,,,,,
springsfire,springs11,129,live,pije,54.7,17.9,9.1,3.6,IN,7,4,2,,,,,,,,,
springsfire,springs11,,stump,pije,,,,,,,,,8,0.17,3,,,,,,
springsfire,springs11,130,live,pije,94,24.5,10.5,4.5,CO,8,5,2,,,,,,,,,
springsfire,springs12,,stump,pije,,,,,,,,,32,0.36,1,,,,,,
springsfire,springs12,131,live,pije,32.9,13.7,7,3.5,IN,1,3.5,2,,,,,,,,,
springsfire,springs12,132,live,pije,66.6,21.8,9.4,4,CO,4,3,2,,,,,,,,,
springsfire,springs12,,stump,pije,,,,,,,,,60,0.2,5,,,,,,
springsfire,springs12,133,live,pije,40.5,16.3,7.1,5,IN,2,4,2,,,,,,,,,
springsfire,springs12,134,live,pije,32.5,11,5.5,3,IN,2,3.5,2,,,,,,,,,
springsfire,springs12,135,live,pije,53.5,15,6.8,3,DO,3,6,2,,,,,,,,,
springsfire,springs12,136,live,pije,47.3,13.3,5.5,2.5,CO,4,3,2,,,,,,,,,
springsfire,springs12,137,live,pije,35.3,13.3,5.9,2.5,CO,3,3,2,,,,,,,,,
springsfire,springs12,138,live,pije,37.5,14.1,5.7,2.5,CO,2.5,3,2,,,,,,,,,
springsfire,springs12,,stump,pije,,,,,,,,,17,0.23,2,,,,,,
springsfire,springs12,,stump,pije,,,,,,,,,98,0.47,2,,,,,,
springsfire,springs12,139,live,pije,30.7,,,,,1,,2,,,,,,,,,
springsfire,springs12,,stump,pije,,,,,,,,,20,0.15,5,,,,,,
springsfire,springs13,,stump,pije,,,,,,,,,11,0.2,3,,,,,,
springsfire,springs13,140,live,pije,38.4,10,1,0.75,CO,1.25,0.5,1,,,,,,,,,
springsfire,springs13,,stump,pije,,,,,,,,,115,0.64,4,,,,,,
springsfire,springs13,141,live,pije,40.9,11.9,4,2,CO,1,4,2,,,,,,,,,
springsfire,springs13,142,live,pije,9.6,3.5,0.3,0.2,IN,0.6,0,1,,,,,,,,,
springsfire,springs13,143,live,pije,15,4.25,0.4,0.3,IN,0.75,0,2,,,,,,,,,
springsfire,springs13,144,live,pije,40.7,12,3.25,1.5,CO,2.25,0,1,,,,,,,,,
springsfire,springs14,145,live,pije,31.5,15.2,9,5,CO,2,4,1,,,,,,,,,
springsfire,springs14,146,live,pije,33.1,12.7,8,2,CO,2,4,2,,,,,,,,,
springsfire,springs14,147,live,pije,32.9,15.2,9,4,IN,2,4,2,,,,,,,,,
springsfire,springs14,,stump,pije,,,,,,,,,27,0.28,3,,,,,,
springsfire,springs14,148,live,pije,40.8,13,5.5,3,IN,3.5,4,2,,,,,,,,,
springsfire,springs14,,stump,pije,,,,,,,,,38,0.23,2,,,,,,
springsfire,springs14,,stump,pije,,,,,,,,,24,0.27,3,,,,,,
springsfire,springs14,149,live,pije,69.4,14,7.5,5,IN,6,4.5,1,,,,,,,,,
springsfire,springs14,150,live,pije,23.6,5,3,1,IN,2,2.5,2,,,,,,,,,
springsfire,springs14,151,live,pije,34.8,12,6,4,IN,3,4.5,2,,,,,,,,,
springsfire,springs14,152,live,pije,51.9,16,8,4.5,IN,3.5,5,2,,,,,,,,,
springsfire,springs14,153,live,pije,30.7,15,7,3,IN,2.5,4.5,2,,,,,,,,,
springsfire,springs14,,stump,pije,,,,,,,,,16,0.24,3,,,,,,
springsfire,springs14,154,live,pije,30.3,13,11,6,IN,1.75,4,3,,,,,,,,,
springsfire,springs15,155,live,pije,56.1,16.2,6.4,3,CO,3.5,4,2,,,,,,,,,
springsfire,springs15,156,live,pije,57.6,18,7,3.5,CO,4,3,2,,,,,,,,,
springsfire,springs15,157,live,pije,45.3,13,1.7,0.2,IN,6,0,1,,,,,,,,,
springsfire,springs15,158,live,pije,29.6,12,1.5,0,IN,2.5,0.2,1,,,,,,,,,
springsfire,springs15,159,live,pije,21.3,7.1,2.9,0.7,IN,2,0.5,1,,,,,,,,,
springsfire,springs15,160,live,pije,10.8,4.5,0.5,0,IN,1,0,1,,,,,,,,,
springsfire,springs15,,stump,pije,,,,,,,,,16.5,0.06,5,,,,,,
springsfire,springs15,161,live,pije,33.5,14.3,5,1,CO,1,2.5,3,,,,,,,,,
springsfire,springs16,162,live,pije,53.1,13.4,6.5,2,IN,7,2.5,2,,,,,,,,,
springsfire,springs16,163,live,pije,73.3,18.5,7.5,2.25,CO,7,4,1,,,,,,,,,
springsfire,springs16,164,live,pije,0.5,14,6,4,IN,6,0,1,,,,,,,,,
springsfire,springs16,165,live,pije,35.3,9,4,1.5,IN,2,0.2,1,,,,,,,,,
springsfire,springs16,166,live,pije,64.6,19,6,3,CO,8,6,1,,,,,,,,,
springsfire,springs17,167,live,pije,54.1,15,3.5,2,CO,2,4.5,2,,,,,,,,,
springsfire,springs17,168,live,pije,57.5,14,4,3,CO,3,3.5,2,,,,,,,,,
springsfire,springs17,,stump,pije,,,,,,,,,8,0.37,4,,,,,,
springsfire,springs17,,stump,pije,,,,,,,,,17,0.2,3,,,,,,
springsfire,springs17,,stump,pije,,,,,,,,,18,0.21,3,,,,,,
springsfire,springs17,169,live,pije,52.1,15,4,1.75,Co,4,2.5,1,,,,,,,,,
springsfire,springs18,,stump,pije,,,,,,,,,110,0.45,4,,,,,,
springsfire,springs18,170,live,pije,38.2,13.6,5,2,CO,3.5,,1,,,,,,,,,
springsfire,springs18,171,live,pije,41.6,14.5,4.5,2.5,CO,3.5,,1,,,,,,,,,
springsfire,springs18,,stump,pije,,,,,,,,,31,0.22,3,,,,,,
springsfire,springs18,,stump,pije,,,,,,,,,67,0.37,4,,,,,,
springsfire,springs18,172,live,pije,44.8,14.5,4,2,CO,4,,1,,,,,,,,,
springsfire,springs18,173,live,pije,50,14.4,5.5,2.5,CO,4,,1,,,,,,,,,
springsfire,springs18,174,live,pije,49,15,4,2,CO,3.5,,1,,,,,,,,,
springsfire,springs18,175,live,pije,48,15.5,5,2,CO,3.5,,1,,,,,,,,,
springsfire,springs18,176,live,pije,45.7,13.4,5.2,2,CO,2,,1,,,,,,,,,
springsfire,springs18,,stump,pije,,,,,,,,,22,0.13,5,,,,,,
springsfire,springs18,,stump,pije,,,,,,,,,13,0.15,5,,,,,,
springsfire,springs18,,stump,pije,,,,,,,,,20,0.17,5,,,,,,
springsfire,springs18,177,live,pije,28.7,6.7,2.5,2,IN,2,,1,,,,,,,,,
springsfire,springs18,178,live,pije,38.4,12.5,4,1.8,CO,3.5,,1,,,,,,,,,
springsfire,springs18,,stump,pije,,,,,,,,,16,0.15,5,,,,,,
springsfire,springs19,179,live,pije,39.5,13,3,2,CO,3,0,1,,,,,,,,,TAGS 185 AND 186 WERE LOST
springsfire,springs19,180,live,pije,42.1,13,3,1.9,CO,6,0.5,1,,,,2.5,tr,,,,
springsfire,springs19,181,live,pije,57.9,15,4,1,CO,5,0.2,1,,,,,,,,,
springsfire,springs19,182,live,pije,44.5,14,4,1.5,CO,3,0.1,1,,,,,,,,,
springsfire,springs19,,stump,pije,,,,,,,,,38,0.29,2,,,,,,
springsfire,springs19,183,live,pije,41.5,16,4,2,CO,2.5,1.9,1,,,,,,,,,
springsfire,springs19,184,live,pije,39.9,15,4,1,CO,4,0.4,1,,,,,,,,,
springsfire,springs19,,stump,pije,,,,,,,,,39,0.23,1,,,,,,
springsfire,springs20,,stump,pije,,,,,,,,,9,0.09,1,,,,,,
springsfire,springs20,,stump,pije,,,,,,,,,17,0.16,1,,,,,,
springsfire,springs20,,stump,pije,,,,,,,,,8,0.18,1,,,,,,
springsfire,springs20,,stump,pije,,,,,,,,,41.5,0.1,1,,,,,,
springsfire,springs20,187,live,pije,11.2,4.2,2,0.8,IN,1.25,0.8,1,,,,,,,,,
springsfire,springs20,,live,pije,36.4,14.1,5.1,4,CO,3,,1,,,,,,,,,
springsfire,springs20,,stump,pije,,,,,,,,,45,0.35,3,,,,,,
springsfire,springs20,,stump,pije,,,,,,,,,18,0.25,2,,,,,,
springsfire,springs20,,stump,pije,,,,,,,,,23,0.21,2,,,,,,
springsfire,springs20,,stump,pije,,,,,,,,,34,0.15,2,,,,,,
springsfire,springs20,,stump,pije,,,,,,,,,13,0.18,3,,,,,,
springsfire,springs20,,stump,pije,,,,,,,,,18,0.15,3,,,,,,
springsfire,springs20,189,live,pije,47,16.5,5,,,,,,,,,,,,,,
springsfire,springs20,,stump,pije,,,,3.5,,,3.5,1,38.5,0.3,2,,,,,,
springsfire,springs20,,stump,pije,,,,,,,,,14,0.17,2,,,,,,
springsfire,springs20,190,live,pije,34.95,10,4,1.2,IN,3.5,3,,,,,,,,,,
springsfire,springs20,191,live,pije,45.6,13,5,2.5,CO,4,,,,,,,,,,,
springsfire,springs20,,stump,pije,,,,,,,,,23,0.25,1,,,,,,
springsfire,springs20,,stump,pije,,,,,,,,,17.5,0.15,1,,,,,,
springsfire,springs20,192,live,pije,38.7,12,3.5,3.5,IN,4.5,1.5,,,,,,,,,,
springsfire,springs20,,stump,pije,,,,,,,,,10,0.14,2,,,,,,
springsfire,springs20,,stump,pije,,,,,,,,,24,0.23,3,,,,,,
springsfire,springs21,,stump,pije,,,,,,,,,9,0.13,1,,,,,,
springsfire,springs21,193,live,pije,28.5,10.7,2.5,1.6,IN,3,0.2,1,,,,,,,,,
springsfire,springs21,,stump,pije,,,,,,,,,100,0.39,2,,,,,,
springsfire,springs21,,stump,pije,,,,,,,,,22,0.21,4,,,,,,
springsfire,springs21,194,live,pije,51.4,14.9,3.7,1,CO,4,1,1,,,,,,,,,
springsfire,springs21,195,live,pije,45,16.7,4.5,2,CO,4.5,0.5,1,,,,,,,,,
springsfire,springs21,,stump,pije,,,,,,,,,42,0.6,3,,,,,,
springsfire,springs21,,stump,pije,,,,,,,,,40,0.24,3,,,,,,
springsfire,springs21,,stump,pije,,,,,,,,,12,0.14,5,,,,,,
springsfire,springs21,196,live,pije,42.6,13,4,1.7,CO,4,0,1,,,,,,,,,char on top stem
springsfire,springs21,,stump,pije,,,,,,,,,28,0.22,3,,,,,,
springsfire,springs21,,stump,pije,,,,,,,,,29,0.23,4,,,,,,
springsfire,springs21,197,live,pije,41.8,15.2,4.9,2,CO,3.5,0,1,,,,,,,,,
springsfire,springs21,198,live,pije,35.3,12,3,1,CO,4,0,1,,,,,,,,,
springsfire,springs21,,stump,pije,,,,,,,,,17,0.19,2,,,,,,
springsfire,springs21,,stump,pije,,,,,,,,,34,0.23,2,,,,,,stump
springsfire,springs21,,dead,pije,,,,,,,,,10,11.11,3,,,,,,stump
springsfire,springs21,199,live,pije,42,14.8,4,1.5,CO,2,0,1,,,,,,,,,
springsfire,springs21,200,live,pije,29.5,11,4,1.2,CO,5,3,1,,,,,,,,,
springsfire,springs22,,stump,pije,,,,,,,,,18,0.2,2,,,,,,
springsfire,springs22,,stump,pije,,,,,,,,,8,0.9,5,,,,,,
springsfire,springs22,,stump,pije,,,,,,,,,10,0.11,3,,,,,,
springsfire,springs22,,stump,pije,,,,,,,,,10,0.15,3,,,,,,
springsfire,springs22,,stump,pije,,,,,,,,,47,0.26,2,,,,,,
springsfire,springs22,201,live,pije,47.5,17,9,3,CO,4,2.5,2,,,,,,,,,
springsfire,springs22,,stump,pije,,,,,,,,,42,0.19,2,,,,,,
springsfire,springs22,202,live,pije,53.5,17.4,6,3.5,CO,4,0.5,1,,,,,,,,,
springsfire,springs22,,stump,pije,,,,,,,,,23,0.15,1,,,,,,
springsfire,springs22,,stump,pije,,,,,,,,,16,0.18,4,,,,,,
springsfire,springs22,203,live,pije,40.7,16.4,4.5,2,IN,3.5,0.3,1,,,,,,,,,
springsfire,springs22,204,live,pije,47.6,17.5,7,3,CO,3.5,1,1,,,,,,,,,
springsfire,springs22,,stump,pije,,,,,,,,,31,0.19,2,,,,,,
springsfire,springs22,,stump,pije,,,,,,,,,14,0.1,4,,,,,,
springsfire,springs22,,stump,pije,,,,,,,,,9,0.09,4,,,,,,
springsfire,springs22,,stump,pije,,,,,,,,,26,0.16,3,,,,,,
springsfire,springs22,,stump,pije,,,,,,,,,25,0.39,3,,,,,,
springsfire,springs22,,stump,pije,,,,,,,,,15,0.17,2,,,,,,
springsfire,springs22,205,live,pije,46.1,15.7,3.7,2.3,CO,3.5,2.5,2,,,,,,,,,
springsfire,springs22,,stump,pije,,,,,,,,,11,0.18,1,,,,,,
springsfire,springs22,206,live,pije,35.2,10.5,3,0.5,IN,3,1.5,1,,,,,,,,,
springsfire,springs22,,stump,pije,,,,,,,,,15,0.15,3,,,,,,
springsfire,springs22,207,live,pije,52.2,17,5,2,CO,2.2,1.5,1,,,,,,,,,
springsfire,springs22,,stump,pije,,,,,,,,,11,0.13,2,,,,,,
springsfire,springs22,,stump,pije,,,,,,,,,15,0.2,3,,,,,,
springsfire,springs22,,stump,pije,,,,,,,,,8.5,0.14,2,,,,,,
springsfire,springs22,,stump,pije,,,,,,,,,25,0.24,2,,,,,,
springsfire,springs22,,stump,pije,,,,,,,,,8,0.18,2,,,,,,
springsfire,springs22,,stump,pije,,,,,,,,,9,0.17,3,,,,,,
springsfire,springs22,,stump,pije,,,,,,,,,18,0.15,2,,,,,,
springsfire,springs23,208,live,pije,24.5,7,2,0.5,IN,,1.25,1,,,,,,,,,
springsfire,springs23,209,live,pije,41.6,10,3,2,CO,,2.5,1,,,,,,,,,red needles at top
springsfire,springs23,210,live,pije,56.5,15,5,3,CO,4,0.75,1,,,,,,,,,
springsfire,springs23,,stump,pije,,,,,,,,,47,0.26,2,,,,,,
springsfire,springs23,211,live,pije,52.9,13,5,2.5,CO,4,3,1,,,,,,,,,
springsfire,springs23,,stump,pije,,,,,,,,,51,0.25,1,,,,,,
springsfire,springs23,,stump,pije,,,,,,,,,21,0.2,1,,,,,,
springsfire,springs23,212,live,pije,38.9,12,4,2,CO,4.7,3,1,,,,,,,,,
springsfire,springs23,,stump,pije,,,,,,,,,43,0.24,2,,,,,,
springsfire,springs23,213,stump,pije,45.85,16,5,4,CO,5,4.5,1,,,,,,,,,
springsfire,springs23,,stump,pije,,,,,,,,,38,0.21,2,,,,,,
springsfire,springs24,,stump,pije,,,,,,,,,50,0.04,4,,,,,,
springsfire,springs24,214,live,pije,58.5,29.5,5,,DO,2,0.9,1,,,,,,,,,
springsfire,springs24,,stump,pije,,,,,,,,,45,0.5,2,,,,,,
springsfire,springs24,215,live,pije,48.3,19.3,6,,CO,2,0.3,2,,,,,,,,,
springsfire,springs24,,stump,pije,,,,,,,,,14,0.17,3,,,,,,
springsfire,springs24,216,live,pije,23.9,6.7,2,,IN,4,0.8,1,,,,,,,,,
springsfire,springs24,,stump,pije,,,,,,,,,46,0.35,3,,,,,,
springsfire,springs24,217,live,pije,43.5,14.9,3.6,2,CO,3.5,0.2,1,,,,,,,,,
springsfire,springs24,218,live,pije,39.1,11.2,2.7,1,CO,3,1.5,1,,,,,,,,,
springsfire,springs24,,stump,pije,,,,,,,,,17,0.15,5,,,,,,
springsfire,springs24,219,live,pije,50.8,15.9,4,2,CO,4,1,1,,,,,,,,,
springsfire,springs25,220,live,pije,32.6,9.8,3,1.5,,3.5,1.75,1,,,,,,,,,
springsfire,springs25,221,live,pije,48.2,14,3,2,CO,4,between crown height and 4 meters,1,,,,,,,,,
springsfire,springs25,222,live,pije,37.5,10.9,3,1,CO,3.5,0.2,1,,,,,,,,,
springsfire,springs25,,stump,pije,,,,,,,,,26.5,1.1,4,,,,,,
springsfire,springs25,,stump,pije,,,,,,,,,93,0.51,3,,,,,,
springsfire,springs26,223,live,pico,14,9.3,5.3,1.25,IN,1.5,,1,,,,,,,,,
springsfire,springs26,224,live,pico,14.7,7.8,2.5,0.3,OV,2.5,,1,,,,,,,,,
springsfire,springs26,225,live,pico,8.8,5,1.7,0.4,OV,1,,1,,,,,,,,,
springsfire,springs26,226,live,pico,27.85,14,3.7,2,IN,3.5,,1,,,,,,,,,
springsfire,springs26,227,live,pico,23.4,10.5,3.5,0.9,IN,3.5,,1,,,,,,,,,
springsfire,springs26,228,live,pije,61.2,17.5,8,3.3,CO,6,0.3,1,,,,,,,,,
springsfire,springs26,229,live,pije,17.75,10,4,2.5,OV,2.5,,1,,,,,,,,,
springsfire,springs26,230,live,pico,13.3,8,2.5,0.6,OV,1,,1,,,,,,,,,
springsfire,springs26,231,live,pije,28.3,15,6,5,CO,1.25,,1,,,,,,,,,
springsfire,springs26,232,live,pije,40.5,14.7,5.8,2,CO,4,1.5,1,,,,,,,,,
springsfire,springs26,233,live,pije,8.2,4,1.8,0.3,OV,1,,1,,,,,,,,,
springsfire,springs26,234,live,pije,9.1,4,2,0.5,OV,0.5,,1,,,,,,,,,
springsfire,springs26,235,live,pico,39.3,13.5,3,0.8,CO,7,,1,,,,,,,,,
springsfire,springs26,236,live,pico,25.9,8,3.3,0.1,IN,6,,1,,,,,,,,,
springsfire,springs26,237,live,pije,11.85,4.2,2.1,1.4,OV,1,,1,,,,,,,,,
springsfire,springs26,238,live,pije,8.9,3.5,2,1,OV,1.2,,1,,,,,,,,,
springsfire,springs26,239,live,pije,10,4,2.1,2,OV,1.5,,1,,,,,,,,,
springsfire,springs26,240,live,pije,8.1,3.8,2.2,0.5,OV,1,,1,,,,,,,,,
springsfire,springs26,241,live,pije,60.5,18.2,8.2,4,CO,3,2,1,,,,,,,,,
springsfire,springs26,242,live,pico,25.5,15.5,6.9,0.4,OV,5.5,,1,,,,,,,,,
springsfire,springs26,243,live,pico,29.3,11,5,1,IN,2,0.9,1,,,,,,,,,
springsfire,springs26,244,live,pije,9.2,4.2,2,0.5,OV,1,0.4,1,,,,,,,,,
springsfire,springs26,245,live,pije,10.3,4.3,1.4,0.2,OV,1.5,,1,,,,,,,,,
springsfire,springs26,246,live,pije,20.1,8,3.7,1.8,OV,1.5,1.1,1,,,,,,,,,
springsfire,springs26,247,live,pije,20.55,9.7,3.5,1.9,OV,2.5,,1,,,,,,,,,
springsfire,springs26,248,live,pije,15.5,8,3,1.7,IN,1.5,1,1,,,,,,,,,
springsfire,springs26,249,live,pije,46.2,17,6,2.7,CO,6,0.5,1,,,,,,,,,
springsfire,springs26,,dead,pico,84.1,21,,2,,,0.4,,,,2,,,,,,
springsfire,springs26,250,live,pico,21.7,12,6,0.5,IN,2,,1,,,,,,,,,
springsfire,springs26,,dead,pico,15.3,8,,1,,,,,,,1,,,,,,
springsfire,springs26,251,live,pico,39.2,21.5,9,2,CO,8,,2,,,,,,,,,
springsfire,springs26,252,live,pico,16.6,10,5,1.5,OV,1,,1,,,,,,,,,
springsfire,springs26,253,live,,7.8,6,4,0.6,OV,0.6,,1,,,,,,,,,
springsfire,springs27,254,live,pije,49.7,15.3,6,2.2,CO,4,2,1,,,,,,,,,
springsfire,springs27,255,live,pije,30.2,10.4,3.5,1.9,OV,1.5,0.3,2,,,,,,,,,
springsfire,springs27,,stump,pije,,,,,,,,,13.6,0.47,3,,,,,,
springsfire,springs27,256,live,pije,19.4,8.6,3.5,1.4,OV,1,,2,,,,,,,,,
springsfire,springs27,,dead,pico,31,11.5,,0.5,,,,,,,1,,,,,,
springsfire,springs27,,dead,pico,16.9,10,,0.05,,,,,,,1,,,,,,
springsfire,springs27,257,live,pico,46.5,16,4,1.6,CO,5.5,,1,,,,,,,,,
springsfire,springs27,258,live,pije,10.1,4.5,1.6,0.6,OV,1.5,TR,1,,,,,,,,,
springsfire,springs27,259,live,pije,34.8,15.3,5,0.9,CO,2.5,0.4,1,,,,,,,,,
springsfire,springs27,260,live,pije,40.2,15.1,5.5,2.5,CO,2.75,1.5,1,,,,,,,,,
springsfire,springs27,,dead,pije,10,5,,0.8,,,,,,,1,,,,,,
springsfire,springs27,261,live,pije,23.5,11.2,4,0.7,IN,1.5,1.2,,,,,,,,,,
springsfire,springs27,262,live,pico,35.1,14,3,0.5,CO,3,0.1,1,,,,,,,,,
springsfire,springs27,263,live,pije,16.9,6,2.4,0.25,IN,1.5,0.4,1,,,,,,,,,
springsfire,springs27,264,live,pije,23.4,9,1.5,1.4,IN,1.5,0.2,1,,,,,,,,,
springsfire,springs27,265,live,pije,9.2,5,3,0.8,OV,0.75,0.3,2,,,,,,,,,
springsfire,springs27,266,live,pije,11.6,6,3,1.2,OV,1,0.3,1,,,,,,,,,
springsfire,springs27,267,live,pije,15.5,6.2,3,0.8,IN,1.25,0.4,1,,,,,,,,,
springsfire,springs27,268,live,pico,37.3,12,2,0.5,CO,5,,1,,,,,,,,,
springsfire,springs27,269,live,pije,35.1,12,6,1.2,CO,4,,1,,,,,,,,,
springsfire,springs28,270,live,pije,19.8,8,2,0.2,IN,2,,1,,,,,,,,,
springsfire,springs28,271,live,pije,58.8,19.5,9,4,DO,4.5,,1,,,,,,,,,
springsfire,springs28,272,live,pije,12.9,6,2.6,2,OV,1,,1,,,,,,,,,
springsfire,springs28,273,live,pije,12.2,6,2.7,2.5,OV,2,,1,,,,,,,,,
springsfire,springs28,274,live,pije,61.8,10.8,4,1,IN,7,,2,,,,,,,,,
springsfire,springs28,276,live,pije,37.2,15,4.5,1.6,CO,3.5,1.6,1,,,,,,,,,lost tag 275
springsfire,springs28,277,live,pije,38.9,13.5,4.5,2,CO,3,1.4,1,,,,,,,,,
springsfire,springs28,278,live,pije,21.6,10,3,1.4,IN,2,0.4,1,,,,,,,,,
springsfire,springs28,279,live,pije,28.8,8.1,3.7,1.5,IN,2.5,0.3,2,,,,,,,,,
springsfire,springs28,280,live,pije,10.1,4.25,2,1.1,OV,1,0.1,1,,,,,,,,,
springsfire,springs28,281,live,pije,9.9,5.2,2,1,OV,1,,1,,,,,,,,,
springsfire,springs28,282,live,pije,46,16.4,5,1.8,CO,4,2.2,1,,,,,,,,,
springsfire,springs28,283,live,pije,14,5,2.2,1.1,OV,1,0.4,2,,,,,,,,,
springsfire,springs28,284,live,pije,12,5.7,2.5,1.2,IN,1,,1,,,,,,,,,
springsfire,springs28,285,live,pije,15.7,5.3,2.1,0.5,OV,1.5,,1,,,,,,,,,
springsfire,springs28,286,live,pije,20.4,5.7,2.5,0.7,OV,2,,1,,,,,,,,,
springsfire,springs28,287,live,pije,15.2,5.7,3.5,1,IN,1.5,,1,,,,,,,,,
springsfire,springs28,288,live,pije,11.1,5.5,3.5,1.1,OV,1,,1,,,,,,,,,
springsfire,springs28,289,live,pije,18,7,3.7,0.8,IN,2,,1,,,,,,,,,
springsfire,springs28,290,live,pije,9.9,3.5,1.9,1,OV,1,,2,,,,,,,,,
springsfire,springs28,291,live,pije,29.1,10.4,4.2,1.6,CO,2.5,0.1,1,,,,,,,,,
springsfire,springs28,292,live,pije,7.9,4,1.5,1,OV,1,,1,,,,,,,,,
springsfire,springs28,293,live,pije,18,5.5,2.2,0.7,IN,2,,2,,,,,,,,,
springsfire,springs28,294,live,pije,34.1,11.8,5,1.8,CO,3,,1,,,,,,,,,
springsfire,springs28,295,live,pije,34.7,12,5,1.6,CO,2,,1,,,,,,,,,
springsfire,springs28,296,live,pije,28.5,10,5,1.7,CO,3,,1,,,,,,,,,
springsfire,springs28,297,live,pije,15.8,5.5,2.25,1,OV,5,,1,,,,,,,,,
springsfire,springs28,298,live,pije,37,12.5,5,2,CO,3,,1,,,,,,,,,
springsfire,springs29,299,live,pije,41.6,15,6,1,CO,3.25,4,1,,,,,,,,,
springsfire,springs29,300,live,pije,31.6,12,5,1.1,IN,2.5,1.2,1,,,,,,,,,
springsfire,springs29,301,live,pije,45.5,16,4.3,1.4,CO,5,,1,,,,,,,,,
springsfire,springs29,302,live,pije,38.2,13.2,6,1.2,IN,4,,1,,,,,,,,,
springsfire,springs29,303,live,pije,52.8,18,8,2,CO,4,8,1,,,,,,,,,
springsfire,springs30,304,live,pije,11.7,5.1,1.9,0.1,OV,1.5,,2,,,,,,,,,
springsfire,springs30,305,live,pije,30.3,11.8,3,0.5,IN,2.5,,1,,,,,,,,,
springsfire,springs30,306,live,pije,18.8,7.9,2,0.75,IN,2,,2,,,,,,,,,
springsfire,springs30,307,live,pije,19,5.6,2.6,0.4,OV,2.5,0.5,1,,,,,,,,,
springsfire,springs30,308,live,pije,20.8,9.7,2.8,0.4,IN,2,0.5,1,,,,,,,,,
springsfire,springs30,309,live,pije,22.4,7.7,2,0.5,OV,3,,1,,,,,,,,,
springsfire,springs30,310,live,pije,10.5,4.5,2,0.5,OV,1.5,,2,,,,,,,,,
springsfire,springs30,311,live,pije,101,20,7,4,CO,11,,1,,,,,,,,,
springsfire,springs30,312,live,pije,22.2,8,2.5,0.5,IN,2.5,,2,,,,,,,,,
springsfire,springs30,313,live,pije,11.6,4.25,1.4,0.2,OV,1.5,,1,,,,,,,,,
springsfire,springs30,314,live,pije,11.9,4.35,1.5,0.2,OV,1.75,,1,,,,,,,,,
springsfire,springs30,315,live,pije,15.7,7.4,2,1.25,IN,2,,1,,,,,,,,,
springsfire,springs30,316,live,pije,10.6,5,2,1,OV,2,,1,,,,,,,,,
springsfire,springs30,330,live,pije,8,3.75,2,0.9,OV,1.5,,1,,,,,,,,,*we missed this tree at first
springsfire,springs30,317,live,pije,15.7,6.5,2.5,0.6,IN,2,,1,,,,,,,,,
springsfire,springs30,318,live,pije,7.8,3.9,1.2,0.01,OV,1.5,,1,,,,,,,,,
springsfire,springs30,319,live,pije,12.7,4.7,1.8,0.4,OV,1.75,,1,,,,,,,,,
springsfire,springs30,320,live,pije,27.9,3.5,1.8,0.4,OV,3,,1,,,,,,,,,
springsfire,springs30,321,live,pije,9.7,9.5,3.5,0,OV,1.25,,1,,,,,,,,,
springsfire,springs30,322,live,pije,7.7,3,1.3,0.3,OV,1.5,,1,,,,,,,,,
springsfire,springs30,323,live,pije,37.1,14,5,2,IN,2.3,,1,,,,,,,,,
springsfire,springs30,324,live,pije,8.3,3,1,0.1,OV,1.75,,1,,,,,,,,,
springsfire,springs30,325,live,pico,35.9,13.5,4,1.75,IN,3.2,,1,,,,,,,,,
springsfire,springs30,326,live,pije,9.8,4,1.6,0.4,OV,1.25,,1,,,,,,,,,
springsfire,springs30,327,live,pije,15.5,4,1,1,OV,1.2,,1,,,,,,,,,
springsfire,springs30,328,live,pije,22,6,3,0.6,IN,3,,1,,,,,,,,,
springsfire,springs30,329,live,pije,8.6,5,3,1.5,OV,0.75,,1,,,,,,,,,
springsfire,springs30,331,live,pije,12.4,7,1.2,0.6,OV,1.5,,1,,,,,,,,,
springsfire,springs30,332,live,pije,17.9,10,3,0.7,IN,2.5,,1,,,,,,,,,
springsfire,springs30,333,live,pije,12.1,5,1.25,0.2,OV,1,,1,,,,,,,,,
springsfire,springs30,334,live,pije,19.6,7,4,1,IN,1.75,,1,,,,,,,,,
springsfire,springs30,335,live,pije,33.8,10,4,0.2,IN,2.5,,1,,,,,,,,,
springsfire,springs30,336,live,pije,50.3,14,4,0.4,CO,7,1.6,1,,,,,,,,,
springsfire,springs37,,stump,pije,,,,,,,50,0.85,3,,,,,,,,
springsfire,springs37,386,live,pico,36,14.5,1.1,0.2,IN,3,,,1,,,,,,,,
springsfire,springs37,387,live,pije,13.5,5,1.8,0.1,OV,1,,,1,,,,,,,,
springsfire,springs37,388,live,pije,9.5,2.5,1.2,0.1,OV,0.5,,,1,,,,,,,,
springsfire,springs37,389,live,pije,87.5,26.2,8,2,CO,4,,,1,,,,,,,,
springsfire,springs37,390,live,pije,51.4,17.9,14.2,2,OV,1.5,,,2,,,,,,,,
springsfire,springs37,391,live,pije,48.4,19.6,5,3,IN,2,,,1,,,,,,,,
springsfire,springs37,,stump,pije,,,,,,,58,0.16,3,,,,,,,,
springsfire,springs37,392,live,pije,18.1,7,3,0.9,OV,1,,,1,,,,,,,,
springsfire,springs37,393,live,pije,51.5,18.4,6,1,IN,3,,,1,,,,,,,,
springsfire,springs37,394,live,pije,18.5,7.3,1,0.08,OV,1.5,,,1,,,,,,,,
springsfire,springs37,395,live,pije,40.7,16.6,3.3,1.8,IN,2,,,1,,,,,,,,
springsfire,springs37,396,live,pije,69,22.5,8,2.1,CO,3,,,1,,,,,,,,
springsfire,springs37,397,live,pije,31.8,9.3,3.1,0.4,OV,2.5,,,1,,,,,,,,
springsfire,springs37,398,live,pico,59.2,18.2,2,0.1,IN,5,,,1,,,,,,,,
springsfire,springs37,399,live,pije,48.2,14.7,4.5,2,IN,3,,,1,,,,,,,,
springsfire,springs37,400,live,pije,48.2,14.8,4.8,1.8,IN,3,,,1,,,,,,,,
springsfire,springs37,401,live,pico,40.7,11.5,0.5,0.01,IN,4,,,1,,,,,,,,
springsfire,springs37,,stump,pico,,,,,,,70,0.54,3,,,,,,,,
springsfire,springs38,,stump,pije,,,,,,,18.5,0.26,1,,,,,,,,
springsfire,springs38,402,live,pije,45.3,15,6,2.4,IN,3,,,1,,,,,2.3,,,
springsfire,springs38,,stump,pije,,,,,,,11.3,0.2,1,,,,,,,,
springsfire,springs38,,stump,pije,,,,,,,12,0.2,1,,,,,,,,
springsfire,springs38,,stump,pije,,,,,,,27,0.18,1,,,,,,,,
springsfire,springs38,,stump,pije,,,,,,,20,0.19,2,,,,,,,,
springsfire,springs38,,stump,pije,,,,,,,13,0.23,1,,,,,,,,
springsfire,springs38,403,dead,pico,55,15,,2,,,,,1,,,,,3.5,,,
springsfire,springs38,404,live,pije,46.8,18,7,3,IN,3,,,1,,,,,4,,,
springsfire,springs38,405,live,pije,47.9,18,9,2.9,IN,3,,,1,,,,,3,,,
springsfire,springs38,406,live,pije,63.6,21.9,10,3,CO,4,,,1,,,,,3,,,
springsfire,springs38,,stump,pije,,,,,,,50,0.27,2,,,,,,,,
springsfire,springs38,407,live,pije,43.8,15,8,4.5,IN,3,,,1,,,,,1.3,,,
springsfire,springs38,,stump,pije,,,,,,,33,0.17,1,,,,,,,,
springsfire,springs38,,stump,pije,,,,,,,50,0.2,1,,,,,,,,
springsfire,springs38,,stump,pije,,,,,,,22,0.18,1,,,,,,,,
springsfire,springs38,,stump,pije,,,,,,,16,0.19,1,,,,,,,,
springsfire,springs38,,stump,pije,,,,,,,18,0.17,1,,,,,,,,
springsfire,springs38,408,live,pije,63.9,18,7,1.8,IN,4,,,1,,,,,4.5,,,
springsfire,springs38,,stump,pije,,,,,,,26,0.24,1,,,,,,,,
springsfire,springs38,,stump,pije,,,,,,,35,0.28,1,,,,,,,,
springsfire,springs38,,stump,pije,,,,,,,11.4,0.18,1,,,,,,,,
springsfire,springs38,409,live,pije,60.4,23,9,5,CO,4,,,1,,,,,5,,,
springsfire,springs38,,stump,pije,,,,,,,21,0.17,1,,,,,,,,
springsfire,springs38,,stump,pije,,,,,,,17,0.26,1,,,,,,,,
springsfire,springs38,410,live,pije,65.3,21.4,10,4,CO,5,,,1,,,,,4,,,
springsfire,springs38,,stump,pije,,,,,,,13,0.06,1,,,,,,,,
springsfire,springs39,411,live,pije,56.5,18.5,5.4,2.5,CO,4,,,1,,,,,2.5,,,
springsfire,springs39,412,live,pije,50.5,17.1,5,2,CO,3,,,1,,,,,2.5,,,
springsfire,springs39,413,live,pije,59.5,19.9,5.3,1,CO,3.5,,,1,,,,,2.3,,,
springsfire,springs39,,stump,pije,,,,,,,41,0.36,2,,,,,,,,
springsfire,springs39,,dead,pico,55.1,13.7,,0.01,,,,,1,,,,,2.5,,,
springsfire,springs39,,stump,pico,,,,,,,47,0.32,1,,,,,,,,
springsfire,springs39,,stump,pije,,,,,,,52,0.21,1,,,,,,,,
springsfire,springs39,,stump,pije,,,,,,,35,0.2,1,,,,,,,,
springsfire,springs39,414,live,pico,42.5,13,7.4,0.5,IN,2,,,2,,,,,0.1,,,
springsfire,springs40,415,live,pije,10.9,3,1.4,0.1,IN,1.25,,,1,,,,,,,,
springsfire,springs40,,stump,pije,,,,,,,86,1,3,,,,,,,,
springsfire,springs40,,stump,pije,,,,,,,77,0.9,3,,,,,,,,
springsfire,springs40,416,live,pije,9.8,3.4,1,0.2,IN,1.6,,,1,,,,,,,,
springsfire,springs40,417,live,pico,21.5,5.5,1,0.05,IN,3.4,,,1,,,,,,,,
springsfire,springs40,418,live,pico,18.2,5,1.1,0.1,IN,2,,,1,,,,,,,,
springsfire,springs40,419,live,pico,22,5,1.2,0.2,IN,2,,,1,,,,,,,,
springsfire,springs40,420,live,pije,54.25,16,4,1.5,CO,5.5,,,1,,,,,,,,
springsfire,springs40,421,live,pico,26.25,9.2,1.7,0.1,OV,5,,,1,,,,,,,,
springsfire,springs40,,stump,pije,,,,,,,91,1.1,3,,,,,,,,
springsfire,springs40,422,live,pico,27.4,5.2,1,0.4,IN,4,,,1,,,,,,,,
springsfire,springs32,353,live,pije,55.6,19,5.5,3.3,CO,5,1,1,,,,,,,,,
springsfire,springs32,354,live,pije,58.4,16.9,5.3,1.5,CO,6,,1,,,,,,,,,
springsfire,springs32,355,live,pije,31.4,11.1,4,1.4,IN,3,,1,,,,,,,,,
springsfire,springs32,,stump,pije,,,,,,,,,25.5,0.42,3,,,,,,
springsfire,springs32,,stump,pije,,,,,,,,,22,0.3,3,,,,,,
springsfire,springs32,,stump,pije,,,,,,,,,20,0.3,3,,,,,,
springsfire,springs32,,stump,pije,,,,,,,,,21,0.3,3,,,,,,
springsfire,springs32,,stump,pije,,,,,,,,,15,0.36,2,,,,,,
springsfire,springs32,,stump,pije,,,,,,,,,18,0.13,2,,,,,,
springsfire,springs32,,stump,pije,,,,,,,,,59,0.5,3,,,,,,
springsfire,springs32,356,live,,,15.3,5,3.5,CO,,,1,,,,,,,,,
springsfire,springs32,357,live,,,24,9,5,DO,,,1,,,,,,,,,
springsfire,springs35,368,live,,,19.4,5.2,2.1,CO,,,1,,,,,,,,,
springsfire,springs35,369,live,,,5.1,1.3,0.1,OV,,,1,,,,,,,,,
springsfire,springs35,370,live,,17.1,13.5,2.5,0.8,IN,2,,1,,,,,,,,,
springsfire,springs35,371,live,,34.7,7.5,3,0,OV,3,,1,,,,,,,,,
springsfire,springs35,372,live,,23.5,12,1.5,0.1,CO,3,,1,,,,,,,,,
springsfire,springs35,373,live,,36.7,9.2,1.6,0,CO,4,,1,,,,,,,,,
springsfire,springs35,374,live,,,10.2,1.3,0,CO,,,1,,,,,,,,,
