site,year,pre_post_fire,postTime,plotid,obs,species,status,lifeform,layer_code,percent,notes
bearmountain,2019,prefire,,BM1,nr,cade,live,TR,TOV,20,
bearmountain,2019,prefire,,BM1,nr,cade,dead,TR,TSA,tr,
bearmountain,2019,prefire,,BM1,nr,chafol,live,SH,SL,tr,
bearmountain,2019,prefire,,BM1,nr,pipo,live,TR,TOV,7,
bearmountain,2019,prefire,,BM1,nr,pipo,live,TR,TSE,tr,
bearmountain,2019,prefire,,BM1,nr,quke,live,TR,TSA,tr,
bearmountain,2019,prefire,,BM1,nr,steten,live,FB,,tr,
bearmountain,2019,prefire,,BM10,nr,arcvis,live,SH,,tr,
bearmountain,2019,prefire,,BM10,nr,arcvis,live,SH,SL,tr,
bearmountain,2019,prefire,,BM10,nr,arcvis,live,SH,SM,tr,
bearmountain,2019,prefire,,BM10,nr,cade,dead,TR,TSA,0.5,
bearmountain,2019,prefire,,BM10,nr,cade,live,TR,TOV,10,
bearmountain,2019,prefire,,BM10,nr,cade,dead,TR,TSE,tr,
bearmountain,2019,prefire,,BM10,nr,agogra,live,FB,,tr,
bearmountain,2019,prefire,,BM10,nr,droopygrass,live,GR,,tr,
bearmountain,2019,prefire,,BM10,nr,flat1,live,FB,,tr,
bearmountain,2019,prefire,,BM10,nr,gayophytum,live,FB,,0.5,
bearmountain,2019,prefire,,BM10,nr,grass3,live,GR,,tr,
bearmountain,2019,prefire,,BM10,nr,grassspecies,live,GR,,tr,
bearmountain,2019,prefire,,BM10,nr,iris,live,FB,,tr,
bearmountain,2019,prefire,,BM10,nr,iris,live,FB,,tr,
bearmountain,2019,prefire,,BM10,nr,pipo,live,TR,TOV,20,
bearmountain,2019,prefire,,BM10,nr,pipo,live,TR,TSE,tr,
bearmountain,2019,prefire,,BM10,nr,puffspike,live,FB,,tr,
bearmountain,2019,prefire,,BM10,nr,sarsan,live,FB,,tr,
bearmountain,2019,prefire,,BM10,nr,steten,live,FB,,tr,
bearmountain,2019,prefire,,BM10,nr,tallflower,live,FB,,tr,
bearmountain,2019,prefire,,BM10,nr,tallgrass2,live,GR,,tr,
bearmountain,2019,prefire,,BM10,nr,tighttopgrass,live,GR,,tr,
bearmountain,2019,prefire,,BM10,nr,tinyfb,live,FB,,tr,
bearmountain,2019,prefire,,BM10,nr,unkblackseeds,live,FB,,tr,
bearmountain,2019,prefire,,BM10,nr,unkflw5,live,FB,,tr,
bearmountain,2019,prefire,,BM10,nr,unkthinkgram,live,GR,,tr,
bearmountain,2019,prefire,,BM10,nr,waxyfb,live,FB,,tr,
bearmountain,2019,prefire,,BM11,nr,arcvis,live,SH,SL,tr,
bearmountain,2019,prefire,,BM11,nr,arcvis,live,SH,SM,tr,
bearmountain,2019,prefire,,BM11,nr,aster2,live,FB,,tr,
bearmountain,2019,prefire,,BM11,nr,cade,dead,TR,TSA,0.5,
bearmountain,2019,prefire,,BM11,nr,cade,live,TR,TOV,2,
bearmountain,2019,prefire,,BM11,nr,chafol,live,SH,SL,50,
bearmountain,2019,prefire,,BM11,nr,chafol,live,SH,SM,20,
bearmountain,2019,prefire,,BM11,nr,commonforb,live,FB,,5,
bearmountain,2019,prefire,,BM11,nr,droopygrass,live,GR,,tr,
bearmountain,2019,prefire,,BM11,nr,gayophytum,live,FB,,tr,
bearmountain,2019,prefire,,BM11,nr,pipo,live,TR,TSE,tr,
bearmountain,2019,prefire,,BM11,nr,pipo,live,TR,TOV,0.5,
bearmountain,2019,prefire,,BM11,nr,puffspike,live,FB,,tr,
bearmountain,2019,prefire,,BM11,nr,smallFgrass,live,GR,,tr,
bearmountain,2019,prefire,,BM11,nr,tallflower,live,FB,,tr,
bearmountain,2019,prefire,,BM11,nr,tighttopgrass,live,GR,,tr,
bearmountain,2019,prefire,,BM11,nr,tinyfb,live,FB,,tr,
bearmountain,2019,prefire,,BM11,nr,unkflw1,live,FB,,tr,
bearmountain,2019,prefire,,BM11,nr,unkflw4,live,FB,,tr,
bearmountain,2019,prefire,,BM11,nr,unkhairyflr,live,FB,,tr,
bearmountain,2019,prefire,,BM11,nr,whiteunderfb,live,FB,,tr,
bearmountain,2019,prefire,,BM12,nr,4forb,live,FB,,tr,
bearmountain,2019,prefire,,BM12,nr,abco,live,TR,TSE,1.5,
bearmountain,2019,prefire,,BM12,nr,abco,dead,TR,TOV,tr,
bearmountain,2019,prefire,,BM12,nr,arcvis,live,SH,SL,2,
bearmountain,2019,prefire,,BM12,nr,arcvis,live,SH,SM,1,
bearmountain,2019,prefire,,BM12,nr,aster2,live,FB,,tr,
bearmountain,2019,prefire,,BM12,nr,cade,live,TR,TSE,5.5,
bearmountain,2019,prefire,,BM12,nr,cade,dead,TR,TOV,tr,
bearmountain,2019,prefire,,BM12,nr,ceaint,live,SH,SL,1,
bearmountain,2019,prefire,,BM12,nr,ceaint,live,SH,SM,1,
bearmountain,2019,prefire,,BM12,nr,ceaint,live,SH,ST,tr,
bearmountain,2019,prefire,,BM12,nr,chafol,live,SH,SL,2,
bearmountain,2019,prefire,,BM12,nr,chafol,live,SH,SM,1,
bearmountain,2019,prefire,,BM12,nr,commonforb,live,FB,,tr,
bearmountain,2019,prefire,,BM12,nr,droopygrass,live,GR,,tr,
bearmountain,2019,prefire,,BM12,nr,fattopgrass,live,GR,,tr,
bearmountain,2019,prefire,,BM12,nr,Fgrass ,live,GR,,0.5,
bearmountain,2019,prefire,,BM12,nr,forktoothedfb,live,GR,,tr,
bearmountain,2019,prefire,,BM12,nr,gayophytum,live,FB,,tr,
bearmountain,2019,prefire,,BM12,nr,grassspecies,live,GR,,tr,
bearmountain,2019,prefire,,BM12,nr,iris,live,FB,,tr,
bearmountain,2019,prefire,,BM12,nr,iris,live,FB,,tr,
bearmountain,2019,prefire,,BM12,nr,longbladegrass,live,GR,,tr,
bearmountain,2019,prefire,,BM12,nr,lupbre,live,FB,,0.5,
bearmountain,2019,prefire,,BM12,nr,pila,live,TR,TSE,2,
bearmountain,2019,prefire,,BM12,nr,pila,live,TR,TOV,6,
bearmountain,2019,prefire,,BM12,nr,pipo,live,TR,TSE,15,
bearmountain,2019,prefire,,BM12,nr,pipo,live,TR,TOV,5,
bearmountain,2019,prefire,,BM12,nr,quke,live,TR,TSE,tr,
bearmountain,2019,prefire,,BM12,nr,smallFgrass,live,GR,,0.5,
bearmountain,2019,prefire,,BM12,nr,tallflower,live,FB,,tr,
bearmountain,2019,prefire,,BM12,nr,tallgrass3,live,GR,,tr,
bearmountain,2019,prefire,,BM12,nr,unkfuzzy,live,FB,,tr,
bearmountain,2019,prefire,,BM13,nr,4forb,live,FB,,tr,
bearmountain,2019,prefire,,BM13,nr,arcvis,live,SH,SL,tr,
bearmountain,2019,prefire,,BM13,nr,arcvis,live,SH,SM,tr,
bearmountain,2019,prefire,,BM13,nr,aster2,live,FB,,tr,
bearmountain,2019,prefire,,BM13,nr,aster3,live,GR,,tr,
bearmountain,2019,prefire,,BM13,nr,cade,live,TR,TOV,2,
bearmountain,2019,prefire,,BM13,nr,chafol,live,SH,SL,95,
bearmountain,2019,prefire,,BM13,nr,chafol,live,SH,SM,40,
bearmountain,2019,prefire,,BM13,nr,commonforb,live,FB,,tr,
bearmountain,2019,prefire,,BM13,nr,droopygrass,live,GR,,tr,
bearmountain,2019,prefire,,BM13,nr,elcap,live,SH,SL,tr,
bearmountain,2019,prefire,,BM13,nr,elcap,live,SH,SM,tr,
bearmountain,2019,prefire,,BM13,nr,fattopgrass,live,GR,,tr,
bearmountain,2019,prefire,,BM13,nr,gayophytum,live,FB,,tr,
bearmountain,2019,prefire,,BM13,nr,grass2,live,GR,,tr,
bearmountain,2019,prefire,,BM13,nr,grass6,live,GR,,tr,
bearmountain,2019,prefire,,BM13,nr,grassspecies,live,GR,,tr,
bearmountain,2019,prefire,,BM13,nr,hairstrand,live,FB,,tr,
bearmountain,2019,prefire,,BM13,nr,hiealb,live,FB,,tr,
bearmountain,2019,prefire,,BM13,nr,iris,live,FB,,tr,
bearmountain,2019,prefire,,BM13,nr,pipo,live,TR,TOV,6,
bearmountain,2019,prefire,,BM13,nr,pipo,live,TR,TSE,0.5,
bearmountain,2019,prefire,,BM13,nr,pipo,dead,TR,TOV,tr,
bearmountain,2019,prefire,,BM13,nr,puffspike,live,FB,,tr,
bearmountain,2019,prefire,,BM13,nr,quke,live,TR,TRE,0.5,
bearmountain,2019,prefire,,BM13,nr,smallFgrass,live,GR,,tr,
bearmountain,2019,prefire,,BM13,nr,softarrow,live,FB,,tr,
bearmountain,2019,prefire,,BM13,nr,tallflower,live,FB,,tr,
bearmountain,2019,prefire,,BM13,nr,tighttopgrass,live,GR,,tr,
bearmountain,2019,prefire,,BM13,nr,tinyfb,live,FB,,tr,
bearmountain,2019,prefire,,BM13,nr,unkflw1,live,FB,,tr,
bearmountain,2019,prefire,,BM13,nr,unkhairyflw,live,FB,,tr,
bearmountain,2019,prefire,,BM13,nr,unkWforb,live,FB,,tr,
bearmountain,2019,prefire,,BM13,nr,waxyfb,live,FB,,tr,
bearmountain,2019,prefire,,BM14,nr,4forb,live,FB,,tr,
bearmountain,2019,prefire,,BM14,nr,arcvis,live,SH,SL,1,
bearmountain,2019,prefire,,BM14,nr,arcvis,live,SH,SM,tr,
bearmountain,2019,prefire,,BM14,nr,aster2,live,FB,,tr,
bearmountain,2019,prefire,,BM14,nr,cade,dead,TR,TOV,tr,
bearmountain,2019,prefire,,BM14,nr,cade,live,TR,TOV,5,
bearmountain,2019,prefire,,BM14,nr,chafol,live,SH,SL,28,
bearmountain,2019,prefire,,BM14,nr,chafol,live,SH,SM,5,
bearmountain,2019,prefire,,BM14,nr,commonforb,live,FB,,tr,
bearmountain,2019,prefire,,BM14,nr,diskflw,live,FB,,tr,
bearmountain,2019,prefire,,BM14,nr,droopygrass,live,GR,,tr,
bearmountain,2019,prefire,,BM14,nr,elcap,live,SH,SL,1,
bearmountain,2019,prefire,,BM14,nr,elcap,live,SH,SM,tr,
bearmountain,2019,prefire,,BM14,nr,fattopgrass,live,GR,,tr,
bearmountain,2019,prefire,,BM14,nr,fbsmellyseeds,,FB,,tr,
bearmountain,2019,prefire,,BM14,nr,gayophytum,live,FB,,tr,
bearmountain,2019,prefire,,BM14,nr,grass3,live,GR,,tr,
bearmountain,2019,prefire,,BM14,nr,grassspecies,live,GR,,tr,
bearmountain,2019,prefire,,BM14,nr,longflower,live,FB,,tr,
bearmountain,2019,prefire,,BM14,nr,pipo,live,TR,TOV,5,
bearmountain,2019,prefire,,BM14,nr,pipo,live,TR,TSE,tr,
bearmountain,2019,prefire,,BM14,nr,puffspike,live,FB,,tr,
bearmountain,2019,prefire,,BM14,nr,quke,live,TR,TRE,2,
bearmountain,2019,prefire,,BM14,nr,tallflower,live,FB,,tr,
bearmountain,2019,prefire,,BM14,nr,unkblackseeds,live,FB,,tr,
bearmountain,2019,prefire,,BM14,nr,unkflw1,live,FB,,tr,
bearmountain,2019,prefire,,BM14,nr,unkthickgram,live,GR,,tr,
bearmountain,2019,prefire,,BM15,nr,4forb,live,FB,,tr,
bearmountain,2019,prefire,,BM15,nr,arcvis,live,SH,SL,2,
bearmountain,2019,prefire,,BM15,nr,arcvis,live,SH,SM,1.5,
bearmountain,2019,prefire,,BM15,nr,aster2,live,FB,,tr,
bearmountain,2019,prefire,,BM15,nr,cade,dead,TR,TOV,0.5,
bearmountain,2019,prefire,,BM15,nr,chafol,live,SH,SL,50,
bearmountain,2019,prefire,,BM15,nr,chafol,live,SH,SM,20,
bearmountain,2019,prefire,,BM15,nr,commonforb,live,FB,,tr,
bearmountain,2019,prefire,,BM15,nr,droopygrass,live,FB,,tr,
bearmountain,2019,prefire,,BM15,nr,gayophytum,live,FB,,tr,
bearmountain,2019,prefire,,BM15,nr,grass2,live,GR,,tr,
bearmountain,2019,prefire,,BM15,nr,iris,live,FB,,tr,
bearmountain,2019,prefire,,BM15,nr,pipo,live,TR,TOV,5,
bearmountain,2019,prefire,,BM15,nr,puffspike,live,FB,,tr,
bearmountain,2019,prefire,,BM15,nr,quke,dead,TR,TOV,0.5,
bearmountain,2019,prefire,,BM15,nr,quke,live,TR,TRE,5,
bearmountain,2019,prefire,,BM15,nr,quke,live,TR,TOV,5,
bearmountain,2019,prefire,,BM15,nr,quke,live,TR,TSE,tr,
bearmountain,2019,prefire,,BM15,nr,salsco,live,TR,TSE,tr,
bearmountain,2019,prefire,,BM15,nr,softarrow,live,FB,,tr,
bearmountain,2019,prefire,,BM15,nr,tallflower,live,FB,,tr,
bearmountain,2019,prefire,,BM15,nr,tighttopgrass,live,FB,,tr,
bearmountain,2019,prefire,,BM15,nr,tinyfb,live,FB,,tr,
bearmountain,2019,prefire,,BM15,nr,unkblackseeds,live,FB,,tr,
bearmountain,2019,prefire,,BM15,nr,unkflw1,live,FB,,tr,
bearmountain,2019,prefire,,BM15,nr,unkhairyflw,live,FB,,tr,
bearmountain,2019,prefire,,BM15,nr,unkWforb,live,FB,,tr,
bearmountain,2019,prefire,,BM16,nr,4forb,live,FB,,tr,
bearmountain,2019,prefire,,BM16,nr,arcvis,live,SH,SL,0.5,
bearmountain,2019,prefire,,BM16,nr,arcvis,live,SH,SM,0.5,
bearmountain,2019,prefire,,BM16,nr,broele,live,FB,,tr,
bearmountain,2019,prefire,,BM16,nr,cade,live,TR,TOV,5,
bearmountain,2019,prefire,,BM16,nr,cade,live,TR,TSE,tr,
bearmountain,2019,prefire,,BM16,nr,cade,dead,TR,TOV,tr,
bearmountain,2019,prefire,,BM16,nr,cade,dead,TR,TOV,tr,
bearmountain,2019,prefire,,BM16,nr,chafol,live,SH,SL,70,
bearmountain,2019,prefire,,BM16,nr,chafol,live,SH,SM,30,
bearmountain,2019,prefire,,BM16,nr,commonforb,live,FB,,tr,
bearmountain,2019,prefire,,BM16,nr,droopygrass,live,GR,,tr,
bearmountain,2019,prefire,,BM16,nr,gayophytum,live,FB,,tr,
bearmountain,2019,prefire,,BM16,nr,grass3,live,GR,,tr,
bearmountain,2019,prefire,,BM16,nr,grass5,live,GR,,tr,
bearmountain,2019,prefire,,BM16,nr,grassspecies,live,GR,,tr,
bearmountain,2019,prefire,,BM16,nr,hairstrand,live,FB,,tr,
bearmountain,2019,prefire,,BM16,nr,longbladegrass,live,GR,,tr,
bearmountain,2019,prefire,,BM16,nr,lupine,live,FB,,tr,
bearmountain,2019,prefire,,BM16,nr,pipo,live,TR,TOV,17,
bearmountain,2019,prefire,,BM16,nr,pipo,live,TR,TSE,tr,
bearmountain,2019,prefire,,BM16,nr,pipo,dead,TR,TOV,tr,
bearmountain,2019,prefire,,BM16,nr,quke,live,TR,TOV,3,
bearmountain,2019,prefire,,BM16,nr,quke,live,TR,TSE,tr,
bearmountain,2019,prefire,,BM16,nr,quke,live,TR,TRE,tr,
bearmountain,2019,prefire,,BM16,nr,riro,live,SH,SL,tr,
bearmountain,2019,prefire,,BM16,nr,salsco,live,TR,TSE,tr,
bearmountain,2019,prefire,,BM16,nr,smallFgrass,live,GR,,tr,
bearmountain,2019,prefire,,BM16,nr,tallflower,live,FB,,tr,
bearmountain,2019,prefire,,BM16,nr,tighttopgrass,live,GR,,tr,
bearmountain,2019,prefire,,BM16,nr,unkflw1,live,FB,,tr,
bearmountain,2019,prefire,,BM16,nr,unkfuzzy,live,FB,,tr,
bearmountain,2019,prefire,,BM16,nr,unkhairyflw,live,FB,,tr,
bearmountain,2019,prefire,,BM16,nr,waxyfb,live,FB,,tr,
bearmountain,2019,prefire,,BM17,nr,4forb,live,FB,,tr,
bearmountain,2019,prefire,,BM17,nr,arcvis,live,SH,SL,15,
bearmountain,2019,prefire,,BM17,nr,arcvis,live,SH,SM,15,
bearmountain,2019,prefire,,BM17,nr,aster2,live,FB,,tr,
bearmountain,2019,prefire,,BM17,nr,cade,live,TR,TSE,tr,
bearmountain,2019,prefire,,BM17,nr,chafol,live,SH,SL,35,
bearmountain,2019,prefire,,BM17,nr,chafol,live,SH,SM,30,
bearmountain,2019,prefire,,BM17,nr,commonforb,live,FB,,tr,
bearmountain,2019,prefire,,BM17,nr,droopygrass,live,GR,,tr,
bearmountain,2019,prefire,,BM17,nr,flat2,live,FB,,tr,
bearmountain,2019,prefire,,BM17,nr,gayophytum,live,FB,,tr,
bearmountain,2019,prefire,,BM17,nr,gayophytum,live,FB,,tr,
bearmountain,2019,prefire,,BM17,nr,grass3,live,GR,,tr,
bearmountain,2019,prefire,,BM17,nr,grassspecies,live,GR,,tr,
bearmountain,2019,prefire,,BM17,nr,hairstrand,live,FB,,tr,
bearmountain,2019,prefire,,BM17,nr,iris,live,FB,,tr,
bearmountain,2019,prefire,,BM17,nr,lupine,live,FB,,tr,
bearmountain,2019,prefire,,BM17,nr,pipo,live,TR,TSE,1.5,
bearmountain,2019,prefire,,BM17,nr,puffspike,live,FB,,tr,
bearmountain,2019,prefire,,BM17,nr,quke,live,TR,TSE,,
bearmountain,2019,prefire,,BM17,nr,quke,live,TR,TRE,4,
bearmountain,2019,prefire,,BM17,nr,quke,dead,TR,TOV,,
bearmountain,2019,prefire,,BM17,nr,salsco,live,TR,TSA,tr,
bearmountain,2019,prefire,,BM17,nr,salsco,live,TR,TSE,1.5,
bearmountain,2019,prefire,,BM17,nr,softarrow,live,FB,,tr,
bearmountain,2019,prefire,,BM17,nr,tallflower,live,FB,,tr,
bearmountain,2019,prefire,,BM17,nr,tighttopgrass,live,GR,,tr,
bearmountain,2019,prefire,,BM17,nr,tinyfb,live,FB,,tr,
bearmountain,2019,prefire,,BM17,nr,tinyfb2,live,FB,,tr,
bearmountain,2019,prefire,,BM17,nr,unkflw1,live,FB,,tr,
bearmountain,2019,prefire,,BM17,nr,unkfuzzy,live,FB,,tr,
bearmountain,2019,prefire,,BM17,nr,unkhairyflw,live,FB,,tr,
bearmountain,2019,prefire,,BM17,nr,unkhorsetail,live,FB,,tr,
bearmountain,2019,prefire,,BM17,nr,unkstrawberry,live,FB,,tr,
bearmountain,2019,prefire,,BM17,nr,unkWforb,live,FB,,tr,
bearmountain,2019,prefire,,BM17,nr,unkwirey,live,FB,,tr,
bearmountain,2019,prefire,,BM17,nr,waxyfb,live,FB,,tr,
bearmountain,2019,prefire,,BM17,nr,whiteunderfb,live,FB,,tr,
bearmountain,2019,prefire,,BM18,nr,4forb,live,FB,,tr,
bearmountain,2019,prefire,,BM18,nr,arcvis,live,SH,SL,11.5,
bearmountain,2019,prefire,,BM18,nr,arcvis,live,SH,SM,10.5,
bearmountain,2019,prefire,,BM18,nr,aster2,live,FB,,tr,
bearmountain,2019,prefire,,BM18,nr,broele,live,FB,,tr,
bearmountain,2019,prefire,,BM18,nr,broele,live,FB,,tr,
bearmountain,2019,prefire,,BM18,nr,cade,live,TR,TSE,0.5,
bearmountain,2019,prefire,,BM18,nr,cade,live,TR,TOV,25,
bearmountain,2019,prefire,,BM18,nr,cade,dead,TR,TOV,1,
bearmountain,2019,prefire,,BM18,nr,chafol,live,SH,SL,18.5,
bearmountain,2019,prefire,,BM18,nr,chafol,live,SH,SM,16,
bearmountain,2019,prefire,,BM18,nr,cirsium,live,FB,,tr,
bearmountain,2019,prefire,,BM18,nr,droopygrass,live,GR,,tr,
bearmountain,2019,prefire,,BM18,nr,Fgrass,live,GR,,tr,
bearmountain,2019,prefire,,BM18,nr,flat1,live,FB,,tr,
bearmountain,2019,prefire,,BM18,nr,gayophytum,live,FB,,tr,
bearmountain,2019,prefire,,BM18,nr,grassspecies,live,GR,,tr,
bearmountain,2019,prefire,,BM18,nr,hairstrand,live,FB,,tr,
bearmountain,2019,prefire,,BM18,nr,iris,live,FB,,tr,
bearmountain,2019,prefire,,BM18,nr,iris,live,FB,,tr,
bearmountain,2019,prefire,,BM18,nr,likelelel,live,GR,,tr,
bearmountain,2019,prefire,,BM18,nr,pila,live,TR,TSE,tr,
bearmountain,2019,prefire,,BM18,nr,pipo,live,TR,TSE,tr,
bearmountain,2019,prefire,,BM18,nr,pipo,live,TR,TOV,1,
bearmountain,2019,prefire,,BM18,nr,pipo,dead,TR,TOV,1.5,
bearmountain,2019,prefire,,BM18,nr,psme,live,TR,TSE,tr,
bearmountain,2019,prefire,,BM18,nr,puffbaff,live,FB,,tr,
bearmountain,2019,prefire,,BM18,nr,quch,live,TR,TSE,1.5,l m and h if shrub
bearmountain,2019,prefire,,BM18,nr,quke,live,TR,TSE,tr,
bearmountain,2019,prefire,,BM18,nr,quke,live,TR,TRE,0.5,
bearmountain,2019,prefire,,BM18,nr,quke,dead,TR,TOV,1,
bearmountain,2019,prefire,,BM18,nr,smallFgrass,live,GR,,tr,
bearmountain,2019,prefire,,BM18,nr,tighttopgrass,live,GR,,tr,
bearmountain,2019,prefire,,BM18,nr,unkblackseeds,live,FB,,tr,
bearmountain,2019,prefire,,BM18,nr,unkflw1,live,FB,,tr,
bearmountain,2019,prefire,,BM18,nr,unkfuzzy,live,FB,,tr,
bearmountain,2019,prefire,,BM18,nr,unkhairyflw,live,FB,,tr,
bearmountain,2019,prefire,,BM18,nr,unkWforb,live,FB,,tr,
bearmountain,2019,prefire,,BM18,nr,unkWforb,live,FB,,tr,
bearmountain,2019,prefire,,BM18,nr,unkwhiteflw,live,FB,,tr,
bearmountain,2019,prefire,,BM19,nr,4forb,live,FB,,tr,
bearmountain,2019,prefire,,BM19,nr,arcvis,live,SH,SL,27.5,
bearmountain,2019,prefire,,BM19,nr,arcvis,live,SH,SM,27,
bearmountain,2019,prefire,,BM19,nr,aster2,live,FB,,tr,
bearmountain,2019,prefire,,BM19,nr,broele,live,FB,,tr,
bearmountain,2019,prefire,,BM19,nr,cade,live,TR,TSE,0.5,
bearmountain,2019,prefire,,BM19,nr,cade,live,TR,TOV,10,
bearmountain,2019,prefire,,BM19,nr,chafol,live,SH,SL,17.5,
bearmountain,2019,prefire,,BM19,nr,chafol,live,SH,SM,15.5,
bearmountain,2019,prefire,,BM19,nr,droopygrass,live,GR,,tr,
bearmountain,2019,prefire,,BM19,nr,Fgrass,live,GR,,tr,
bearmountain,2019,prefire,,BM19,nr,gayophytum,live,FB,,tr,
bearmountain,2019,prefire,,BM19,nr,grassspecies,live,GR,,tr,
bearmountain,2019,prefire,,BM19,nr,hairstrand,live,FB,,tr,
bearmountain,2019,prefire,,BM19,nr,iris,live,FB,,tr,
bearmountain,2019,prefire,,BM19,nr,pipo,live,TR,TSE,1,
bearmountain,2019,prefire,,BM19,nr,pipo,live,TR,TOV,5,
bearmountain,2019,prefire,,BM19,nr,pipo,dead,TR,TOV,3,
bearmountain,2019,prefire,,BM19,nr,quke,live,TR,TOV,3,
bearmountain,2019,prefire,,BM19,nr,salsco,live,TR,TSE,tr,
bearmountain,2019,prefire,,BM19,nr,smallFgrass,live,GR,,tr,
bearmountain,2019,prefire,,BM19,nr,tallflower,live,FB,,tr,
bearmountain,2019,prefire,,BM19,nr,tinyfb,live,FB,,tr,
bearmountain,2019,prefire,,BM19,nr,tinyfb2,live,FB,,tr,
bearmountain,2019,prefire,,BM19,nr,unkfuzzy,live,FB,,tr,
bearmountain,2019,prefire,,BM2,nr,4forb,live,FB,,tr,
bearmountain,2019,prefire,,BM2,nr,arcvis,live,SH,SL,tr,
bearmountain,2019,prefire,,BM2,nr,arcvis,live,SH,SM,tr,
bearmountain,2019,prefire,,BM2,nr,cade,live,TR,TOV,,
bearmountain,2019,prefire,,BM2,nr,cade,dead,TR,TSE,,
bearmountain,2019,prefire,,BM2,nr,chafol,live,SH,SL,93,
bearmountain,2019,prefire,,BM2,nr,droopygrass,live,GR,,tr,
bearmountain,2019,prefire,,BM2,nr,drypods,live,FB,,tr,
bearmountain,2019,prefire,,BM2,nr,Fgrass,live,GR,,tr,
bearmountain,2019,prefire,,BM2,nr,hairstrand,live,GR,,tr,
bearmountain,2019,prefire,,BM2,nr,iris,live,FB,,tr,
bearmountain,2019,prefire,,BM2,nr,likeelel,live,GR,,tr,
bearmountain,2019,prefire,,BM2,nr,longflower,live,FB,,tr,
bearmountain,2019,prefire,,BM2,nr,pipo,live,TR,TOV,,
bearmountain,2019,prefire,,BM2,nr,pipo,dead,TR,TOV,,
bearmountain,2019,prefire,,BM2,nr,puffspike,live,FB,,tr,
bearmountain,2019,prefire,,BM2,nr,quke,dead,TR,TOV,,
bearmountain,2019,prefire,,BM2,nr,quke,live,TR,TSE,,
bearmountain,2019,prefire,,BM2,nr,smalls,live,FB,,tr,
bearmountain,2019,prefire,,BM2,nr,stephanomeria,live,FB,,tr,
bearmountain,2019,prefire,,BM2,nr,tallgrass1,live,GR,,tr,
bearmountain,2019,prefire,,BM2,nr,tighttopgrass,live,FB,,tr,
bearmountain,2019,prefire,,BM2,nr,unkflw1,live,FB,,tr,
bearmountain,2019,prefire,,BM2,nr,unkflw2,live,FB,,tr,
bearmountain,2019,prefire,,BM2,nr,unkflwpurple,live,FB,,tr,
bearmountain,2019,prefire,,BM2,nr,unkWforb,live,FB,,tr,
bearmountain,2019,prefire,,BM2,nr,wavyblade,live,FB,,tr,
bearmountain,2019,prefire,,BM2,nr,waxyforb,live,FB,,tr,
bearmountain,2019,prefire,,BM20,nr,4forb,live,FB,,tr,
bearmountain,2019,prefire,,BM20,nr,arcvis,live,SH,SL,1,
bearmountain,2019,prefire,,BM20,nr,arcvis,live,SH,SM,1,
bearmountain,2019,prefire,,BM20,nr,arcvis,dead,SH,SL,tr,
bearmountain,2019,prefire,,BM20,nr,arcvis,dead,SH,SM,tr,
bearmountain,2019,prefire,,BM20,nr,aster2,live,FB,,tr,
bearmountain,2019,prefire,,BM20,nr,cade,live,TR,TOV,5,
bearmountain,2019,prefire,,BM20,nr,cade,live,TR,TSE,tr,
bearmountain,2019,prefire,,BM20,nr,chafol,live,SH,SL,80,
bearmountain,2019,prefire,,BM20,nr,chafol,live,SH,SM,70,
bearmountain,2019,prefire,,BM20,nr,gayophytum,live,FB,,tr,
bearmountain,2019,prefire,,BM20,nr,grass2,live,GR,,tr,
bearmountain,2019,prefire,,BM20,nr,iris,live,FB,,tr,
bearmountain,2019,prefire,,BM20,nr,pipo,live,TR,TOV,8,
bearmountain,2019,prefire,,BM20,nr,pipo,live,TR,TSE,tr,
bearmountain,2019,prefire,,BM20,nr,quke,live,TR,TSE,tr,
bearmountain,2019,prefire,,BM20,nr,quke,live,TR,TRE,0.5,
bearmountain,2019,prefire,,BM20,nr,quke,live,TR,TSA,tr,
bearmountain,2019,prefire,,BM20,nr,riro,live,SH,SL,tr,
bearmountain,2019,prefire,,BM20,nr,smallFgrass,live,GR,,tr,
bearmountain,2019,prefire,,BM20,nr,tearspike,live,FB,,tr,
bearmountain,2019,prefire,,BM20,nr,tighttopgrass,live,GR,,tr,
bearmountain,2019,prefire,,BM20,nr,unkblackseeds,live,FB,,tr,
bearmountain,2019,prefire,,BM20,nr,unkflw200,live,FB,,tr,
bearmountain,2019,prefire,,BM20,nr,unkfuzzy,live,FB,,tr,
bearmountain,2019,prefire,,BM20,nr,unkrose,live,FB,,tr,
bearmountain,2019,prefire,,BM20,nr,unkWforb,live,FB,,tr,
bearmountain,2019,prefire,,BM21,nr,4forb,live,FB,,tr,
bearmountain,2019,prefire,,BM21,nr,arcvis,live,SH,SL,1,
bearmountain,2019,prefire,,BM21,nr,arcvis,live,SH,SM,1,
bearmountain,2019,prefire,,BM21,nr,cade,live,TR,TOV,9,
bearmountain,2019,prefire,,BM21,nr,cade,dead,TR,TOV,1,
bearmountain,2019,prefire,,BM21,nr,chafol,live,SH,SL,74,
bearmountain,2019,prefire,,BM21,nr,chafol,live,SH,SM,69,
bearmountain,2019,prefire,,BM21,nr,commonforb,live,FB,,tr,
bearmountain,2019,prefire,,BM21,nr,droopygrass,live,GR,,tr,
bearmountain,2019,prefire,,BM21,nr,forktoothedfb,live,FB,,tr,
bearmountain,2019,prefire,,BM21,nr,gayophytum,live,FB,,tr,
bearmountain,2019,prefire,,BM21,nr,grass3,live,GR,,tr,
bearmountain,2019,prefire,,BM21,nr,grassspecies,live,GR,,tr,
bearmountain,2019,prefire,,BM21,nr,hairstrand,live,FB,,tr,
bearmountain,2019,prefire,,BM21,nr,pipo ,dead,TR,TOV,5,
bearmountain,2019,prefire,,BM21,nr,puffspike,live,FB,,tr,
bearmountain,2019,prefire,,BM21,nr,quch,live,TR,TSE,1,l m and h if shrub
bearmountain,2019,prefire,,BM21,nr,quke,live,TR,TSE,tr,
bearmountain,2019,prefire,,BM21,nr,quke,live,TR,TRE,2,
bearmountain,2019,prefire,,BM21,nr,quke,live,TR,TOV,4,
bearmountain,2019,prefire,,BM21,nr,riro,live,SH,SL,0.5,
bearmountain,2019,prefire,,BM21,nr,riro,live,SH,SM,0.5,
bearmountain,2019,prefire,,BM21,nr,smallFgrass,live,GR,,tr,
bearmountain,2019,prefire,,BM21,nr,tallflower,live,FB,,tr,
bearmountain,2019,prefire,,BM21,nr,unkflw1,live,FB,,tr,
bearmountain,2019,prefire,,BM21,nr,unkhairyflw,live,FB,,tr,
bearmountain,2019,prefire,,BM21,nr,unkWforb,live,FB,,tr,
bearmountain,2019,prefire,,BM21,nr,waxyfb,live,FB,,tr,
bearmountain,2019,prefire,,BM22,nr,4forb,live,FB,,tr,
bearmountain,2019,prefire,,BM22,nr,4petalspurple,live,FB,,tr,
bearmountain,2019,prefire,,BM22,nr,arcvis,live,SH,SL,20,
bearmountain,2019,prefire,,BM22,nr,arcvis,live,SH,SM,20,
bearmountain,2019,prefire,,BM22,nr,arcvis,dead,SH,SL,12,
bearmountain,2019,prefire,,BM22,nr,arcvis,dead,SH,SM,12,
bearmountain,2019,prefire,,BM22,nr,arcvis,dead,SH,ST,12,
bearmountain,2019,prefire,,BM22,nr,broele,live,FB,,tr,
bearmountain,2019,prefire,,BM22,nr,chafol,live,SH,SL,30,
bearmountain,2019,prefire,,BM22,nr,chafol,live,SH,SM,20,
bearmountain,2019,prefire,,BM22,nr,commonfb,live,FB,,tr,
bearmountain,2019,prefire,,BM22,nr,droopygrass,live,GR,,tr,
bearmountain,2019,prefire,,BM22,nr,gayophytum,live,FB,,tr,
bearmountain,2019,prefire,,BM22,nr,grass3,live,GR,,tr,
bearmountain,2019,prefire,,BM22,nr,grassspecies,live,GR,,tr,
bearmountain,2019,prefire,,BM22,nr,pila,live,TR,TSE,tr,
bearmountain,2019,prefire,,BM22,nr,pipo,live,TR,TSE,tr,
bearmountain,2019,prefire,,BM22,nr,pipo,live,TR,TOV,10,
bearmountain,2019,prefire,,BM22,nr,puffspike,live,FB,,tr,
bearmountain,2019,prefire,,BM22,nr,quch,live,TR,TOV,8,
bearmountain,2019,prefire,,BM22,nr,quch,live,TR,TRE,20,
bearmountain,2019,prefire,,BM22,nr,quch,dead,TR,TOV,10,
bearmountain,2019,prefire,,BM22,nr,quke,dead,TR,TOV,2,
bearmountain,2019,prefire,,BM22,nr,quke,live,TR,TRE,4,
bearmountain,2019,prefire,,BM22,nr,smallFgrass,live,GR,,tr,
bearmountain,2019,prefire,,BM22,nr,tallflower,live,FB,,tr,
bearmountain,2019,prefire,,BM22,nr,tighttopgrass,live,GR,,tr,
bearmountain,2019,prefire,,BM22,nr,unkflw1,live,FB,,tr,
bearmountain,2019,prefire,,BM22,nr,unkfuzzy,live,FB,,tr,
bearmountain,2019,prefire,,BM22,nr,unkhairyflw,live,FB,,tr,
bearmountain,2019,prefire,,BM22,nr,unkwhiteunder,live,FB,,tr,
bearmountain,2019,prefire,,BM22,nr,waxyfb,live,FB,,tr,
bearmountain,2019,prefire,,BM23,nr,4forb,live,FB,,tr,
bearmountain,2019,prefire,,BM23,nr,arcvis,live,SH,SL,10,
bearmountain,2019,prefire,,BM23,nr,arcvis,live,SH,SM,10,
bearmountain,2019,prefire,,BM23,nr,aster2,live,FB,,tr,
bearmountain,2019,prefire,,BM23,nr,ceacor,live,SH,SL,1,
bearmountain,2019,prefire,,BM23,nr,ceacor,live,SH,SM,1,
bearmountain,2019,prefire,,BM23,nr,chafol,live,SH,SL,12,
bearmountain,2019,prefire,,BM23,nr,chafol,live,SH,SM,10,
bearmountain,2019,prefire,,BM23,nr,commonfb,live,FB,,tr,
bearmountain,2019,prefire,,BM23,nr,droopygrass,,GR,,1,
bearmountain,2019,prefire,,BM23,nr,gayophytum,live,FB,,tr,
bearmountain,2019,prefire,,BM23,nr,grass3,live,GR,,tr,
bearmountain,2019,prefire,,BM23,nr,grassspecies,live,GR,,tr,
bearmountain,2019,prefire,,BM23,nr,iris,live,FB,,tr,
bearmountain,2019,prefire,,BM23,nr,pila,live,TR,TSE,0.5,
bearmountain,2019,prefire,,BM23,nr,pipo,live,TR,TSE,3,
bearmountain,2019,prefire,,BM23,nr,pipo,live,TR,TSA,tr,
bearmountain,2019,prefire,,BM23,nr,puffspike,live,FB,,tr,
bearmountain,2019,prefire,,BM23,nr,riro,live,SH,SL,0.5,
bearmountain,2019,prefire,,BM23,nr,riro,live,SH,SM,0.5,
bearmountain,2019,prefire,,BM23,nr,smallFgrass,live,GR,,tr,
bearmountain,2019,prefire,,BM23,nr,tallflower,live,FB,,tr,
bearmountain,2019,prefire,,BM23,nr,unkfuzzy,live,FB,,tr,
bearmountain,2019,prefire,,BM23,nr,unkhairyflw,live,FB,,tr,
bearmountain,2019,prefire,,BM23,nr,unkWforb,live,FB,,tr,
bearmountain,2019,prefire,,BM24,nr,4forb,live,FB,,tr,
bearmountain,2019,prefire,,BM24,nr,arcvis,live,SH,SL,6,
bearmountain,2019,prefire,,BM24,nr,arcvis,live,SH,SM,6,
bearmountain,2019,prefire,,BM24,nr,aster2,live,FB,,tr,
bearmountain,2019,prefire,,BM24,nr,broele,live,FB,,tr,
bearmountain,2019,prefire,,BM24,nr,cade,live,TR,TOV,7,
bearmountain,2019,prefire,,BM24,nr,cade,dead,TR,TOV,1,
bearmountain,2019,prefire,,BM24,nr,chafol,live,SH,SL,50,
bearmountain,2019,prefire,,BM24,nr,chafol,live,SH,SM,48,
bearmountain,2019,prefire,,BM24,nr,commonfb,live,FB,,tr,
bearmountain,2019,prefire,,BM24,nr,droopygrass,live,GR,,tr,
bearmountain,2019,prefire,,BM24,nr,gayophytum,live,GR,,tr,
bearmountain,2019,prefire,,BM24,nr,grass3,live,GR,,tr,
bearmountain,2019,prefire,,BM24,nr,hairstrand,live,FB,,tr,
bearmountain,2019,prefire,,BM24,nr,iris,live,FB,,tr,
bearmountain,2019,prefire,,BM24,nr,pipo,live,TR,TOV,6,
bearmountain,2019,prefire,,BM24,nr,pipo,live,TR,TSE,tr,
bearmountain,2019,prefire,,BM24,nr,puffball,live,FB,,tr,
bearmountain,2019,prefire,,BM24,nr,puffspike,live,FB,,tr,
bearmountain,2019,prefire,,BM24,nr,quke,live,TR,TSE,0.5,
bearmountain,2019,prefire,,BM24,nr,quke,live,TR,TRE,0.5,
bearmountain,2019,prefire,,BM24,nr,smallFgrass,live,GR,,tr,
bearmountain,2019,prefire,,BM24,nr,softarrow,live,FB,,tr,
bearmountain,2019,prefire,,BM24,nr,tallflower,live,FB,,tr,
bearmountain,2019,prefire,,BM24,nr,tighttopgrass,live,GR,,tr,
bearmountain,2019,prefire,,BM24,nr,tinyfb,live,FB,,tr,
bearmountain,2019,prefire,,BM24,nr,unkblackseeds,live,FB,,tr,
bearmountain,2019,prefire,,BM24,nr,unkflw1,live,FB,,tr,
bearmountain,2019,prefire,,BM24,nr,unkfuzzy,live,FB,,tr,
bearmountain,2019,prefire,,BM24,nr,unkhairyflw,live,FB,,tr,
bearmountain,2019,prefire,,BM24,nr,unkWforb,live,FB,,tr,
bearmountain,2019,prefire,,BM25,nr,abco,live,TR,TSE,2,
bearmountain,2019,prefire,,BM25,nr,arcvis,live,SH,SL,2,
bearmountain,2019,prefire,,BM25,nr,arcvis,live,SH,SM,2,
bearmountain,2019,prefire,,BM25,nr,aster2,live,FB,,tr,
bearmountain,2019,prefire,,BM25,nr,broele,live,FB,,tr,
bearmountain,2019,prefire,,BM25,nr,cade,live,TR,TSE,0.5,
bearmountain,2019,prefire,,BM25,nr,cade,live,TR,TSA,tr,
bearmountain,2019,prefire,,BM25,nr,chafol,live,SH,SL,45,
bearmountain,2019,prefire,,BM25,nr,chafol,live,SH,SM,40,
bearmountain,2019,prefire,,BM25,nr,commonfb,live,FB,,tr,
bearmountain,2019,prefire,,BM25,nr,droopygrass,live,GR,,tr,
bearmountain,2019,prefire,,BM25,nr,flat2,live,FB,,tr,
bearmountain,2019,prefire,,BM25,nr,gayophytum,live,FB,,tr,
bearmountain,2019,prefire,,BM25,nr,grass3,live,GR,,tr,
bearmountain,2019,prefire,,BM25,nr,grassspecies,live,GR,,tr,
bearmountain,2019,prefire,,BM25,nr,iris,live,FB,,tr,
bearmountain,2019,prefire,,BM25,nr,pipo,live,TR,TSE,25,
bearmountain,2019,prefire,,BM25,nr,pipo,live,TR,TSA,5,
bearmountain,2019,prefire,,BM25,nr,pipo,live,TR,TOV,5,
bearmountain,2019,prefire,,BM25,nr,psme,live,TR,TSE,0.5,
bearmountain,2019,prefire,,BM25,nr,quke,live,TR,TRE,10,
bearmountain,2019,prefire,,BM25,nr,quke,live,TR,TSE,tr,
bearmountain,2019,prefire,,BM25,nr,quke,dead,TR,TOV,2,
bearmountain,2019,prefire,,BM25,nr,riro,live,SH,SL,1,
bearmountain,2019,prefire,,BM25,nr,riro,live,SH,SM,0.5,
bearmountain,2019,prefire,,BM25,nr,salsco,live,TR,TSA,0.5,
bearmountain,2019,prefire,,BM25,nr,salsco,live,TR,TSE,tr,
bearmountain,2019,prefire,,BM25,nr,smallFgrass,live,GR,,tr,
bearmountain,2019,prefire,,BM25,nr,softarrow,live,FB,,tr,
bearmountain,2019,prefire,,BM25,nr,tallflower,live,FB,,tr,
bearmountain,2019,prefire,,BM25,nr,tinyfb,live,FB,,tr,
bearmountain,2019,prefire,,BM25,nr,unkflw1,live,FB,,tr,
bearmountain,2019,prefire,,BM25,nr,unkfuzzy,live,FB,,tr,
bearmountain,2019,prefire,,BM25,nr,unkhairyflw,live,FB,,tr,
bearmountain,2019,prefire,,BM25,nr,waxyfb,live,FB,,tr,
bearmountain,2019,prefire,,BM26,nr,4forb,live,FB,,tr,
bearmountain,2019,prefire,,BM26,nr,arcvis,live,SH,SL,15,
bearmountain,2019,prefire,,BM26,nr,arcvis,live,SH,SM,15,
bearmountain,2019,prefire,,BM26,nr,aster2,live,FB,,tr,
bearmountain,2019,prefire,,BM26,nr,ceacor,live,SH,SL,1,
bearmountain,2019,prefire,,BM26,nr,ceacor,live,SH,SM,1,
bearmountain,2019,prefire,,BM26,nr,ceaint,live,SH,SL,0.5,
bearmountain,2019,prefire,,BM26,nr,ceaint,live,SH,SM,0.5,
bearmountain,2019,prefire,,BM26,nr,chafol,live,SH,SL,5,
bearmountain,2019,prefire,,BM26,nr,chafol,live,SH,SM,3,
bearmountain,2019,prefire,,BM26,nr,cirsium,live,FB,,tr,
bearmountain,2019,prefire,,BM26,nr,commonfb,live,FB,,tr,
bearmountain,2019,prefire,,BM26,nr,droopygrass,live,GR,,tr,
bearmountain,2019,prefire,,BM26,nr,flat2,live,FB,,tr,
bearmountain,2019,prefire,,BM26,nr,gayophytum,live,GR,,tr,
bearmountain,2019,prefire,,BM26,nr,grass3,live,GR,,tr,
bearmountain,2019,prefire,,BM26,nr,grassspecies,live,GR,,tr,
bearmountain,2019,prefire,,BM26,nr,pipo,dead,TR,TOV,5,
bearmountain,2019,prefire,,BM26,nr,pipo,live,TR,TSE,0.5,
bearmountain,2019,prefire,,BM26,nr,psme,live,TR,TSE,tr,
bearmountain,2019,prefire,,BM26,nr,quch,live,TR,TRE,0.5,
bearmountain,2019,prefire,,BM26,nr,quch,live,TR,TSA,tr,
bearmountain,2019,prefire,,BM26,nr,quke,live,TR,TRE,10,
bearmountain,2019,prefire,,BM26,nr,quke,live,TR,TSA,3,
bearmountain,2019,prefire,,BM26,nr,quke,dead,TR,TOV,3,
bearmountain,2019,prefire,,BM26,nr,riro,dead,SH,SL,0.5,
bearmountain,2019,prefire,,BM26,nr,riro,dead,SH,SM,0.5,
bearmountain,2019,prefire,,BM26,nr,salsco,live,TR,TRE,2,
bearmountain,2019,prefire,,BM26,nr,smallFgrass,live,GR,,tr,
bearmountain,2019,prefire,,BM26,nr,tallflower,live,FB,,tr,
bearmountain,2019,prefire,,BM26,nr,unkblackseeds,live,FB,,tr,
bearmountain,2019,prefire,,BM26,nr,unkflw1,live,FB,,tr,
bearmountain,2019,prefire,,BM26,nr,unkfuzzy,live,FB,,tr,
bearmountain,2019,prefire,,BM26,nr,unkrose,live,FB,,tr,
bearmountain,2019,prefire,,BM26,nr,unkWforb,live,FB,,tr,
bearmountain,2019,prefire,,BM26,nr,waxyfb,live,FB,,tr,
bearmountain,2019,prefire,,BM27,nr,ACHMIL,live,FB,,tr,
bearmountain,2019,prefire,,BM27,nr,arcvis,live,SH,SL,5,
bearmountain,2019,prefire,,BM27,nr,arcvis,live,SH,SM,5,
bearmountain,2019,prefire,,BM27,nr,aster2,live,FB,,tr,
bearmountain,2019,prefire,,BM27,nr,biglupine,live,FB,,tr,
bearmountain,2019,prefire,,BM27,nr,cade,live,TR,TSE,2,
bearmountain,2019,prefire,,BM27,nr,cade,dead,TR,TOV,1,
bearmountain,2019,prefire,,BM27,nr,ceaint,live,SH,SL,tr,
bearmountain,2019,prefire,,BM27,nr,ceaint,live,SH,SM,tr,
bearmountain,2019,prefire,,BM27,nr,chafol,live,SH,SL,3,
bearmountain,2019,prefire,,BM27,nr,chafol,live,SH,SM,2.5,
bearmountain,2019,prefire,,BM27,nr,cirsium,live,FB,,tr,
bearmountain,2019,prefire,,BM27,nr,commonfb,live,FB,,tr,
bearmountain,2019,prefire,,BM27,nr,droopygrass,live,GR,,tr,
bearmountain,2019,prefire,,BM27,nr,ericameria,live,FB,,3,
bearmountain,2019,prefire,,BM27,nr,flat2,live,FB,,tr,
bearmountain,2019,prefire,,BM27,nr,gayophytum,live,FB,,tr,
bearmountain,2019,prefire,,BM27,nr,grass3,live,GR,,tr,
bearmountain,2019,prefire,,BM27,nr,pipo,live,TR,TSE,8,
bearmountain,2019,prefire,,BM27,nr,pipo,dead,TR,TOV,1,
bearmountain,2019,prefire,,BM27,nr,psme,live,TR,TSE,tr,
bearmountain,2019,prefire,,BM27,nr,puffspike,live,FB,,tr,
bearmountain,2019,prefire,,BM27,nr,quch,live,TR,TRE,tr,
bearmountain,2019,prefire,,BM27,nr,quke,live,TR,TRE,4.5,
bearmountain,2019,prefire,,BM27,nr,quke,dead,TR,TOV,1,
bearmountain,2019,prefire,,BM27,nr,riro,live,SH,SL,0.5,
bearmountain,2019,prefire,,BM27,nr,riro,live,SH,SM,0.5,
bearmountain,2019,prefire,,BM27,nr,salsco,live,TR,TRE,2,
bearmountain,2019,prefire,,BM27,nr,smallFgrass,live,GR,,tr,
bearmountain,2019,prefire,,BM27,nr,smallFgrass,live,GR,,tr,
bearmountain,2019,prefire,,BM27,nr,softarrow,live,FB,,tr,
bearmountain,2019,prefire,,BM27,nr,tighttopgrass,live,GR,,tr,
bearmountain,2019,prefire,,BM27,nr,tinyfb2,live,FB,,tr,
bearmountain,2019,prefire,,BM27,nr,unkfuzzy,live,FB,,tr,
bearmountain,2019,prefire,,BM27,nr,unkstrawberry,live,FB,,tr,
bearmountain,2019,prefire,,BM27,nr,unkwhiteunder,live,FB,,tr,
bearmountain,2019,prefire,,BM27,nr,waxyfb,live,FB,,tr,
bearmountain,2019,prefire,,BM3,nr,4forb,live,FB,,tr,
bearmountain,2019,prefire,,BM3,nr,arcvis,live,SH,SL,tr,
bearmountain,2019,prefire,,BM3,nr,arcvis,live,SH,SM,tr,
bearmountain,2019,prefire,,BM3,nr,arcvis,dead,SH,SL,0.5,
bearmountain,2019,prefire,,BM3,nr,arcvis,dead,SH,SM,0.5,
bearmountain,2019,prefire,,BM3,nr,cade,live,TR,TSE,tr,
bearmountain,2019,prefire,,BM3,nr,cade,live,TR,TOV,tr,
bearmountain,2019,prefire,,BM3,nr,chafol,live,SH,SM,50,
bearmountain,2019,prefire,,BM3,nr,chafol,live,SH,SL,70,
bearmountain,2019,prefire,,BM3,nr,droopygrass,live,GR,,tr,
bearmountain,2019,prefire,,BM3,nr,fattopgrass,live,GR,,tr,
bearmountain,2019,prefire,,BM3,nr,Fgrass,live,GR,,tr,
bearmountain,2019,prefire,,BM3,nr,gayophytum,live,FB,,tr,
bearmountain,2019,prefire,,BM3,nr,hairstrand,live,FB,,tr,
bearmountain,2019,prefire,,BM3,nr,hiealb,live,FB,,tr,
bearmountain,2019,prefire,,BM3,nr,iris,live,FB,,tr,
bearmountain,2019,prefire,,BM3,nr,leafspinsfb,live,FB,,tr,
bearmountain,2019,prefire,,BM3,nr,likeelel,live,GR,,tr,
bearmountain,2019,prefire,,BM3,nr,longbladegrass,live,GR,,tr,
bearmountain,2019,prefire,,BM3,nr,pipo,live,TR,TOV,4,
bearmountain,2019,prefire,,BM3,nr,psme,live,TR,TOV,4,
bearmountain,2019,prefire,,BM3,nr,quch,live,TR,TSE,tr,
bearmountain,2019,prefire,,BM3,nr,quke,live,TR,TSE,tr,
bearmountain,2019,prefire,,BM3,nr,stephanomeria,live,FB,,tr,
bearmountain,2019,prefire,,BM3,nr,tighttopgrass,live,GR,,tr,
bearmountain,2019,prefire,,BM3,nr,unkflw1,live,FB,,tr,
bearmountain,2019,prefire,,BM3,nr,unkflw2,dead,FB,,tr,
bearmountain,2019,prefire,,BM3,nr,unkWforb,live,FB,,tr,
bearmountain,2019,prefire,,BM3,nr,wavygrass2,live,GR,,tr,
bearmountain,2019,prefire,,BM4,nr,4forb,live,FB,,tr,
bearmountain,2019,prefire,,BM4,nr,arcvis,live,SH,SL,0.5,
bearmountain,2019,prefire,,BM4,nr,arcvis,live,SH,SM,tr,
bearmountain,2019,prefire,,BM4,nr,cade,dead,TR,TSA,tr,
bearmountain,2019,prefire,,BM4,nr,cade,dead,TR,TOV,2,
bearmountain,2019,prefire,,BM4,nr,cade,live,TR,TOV,17,
bearmountain,2019,prefire,,BM4,nr,chafol,live,SH,SL,60,
bearmountain,2019,prefire,,BM4,nr,chafol,live,SH,SM,30,
bearmountain,2019,prefire,,BM4,nr,droopygrass,live,GR,,tr,
bearmountain,2019,prefire,,BM4,nr,Fgrass,live,GR,,tr,
bearmountain,2019,prefire,,BM4,nr,hairstrand,live,FB,,tr,
bearmountain,2019,prefire,,BM4,nr,hiealb,live,FB,,tr,
bearmountain,2019,prefire,,BM4,nr,iris,live,FB,,tr,
bearmountain,2019,prefire,,BM4,nr,longbladegrass,live,GR,,tr,
bearmountain,2019,prefire,,BM4,nr,pipo,live,TR,TOV,3,
bearmountain,2019,prefire,,BM4,nr,puffspike,live,FB,,tr,
bearmountain,2019,prefire,,BM4,nr,quke,live,TR,TSA,tr,
bearmountain,2019,prefire,,BM4,nr,steten,live,FB,,tr,
bearmountain,2019,prefire,,BM4,nr,tallgrass2,live,GR,,tr,
bearmountain,2019,prefire,,BM4,nr,tighttopgrass,live,GR,,tr,
bearmountain,2019,prefire,,BM4,nr,tinyfb,live,FB,,tr,
bearmountain,2019,prefire,,BM4,nr,unkflw1,live,FB,,tr,
bearmountain,2019,prefire,,BM4,nr,unkflw2,live,FB,,tr,
bearmountain,2019,prefire,,BM4,nr,unkflw4,live,FB,,tr,
bearmountain,2019,prefire,,BM4,nr,unkfuzzy,live,FB,,tr,
bearmountain,2019,prefire,,BM4,nr,unklightgrass,live,GR,,tr,
bearmountain,2019,prefire,,BM5,nr,arcvis,live,SH,SL,0.5,
bearmountain,2019,prefire,,BM5,nr,arcvis,live,SH,SM,tr,
bearmountain,2019,prefire,,BM5,nr,cade,live,TR,TOV,4,
bearmountain,2019,prefire,,BM5,nr,chafol,live,SH,SL,50,
bearmountain,2019,prefire,,BM5,nr,chafol,live,SH,SM,30,
bearmountain,2019,prefire,,BM5,nr,diskflw,live,FB,,tr,
bearmountain,2019,prefire,,BM5,nr,droopygrass,live,FB,,tr,
bearmountain,2019,prefire,,BM5,nr,fbsmellyseeds,live,FB,,tr,
bearmountain,2019,prefire,,BM5,nr,Fgrass,live,GR,,tr,
bearmountain,2019,prefire,,BM5,nr,flat1,live,FB,,tr,
bearmountain,2019,prefire,,BM5,nr,flat2,live,FB,,tr,
bearmountain,2019,prefire,,BM5,nr,forktoothedfb,live,FB,,tr,
bearmountain,2019,prefire,,BM5,nr,gayophytum,live,FB,,tr,
bearmountain,2019,prefire,,BM5,nr,hairyopengr,live,GR,,tr,
bearmountain,2019,prefire,,BM5,nr,iris,live,FB,,tr,
bearmountain,2019,prefire,,BM5,nr,likeelel,live,GR,,tr,
bearmountain,2019,prefire,,BM5,nr,longbladegrass,live,GR,,tr,
bearmountain,2019,prefire,,BM5,nr,pipo,live,TR,TOV,3,
bearmountain,2019,prefire,,BM5,nr,puffspike,live,FB,,tr,
bearmountain,2019,prefire,,BM5,nr,quke,live,TR,TSE,,
bearmountain,2019,prefire,,BM5,nr,quke,live,TR,TOV,2,
bearmountain,2019,prefire,,BM5,nr,salsco,live,TR,TRE,tr,
bearmountain,2019,prefire,,BM5,nr,softarrow,live,FB,,tr,
bearmountain,2019,prefire,,BM5,nr,steten,live,FB,,tr,
bearmountain,2019,prefire,,BM5,nr,tallgrass2,live,GR,,tr,
bearmountain,2019,prefire,,BM5,nr,tighttopgrass,live,GR,,tr,
bearmountain,2019,prefire,,BM5,nr,tinyfb,live,FB,,tr,
bearmountain,2019,prefire,,BM5,nr,unkaster,live,FB,,tr,
bearmountain,2019,prefire,,BM5,nr,unkblackseeds,live,FB,,tr,
bearmountain,2019,prefire,,BM5,nr,unkbushygrass,live,GR,,tr,
bearmountain,2019,prefire,,BM5,nr,unkflw1,live,FB,,tr,
bearmountain,2019,prefire,,BM5,nr,unkflw2,live,FB,,tr,
bearmountain,2019,prefire,,BM5,nr,unkflw4,live,FB,,tr,
bearmountain,2019,prefire,,BM5,nr,unkfuzzy,live,FB,,tr,
bearmountain,2019,prefire,,BM5,nr,unkhairyflr,live,FB,,tr,
bearmountain,2019,prefire,,BM5,nr,unkpinkfb,live,FB,,tr,
bearmountain,2019,prefire,,BM5,nr,unkstrawberry,live,FB,,tr,
bearmountain,2019,prefire,,BM5,nr,unkthickgram,live,FB,,tr,
bearmountain,2019,prefire,,BM5,nr,widebladegrass,live,GR,,tr,
bearmountain,2019,prefire,,BM6,nr,arcvis,live,SH,SL,tr,
bearmountain,2019,prefire,,BM6,nr,arcvis,live,SH,SM,tr,
bearmountain,2019,prefire,,BM6,nr,arcvis,dead,SH,SL,,
bearmountain,2019,prefire,,BM6,nr,arcvis,dead,SH,SM,,
bearmountain,2019,prefire,,BM6,nr,cade,live,TR,TOV,10,
bearmountain,2019,prefire,,BM6,nr,cade,live,TR,TSE,tr,
bearmountain,2019,prefire,,BM6,nr,chafol,live,SH,SL,,
bearmountain,2019,prefire,,BM6,nr,chafol,live,SH,SM,,
bearmountain,2019,prefire,,BM6,nr,droopygrass,live,GR,,tr,
bearmountain,2019,prefire,,BM6,nr,Fgrass,live,GR,,tr,
bearmountain,2019,prefire,,BM6,nr,pipo,live,TR,TOV,tr,
bearmountain,2019,prefire,,BM6,nr,quke,live,TR,TSE,tr,
bearmountain,2019,prefire,,BM6,nr,stephanomeria,live,FB,,tr,
bearmountain,2019,prefire,,BM6,nr,steten,live,FB,,tr,
bearmountain,2019,prefire,,BM6,nr,tallflower,live,FB,,tr,
bearmountain,2019,prefire,,BM6,nr,tallgrass1,live,GR,,tr,
bearmountain,2019,prefire,,BM6,nr,tallgrass2,live,GR,,tr,
bearmountain,2019,prefire,,BM6,nr,tighttopgrass,live,GR,,tr,
bearmountain,2019,prefire,,BM6,nr,tinyfb,live,FB,,tr,
bearmountain,2019,prefire,,BM6,nr,unkflw1,live,FB,,tr,
bearmountain,2019,prefire,,BM6,nr,unkfuzzy,live,FB,,tr,
bearmountain,2019,prefire,,BM6,nr,unkhairyflr,live,FB,,tr,
bearmountain,2019,prefire,,BM6,nr,unkWforb,live,FB,,tr,
bearmountain,2019,prefire,,BM7,nr,3petalcompound,live,FB,,tr,
bearmountain,2019,prefire,,BM7,nr,4forb,live,FB,,tr,
bearmountain,2019,prefire,,BM7,nr,apoand,live,SH,SL,tr,
bearmountain,2019,prefire,,BM7,nr,araret,live,FB,,tr,
bearmountain,2019,prefire,,BM7,nr,arcvis,live,SH,SM,tr,
bearmountain,2019,prefire,,BM7,nr,arcvis,live,SH,SL,tr,
bearmountain,2019,prefire,,BM7,nr,cade,live,TR,TOV,tr,
bearmountain,2019,prefire,,BM7,nr,cade,live,TR,TSA,tr,
bearmountain,2019,prefire,,BM7,nr,cade,live,TR,TSE,tr,
bearmountain,2019,prefire,,BM7,nr,chafol,live,SH,SL,50,
bearmountain,2019,prefire,,BM7,nr,chafol,live,SH,SM,30,
bearmountain,2019,prefire,,BM7,nr,commonforb,live,FB,,tr,
bearmountain,2019,prefire,,BM7,nr,droopygrass,live,FB,,tr,
bearmountain,2019,prefire,,BM7,nr,Fgrass,live,GR,,tr,
bearmountain,2019,prefire,,BM7,nr,forktoothedfb,live,FB,,tr,
bearmountain,2019,prefire,,BM7,nr,grass2,live,GR,,tr,
bearmountain,2019,prefire,,BM7,nr,grass3,live,GR,,tr,
bearmountain,2019,prefire,,BM7,nr,grass4,live,GR,,tr,
bearmountain,2019,prefire,,BM7,nr,grassspecies,live,GR,,tr,
bearmountain,2019,prefire,,BM7,nr,iris,live,FB,,tr,
bearmountain,2019,prefire,,BM7,nr,longbladegrass,live,GR,,tr,
bearmountain,2019,prefire,,BM7,nr,pipo,live,TR,TSE,tr,
bearmountain,2019,prefire,,BM7,nr,pipo,live,TR,TOV,3,
bearmountain,2019,prefire,,BM7,nr,puffball,live,FB,,tr,
bearmountain,2019,prefire,,BM7,nr,puffspike,live,FB,,tr,
bearmountain,2019,prefire,,BM7,nr,quke,live,TR,TRE,tr,
bearmountain,2019,prefire,,BM7,nr,quke,live,TR,TSE,tr,
bearmountain,2019,prefire,,BM7,nr,smallFgrass,live,GR,,tr,
bearmountain,2019,prefire,,BM7,nr,softarrow,live,FB,,tr,
bearmountain,2019,prefire,,BM7,nr,tallflower,live,FB,,tr,
bearmountain,2019,prefire,,BM7,nr,tallgrass1,live,GR,,tr,
bearmountain,2019,prefire,,BM7,nr,tallgrass2,live,GR,,tr,
bearmountain,2019,prefire,,BM7,nr,tighttopgrass,live,FB,,tr,
bearmountain,2019,prefire,,BM7,nr,unkfuzzy,live,FB,,tr,
bearmountain,2019,prefire,,BM7,nr,unkhairyflr,live,FB,,tr,
bearmountain,2019,prefire,,BM7,nr,unklightgrass,live,FB,,tr,
bearmountain,2019,prefire,,BM7,nr,unksmellyseeds,live,FB,,tr,
bearmountain,2019,prefire,,BM7,nr,waxyfb,live,FB,,tr,
bearmountain,2019,prefire,,BM7,nr,whiteunderfb,live,FB,,tr,
bearmountain,2019,prefire,,BM8,nr,3petalcompound,live,FB,,tr,
bearmountain,2019,prefire,,BM8,nr,araret,live,FB,,tr,
bearmountain,2019,prefire,,BM8,nr,arcvis,live,SH,SL,45,
bearmountain,2019,prefire,,BM8,nr,arcvis,live,SH,SM,20,
bearmountain,2019,prefire,,BM8,nr,cade,live,TR,TOV,tr,
bearmountain,2019,prefire,,BM8,nr,cade,live,TR,TSE,tr,
bearmountain,2019,prefire,,BM8,nr,chafol,live,SH,SL,10,
bearmountain,2019,prefire,,BM8,nr,chafol,live,SH,SM,9,
bearmountain,2019,prefire,,BM8,nr,commonforb,live,FB,,tr,
bearmountain,2019,prefire,,BM8,nr,diskflw,live,FB,,tr,
bearmountain,2019,prefire,,BM8,nr,droopygrass,live,GR,,tr,
bearmountain,2019,prefire,,BM8,nr,grass3,live,GR,,tr,
bearmountain,2019,prefire,,BM8,nr,grassspecies,live,GR,,tr,
bearmountain,2019,prefire,,BM8,nr,longbladegrass,live,GR,,tr,
bearmountain,2019,prefire,,BM8,nr,longflower,live,GB,,tr,
bearmountain,2019,prefire,,BM8,nr,pipo,live,TR,TOV,tr,
bearmountain,2019,prefire,,BM8,nr,pipo,live,TR,TSE,tr,
bearmountain,2019,prefire,,BM8,nr,puffspike,live,FB,,tr,
bearmountain,2019,prefire,,BM8,nr,quke,live,TR,TRE,tr,
bearmountain,2019,prefire,,BM8,nr,quke,live,TR,TSE,tr,
bearmountain,2019,prefire,,BM8,nr,smallFgrass,live,GR,,tr,
bearmountain,2019,prefire,,BM8,nr,tallflower,live,FB,,tr,
bearmountain,2019,prefire,,BM8,nr,tighttopgrass,live,GR,,tr,
bearmountain,2019,prefire,,BM8,nr,tinyfb,live,FB,,tr,
bearmountain,2019,prefire,,BM8,nr,unkblackseeds,live,FB,,tr,
bearmountain,2019,prefire,,BM8,nr,unkflw1,live,FB,,tr,
bearmountain,2019,prefire,,BM8,nr,unkflw4,live,FB,,tr,
bearmountain,2019,prefire,,BM8,nr,unkfuzzy,live,FB,,tr,
bearmountain,2019,prefire,,BM9,nr,3petalcompound,live,FB,,tr,
bearmountain,2019,prefire,,BM9,nr,4forb,live,FB,,tr,
bearmountain,2019,prefire,,BM9,nr,apoand,live,SH,SL,tr,
bearmountain,2019,prefire,,BM9,nr,arcvis,live,SH,SL,0.5,
bearmountain,2019,prefire,,BM9,nr,arcvis,live,SH,SM,0.5,
bearmountain,2019,prefire,,BM9,nr,aster2,live,FB,,tr,
bearmountain,2019,prefire,,BM9,nr,cade,live,TR,TSE,tr,
bearmountain,2019,prefire,,BM9,nr,ceaint,live,SH,SL,tr,
bearmountain,2019,prefire,,BM9,nr,ceaint,live,SH,SM,tr,
bearmountain,2019,prefire,,BM9,nr,chafol,live,SH,SL,1,
bearmountain,2019,prefire,,BM9,nr,commonforb,live,FB,,tr,
bearmountain,2019,prefire,,BM9,nr,droopygrass,live,GR,,tr,
bearmountain,2019,prefire,,BM9,nr,fbsmellyseeds,live,FB,,tr,
bearmountain,2019,prefire,,BM9,nr,flat1,live,FB,,tr,
bearmountain,2019,prefire,,BM9,nr,grass3,live,GR,,tr,
bearmountain,2019,prefire,,BM9,nr,grass3,live,GR,,tr,
bearmountain,2019,prefire,,BM9,nr,grassspecies,live,GR,,tr,
bearmountain,2019,prefire,,BM9,nr,iris,live,FB,,tr,
bearmountain,2019,prefire,,BM9,nr,longbladegrass,live,GR,,tr,
bearmountain,2019,prefire,,BM9,nr,pipo,live,TR,TSE,15,
bearmountain,2019,prefire,,BM9,nr,pipo,dead,TR,TOV,tr,
bearmountain,2019,prefire,,BM9,nr,quke,live,TR,TRE,tr,
bearmountain,2019,prefire,,BM9,nr,quke,live,TR,TSE,tr,
bearmountain,2019,prefire,,BM9,nr,salsco,live,TR,TSE,tr,
bearmountain,2019,prefire,,BM9,nr,smallFgrass,live,GR,,tr,
bearmountain,2019,prefire,,BM9,nr,softarrow,live,FB,,tr,
bearmountain,2019,prefire,,BM9,nr,tallflower,live,FB,,tr,
bearmountain,2019,prefire,,BM9,nr,tallgrass1,live,GR,,tr,
bearmountain,2019,prefire,,BM9,nr,tallgrass1,live,GR,,tr,
bearmountain,2019,prefire,,BM9,nr,tallgrass2,live,GR,,tr,
bearmountain,2019,prefire,,BM9,nr,tighttopgrass,live,GR,,tr,
bearmountain,2019,prefire,,BM9,nr,tinyfb,live,FB,,tr,
bearmountain,2019,prefire,,BM9,nr,unkblackseeds,live,FB,,tr,
bearmountain,2019,prefire,,BM9,nr,unkfuzzy,live,FB,,tr,
bearmountain,2019,prefire,,BM9,nr,unkstrawberry,live,FB,,tr,
bearmountain,2019,prefire,,BM9,nr,waxyfb,live,FB,,tr,
