site,plotid,pre_post_fire,postTime,obs,year,species,status,lifeform,layer_code,percent,notes,collected,pic
RioLindo,RIO005,prefire,,km,2021,acemac,live,TR,TSA,5,,,
RioLindo,RIO005,prefire,,km,2021,acemac,live,TR,TOV,22,,,
RioLindo,RIO007,prefire,,km,2021,acemac,live,TR,TSE,tr,,,
Bouverie,BOUV008,prefire,,km,2021,acmgla,live,FB,,2,,,
Bouverie,BOUV011,prefire,,km,2021,acmgla,live,FB,,7,,,
Bouverie,BOUV012,prefire,,km,2021,acmgla,live,FB,,50,,,
Bouverie,BOUV008,prefire,,km,2021,adefas,live,SH,,1,adenostoma fasciculatum,,
Bouverie,BOUV003,prefire,,km,2021,adijor,live,FERN ,,0.5,,,
Bouverie,BOUV008,prefire,,km,2021,adijor,live,FERN ,,0.25,,,
RioLindo,RIO005,prefire,,km,2021,adijor,live,FERN ,,1,adiantum jordanii,,
RioLindo,RIO007,prefire,,km,2021,adijor,live,FERN ,,0.25,,,
RioLindo,RIO008,prefire,,km,2021,adijor,live,FERN ,,tr,,,
RioLindo,RIO005,prefire,,km,2021,aescal,live,TR,TSE,tr,,,
Bouverie,BOUV004,prefire,,km,2021,aircar,live,GR,,tr,,,
Bouverie,BOUV007,prefire,,km,2021,aircar,live,GR,,tr,,,
Bouverie,BOUV008,prefire,,km,2021,aircar,live,GR,,tr,,,
Bouverie,BOUV009,prefire,,km,2021,aircar,live,GR,,tr,,,
Bouverie,BOUV012,prefire,,km,2021,aircar,live,GR,,tr,,,
Bouverie,BOUV001,prefire,,km,2021,arbmen,live,TR,TSE,1,,,
Bouverie,BOUV001,prefire,,km,2021,arbmen,live,TR,TSA,2,,,
Bouverie,BOUV001,prefire,,km,2021,arbmen,live,TR,TOV,32,some cover is from overhanging trees,,
Bouverie,BOUV001,prefire,,km,2021,arbmen,dead,TR,TOV,6,,,
Bouverie,BOUV002,prefire,,km,2021,arbmen,live,TR,TSE,13,,,
Bouverie,BOUV002,prefire,,km,2021,arbmen,live,TR,TSA,8,,,
Bouverie,BOUV002,prefire,,km,2021,arbmen,live,TR,TOV,21,,,
Bouverie,BOUV002,prefire,,km,2021,arbmen,dead,TR,TOV,22,,,
Bouverie,BOUV003,prefire,,km,2021,arbmen,live,TR,TSE,13,,,
Bouverie,BOUV003,prefire,,km,2021,arbmen,live,TR,TSA,2.5,,,
Bouverie,BOUV003,prefire,,km,2021,arbmen,live,TR,TOV,14,,,
Bouverie,BOUV004,prefire,,km,2021,arbmen,live,TR,TSE,0.5,,,
Bouverie,BOUV004,prefire,,km,2021,arbmen,live,TR,TSA,0.25,,,
Bouverie,BOUV005,prefire,,km,2021,arbmen,live,TR,TSE,1,,,
Bouverie,BOUV005,prefire,,km,2021,arbmen,live,TR,TSA,2,,,
Bouverie,BOUV005,prefire,,km,2021,arbmen,dead,TR,TSA,0.75,,,
Bouverie,BOUV005,prefire,,km,2021,arbmen,dead,TR,TOV,2,,,
Bouverie,BOUV007,prefire,,km,2021,arbmen,live,TR,TSE,0.75,,,
Bouverie,BOUV007,prefire,,km,2021,arbmen,live,TR,TSA,2,,,
Bouverie,BOUV007,prefire,,km,2021,arbmen,live,TR,TOV,2,,,
Bouverie,BOUV008,prefire,,km,2021,arbmen,live,TR,TSE,0.25,0.25,,
Bouverie,BOUV009,prefire,,km,2021,arbmen,live,TR,TSE,1,,,
Bouverie,BOUV009,prefire,,km,2021,arbmen,live,TR,TSA,0.5,,,
Bouverie,BOUV010,prefire,,km,2021,arbmen,live,TR,TSE,0.75,,,
Bouverie,BOUV010,prefire,,km,2021,arbmen,live,TR,TOV,6,,,
Bouverie,BOUV010,prefire,,km,2021,arbmen,dead,TR,TOV,2.5,,,
Bouverie,BOUV012,prefire,,km,2021,arbmen,live,TR,TSE,tr,,,
Bouverie,BOUV012,prefire,,km,2021,arbmen,live,TR,TSA,0.25,,,
RioLindo,RIO001,prefire,,km,2021,arbmen,live,TR,TSE,tr,,,
RioLindo,RIO002,prefire,,km,2021,arbmen,live,TR,TSE,tr,,,
RioLindo,RIO002,prefire,,km,2021,arbmen,live,TR,TSA,6,,,
RioLindo,RIO002,prefire,,km,2021,arbmen,live,TR,TOV,35,,,
RioLindo,RIO002,prefire,,km,2021,arbmen,dead,TR,TSA,3,,,
RioLindo,RIO002,prefire,,km,2021,arbmen,dead,TR,TOV,1,,,
RioLindo,RIO003,prefire,,km,2021,arbmen,live,TR,TSE,0.5,,,
RioLindo,RIO003,prefire,,km,2021,arbmen,live,TR,TSA,0.5,,,
RioLindo,RIO004,prefire,,km,2021,arbmen,live,TR,TSE,tr,,,
RioLindo,RIO005,prefire,,km,2021,arbmen,live,TR,TSE,tr,,,
RioLindo,RIO005,prefire,,km,2021,arbmen,live,TR,TSA,1,,,
RioLindo,RIO006,prefire,,km,2021,arbmen,live,TR,TSE,tr,,,
RioLindo,RIO006,prefire,,km,2021,arbmen,live,TR,TOV,6,,,
RioLindo,RIO006,prefire,,km,2021,arbmen,dead,TR,TSE,tr,,,
RioLindo,RIO008,prefire,,km,2021,arbmen,live,TR,TSE,0.25,,,
RioLindo,RIO008,prefire,,km,2021,arbmen,live,TR,TSA,1,,,
RioLindo,RIO008,prefire,,km,2021,arbmen,live,TR,TOV,0.25,,,
RioLindo,RIO008,prefire,,mm,2021,arbmen,dead,TR,TOV,0.25,,,
RioLindo,RIO009,prefire,,km,2021,arbmen,live,TR,TSE,0.25,,,
RioLindo,RIO009,prefire,,km,2021,arbmen,live,TR,TOV,4,,,
RioLindo,RIO009,prefire,,km,2021,arbmen,dead,TR,TOV,1,,,
Bouverie,BOUV002,prefire,,km,2021,arctostaphylos,live,SH,,tr,,,
Bouverie,BOUV004,prefire,,km,2021,arctostaphylos,live,SH,,tr,,,
Bouverie,BOUV005,prefire,,km,2021,arctostaphylos,live,SH,,tr,,,
Bouverie,BOUV011,prefire,,km,2021,arctostaphylos,live,SH,,0.25,,,
Bouverie,BOUV012,prefire,,km,2021,arctostaphylos,live,SH,,0.25,,,
Bouverie,BOUV004,prefire,,km,2021,arctostaphylos2,live,SH,,tr,,,
Bouverie,BOUV008,prefire,,km,2021,arctostaphylos2,live,SH,,tr,,,
Bouverie,BOUV012,prefire,,km,2021,arctostaphylos2,live,SH,,tr,,,
RioLindo,RIO008,prefire,,km,2021,asacau,live,FB,,tr,,,
RioLindo,RIO009,prefire,,km,2021,asacau,live,FB,,tr,,,
Bouverie,BOUV006,prefire,,km,2021,aster,live,FB,,tr,,,
Bouverie,BOUV009,prefire,,km,2021,aster,live,FB,,tr,,,
Bouverie,BOUV012,prefire,,km,2021,aster,live,FB,,tr,,,
Bouverie,BOUV003,prefire,,km,2021,aster serrated,live,FB,,tr,,,
Bouverie,BOUV012,prefire,,km,2021,aster2,live,FB,,tr,,,
Bouverie,BOUV003,prefire,,km,2021,avena,live,GR,,tr,,,
Bouverie,BOUV004,prefire,,km,2021,avena,live,GR,,1,,,
Bouverie,BOUV006,prefire,,km,2021,avena,live,GR,,70,,,
Bouverie,BOUV008,prefire,,km,2021,avena,live,GR,,16,,,
Bouverie,BOUV011,prefire,,km,2021,avena,live,GR,,5,,,
Bouverie,BOUV012,prefire,,km,2021,avena,live,GR,,1,,,
RioLindo,RIO002,prefire,,km,2021,avena,live,GR,,tr,,,
Bouverie,BOUV001,prefire,,km,2021,bacpil,live,SH,,tr,,,
Bouverie,BOUV002,prefire,,km,2021,bacpil,live,SH,,0.25,,,
Bouverie,BOUV004,prefire,,km,2021,bacpil,live,SH,,0.25,,,
Bouverie,BOUV005,prefire,,km,2021,bacpil,live,SH,,0.25,,,
Bouverie,BOUV007,prefire,,km,2021,bacpil,live,SH,,1.5,,,
Bouverie,BOUV009,prefire,,km,2021,bacpil,live,SH,,1.5,,,
Bouverie,BOUV010,prefire,,km,2021,bacpil,live,SH,,0.5,,,
Bouverie,BOUV011,prefire,,km,2021,bacpil,live,SH,,tr,,,
Bouverie,BOUV012,prefire,,km,2021,bacpil,live,SH,,0.5,,,
RioLindo,RIO003,prefire,,km,2021,bacpil,live,SH,,tr,,,
RioLindo,RIO008,prefire,,km,2021,bacpil,live,SH,,tr,,,
Bouverie,BOUV005,prefire,,km,2021,big brome,live,GR,,0.5,,,
Bouverie,BOUV011,prefire,,km,2021,big brome,live,GR,,0.5,,,
Bouverie,BOUV012,prefire,,km,2021,big brome,live,GR,,0.5,,,
RioLindo,RIO002,prefire,,km,2021,big brome,live,GR,,1,,,
RioLindo,RIO009,prefire,,km,2021,big brome,live,GR,,0.5,,,
Bouverie,BOUV003,prefire,,km,2021,big grass,live,GR,,0.25,,x,x
Bouverie,BOUV011,prefire,,km,2021,boraginaceae,live,FB,,tr,,,x
Bouverie,BOUV006,prefire,,km,2021,bradis,live,GR,,4,brachypodium distachyon,,
RioLindo,RIO002,prefire,,km,2021,brimax,live,GR,,1,,,
RioLindo,RIO004,prefire,,km,2021,brimax,live,GR,,tr,,,
RioLindo,RIO006,prefire,,km,2021,brimax,live,GR,,tr,,,
Bouverie,BOUV004,prefire,,km,2021,brimin,live,GR,,tr,,,
Bouverie,BOUV008,prefire,,km,2021,brimin,live,GR,,tr,fairygrass,,
Bouverie,BOUV012,prefire,,km,2021,brimin,live,GR,,tr,,x,x
Bouverie,BOUV003,prefire,,km,2021,broad lv aster,live,FB,,0.25,,,
Bouverie,BOUV001,prefire,,km,2021,brodia,live,GR,,1,,,
Bouverie,BOUV004,prefire,,km,2021,brodia,live,GR,,15,,,
Bouverie,BOUV005,prefire,,km,2021,brodia,live,GR,,0.5,,,
Bouverie,BOUV006,prefire,,km,2021,brodia,live,GR,,21,,,
Bouverie,BOUV007,prefire,,km,2021,brodia,live,GR,,0.25,,,
Bouverie,BOUV008,prefire,,km,2021,brodia,live,GR,,8,,,
Bouverie,BOUV011,prefire,,km,2021,brodia,live,GR,,0.5,,x,x
Bouverie,BOUV012,prefire,,km,2021,brodia,live,GR,,tr,,,
RioLindo,RIO006,prefire,,km,2021,brodia,live,GR,,2,,,
Bouverie,BOUV005,prefire,,km,2021,brodiaea,live,FB,,tr,,,
Bouverie,BOUV006,prefire,,km,2021,brodiaea,live,FB,,tr,,,
Bouverie,BOUV008,prefire,,km,2021,brodiaea,live,FB,,tr,,,
Bouverie,BOUV011,prefire,,km,2021,brodiaea,live,FB,,tr,,,
Bouverie,BOUV012,prefire,,km,2021,brodiaea,live,FB,,tr,,,
RioLindo,RIO003,prefire,,km,2021,cade,live,TR,TSE,1,,,
RioLindo,RIO003,prefire,,km,2021,cade,live,TR,TOV,3.5,,,
RioLindo,RIO006,prefire,,km,2021,cade,live,TR,TSE,0.5,,,
RioLindo,RIO007,prefire,,km,2021,cade,live,TR,TSE,tr,,,
RioLindo,RIO001,prefire,,km,2021,calcocc,live,SH,,tr,,,
RioLindo,RIO005,prefire,,km,2021,calcocc,live,SH,,28,calycanthus occidentalis,,
Bouverie,BOUV001,prefire,,km,2021,calocc,live,FB,,tr,,,
RioLindo,RIO002,prefire,,km,2021,cardamine,live,FB,,tr,,,
RioLindo,RIO004,prefire,,km,2021,cardamine,live,FB,,tr,,,
Bouverie,BOUV002,prefire,,km,2021,carex,live,GR,,tr,,,
Bouverie,BOUV003,prefire,,km,2021,carex,live,GR,,2,,,
RioLindo,RIO001,prefire,,km,2021,carex1,live,GR,,0.25,,,
Bouverie,BOUV010,prefire,,km,2021,carex2,live,GR,,tr,,,
RioLindo,RIO001,prefire,,km,2021,carex2,live,GR,,tr,,,
Bouverie,BOUV007,prefire,,km,2021,carex3,live,GR,,0.25,,,
Bouverie,BOUV009,prefire,,km,2021,carex3,live,GR,,3,,,
Bouverie,BOUV010,prefire,,km,2021,carex3,live,GR,,1,,,
Bouverie,BOUV012,prefire,,km,2021,carex3,live,GR,,tr,,,x
Bouverie,BOUV011,prefire,,km,2021,carpycpyc,live,FB,,tr,,x,x
Bouverie,BOUV004,prefire,,km,2021,carpycpyc,live,FB,,0.25,,,
Bouverie,BOUV006,prefire,,km,2021,carpycpyc,live,FB,,23,,,
Bouverie,BOUV009,prefire,,km,2021,carpycpyc,live,FB,,tr,,,
Bouverie,BOUV005,prefire,,km,2021,chlpom,live,FB,,tr,,,
Bouverie,BOUV008,prefire,,km,2021,chlpom,live,FB,,tr,,,
RioLindo,RIO002,prefire,,km,2021,chlpom,live,FB,,0.25,,,
Bouverie,BOUV010,prefire,,km,2021,corcor,live,SH,,0.5,corylus cornuta,,
Bouverie,BOUV001,prefire,,km,2021,cotpan,live,SH,,tr,,,
RioLindo,RIO001,prefire,,km,2021,cotpan,live,SH,,tr,cotoneaster pannosus?,,
RioLindo,RIO003,prefire,,km,2021,cotpan,live,SH,,tr,,,
RioLindo,RIO008,prefire,,km,2021,cotpan,live,SH,,0.25,,,
RioLindo,RIO009,prefire,,km,2021,cotpan,live,SH,,tr,,,
Bouverie,BOUV001,prefire,,km,2021,cynech,live,GR,,1,,,
Bouverie,BOUV003,prefire,,km,2021,cynech,live,GR,,0.75,,,
Bouverie,BOUV004,prefire,,km,2021,cynech,live,GR,,5,,,
Bouverie,BOUV005,prefire,,km,2021,cynech,live,GR,,3,,,
Bouverie,BOUV006,prefire,,km,2021,cynech,live,GR,,3,,,
Bouverie,BOUV007,prefire,,km,2021,cynech,live,GR,,tr,,,
Bouverie,BOUV008,prefire,,km,2021,cynech,live,GR,,3,,,
Bouverie,BOUV009,prefire,,km,2021,cynech,live,GR,,1,,,
Bouverie,BOUV010,prefire,,km,2021,cynech,live,GR,,tr,,,
Bouverie,BOUV011,prefire,,km,2021,cynech,live,GR,,5,,,
Bouverie,BOUV012,prefire,,km,2021,cynech,live,GR,,4,,,
RioLindo,RIO002,prefire,,km,2021,cynech,live,GR,,4,,,
RioLindo,RIO006,prefire,,km,2021,cynech,live,GR,,11,,,
RioLindo,RIO007,prefire,,km,2021,cynech,live,GR,,tr,,,
RioLindo,RIO008,prefire,,km,2021,cynech,live,GR,,0.25,,,
RioLindo,RIO009,prefire,,km,2021,cynech,live,GR,,4,,,
RioLindo,RIO007,prefire,,km,2021,cysfra,live,FERN ,,tr,cystopteris fragilis,,
Bouverie,BOUV003,prefire,,km,2021,diccapcap,live,FB,,tr,,,
Bouverie,BOUV005,prefire,,km,2021,diccapcap,live,FB,,tr,dichelostemma capitatum var capitatum,,
Bouverie,BOUV006,prefire,,km,2021,diccapcap,live,FB,,tr,,,
Bouverie,BOUV009,prefire,,km,2021,diccapcap,live,FB,,tr,,,
Bouverie,BOUV011,prefire,,km,2021,diccapcap,live,FB,,tr,,,
Bouverie,BOUV003,prefire,,km,2021,dryarg,live,FERN ,,tr,,,
Bouverie,BOUV007,prefire,,km,2021,dryarg,live,FERN ,,0.25,,,
Bouverie,BOUV009,prefire,,km,2021,dryarg,live,FERN ,,0.5,,,
Bouverie,BOUV010,prefire,,km,2021,dryarg,live,FERN ,,0.25,,,
RioLindo,RIO001,prefire,,km,2021,dryarg,live,FERN ,,2,,,
RioLindo,RIO003,prefire,,km,2021,dryarg,live,FERN ,,0.5,,,
RioLindo,RIO004,prefire,,km,2021,dryarg,live,FERN ,,0.25,,,
RioLindo,RIO005,prefire,,km,2021,dryarg,live,FERN ,,33,,,
RioLindo,RIO005,prefire,,km,2021,dryarg,dead,FERN ,,1,,,
RioLindo,RIO007,prefire,,km,2021,dryarg,live,FERN ,,32,,,
RioLindo,RIO008,prefire,,km,2021,dryarg,live,FERN ,,3,dryopteris arguta,,
RioLindo,RIO009,prefire,,km,2021,dryarg,live,FERN ,,8,,,
Bouverie,BOUV003,prefire,,km,2021,elygla,live,GR,,tr,,,
Bouverie,BOUV004,prefire,,km,2021,elygla,live,GR,,0.5,,,
Bouverie,BOUV005,prefire,,km,2021,elygla,live,GR,,0.25,,,
Bouverie,BOUV006,prefire,,km,2021,elygla,live,GR,,1.5,,,
Bouverie,BOUV008,prefire,,km,2021,elygla,live,GR,,tr,,,
Bouverie,BOUV009,prefire,,km,2021,elygla,live,GR,,1,,,
Bouverie,BOUV011,prefire,,km,2021,elygla,live,GR,,0.25,,,
RioLindo,RIO002,prefire,,km,2021,elygla,live,GR,,1,,,
RioLindo,RIO004,prefire,,km,2021,elygla,live,GR,,tr,,,
RioLindo,RIO006,prefire,,km,2021,elygla,live,GR,,0.25,,,
RioLindo,RIO007,prefire,,km,2021,elygla,live,GR,,tr,,,
RioLindo,RIO008,prefire,,km,2021,elygla,live,GR,,tr,,,
RioLindo,RIO009,prefire,,km,2021,elygla,live,GR,,tr,,,
Bouverie,BOUV007,prefire,,km,2021,erigeron,live,FB,,tr,,,
Bouverie,BOUV009,prefire,,km,2021,erigeron,live,FB,,tr,,,x
Bouverie,BOUV004,prefire,,km,2021,erobot,live,FB,,0.5,,,
Bouverie,BOUV005,prefire,,km,2021,erobot,live,FB,,1,erodium botrys,,
Bouverie,BOUV006,prefire,,km,2021,erobot,live,FB,,0.25,,,
Bouverie,BOUV008,prefire,,km,2021,erobot,live,FB,,0.25,,,
Bouverie,BOUV007,prefire,,km,2021,fiberglass,live,FB,,tr,,,
RioLindo,RIO002,prefire,,mm,2021,fralat,live,TR,TOV,0.5,,,
RioLindo,RIO001,prefire,,km,2021,fralat,live,TR,TSE,tr,serrated,,
RioLindo,RIO003,prefire,,km,2021,fralat,live,TR,TSE,tr,serrated,,
RioLindo,RIO003,prefire,,km,2021,fralat,live,TR,TSA,0.75,serrated,,
RioLindo,RIO008,prefire,,km,2021,fralat,live,TR,TSE,tr,serrated,,
Bouverie,BOUV001,prefire,,km,2021,galapa,live,FB,,tr,,,
Bouverie,BOUV008,prefire,,km,2021,galapa,live,FB,,tr,,,
Bouverie,BOUV003,prefire,,km,2021,galcal,live,FB,,7,,,
Bouverie,BOUV006,prefire,,km,2021,galcal,live,FB,,0.25,,,
Bouverie,BOUV008,prefire,,km,2021,galcal,live,FB,,tr,,,
Bouverie,BOUV010,prefire,,km,2021,galcal,live,FB,,0.5,,,
RioLindo,RIO004,prefire,,km,2021,galcal,live,FB,,0.25,galium californicum,,
RioLindo,RIO009,prefire,,km,2021,galcal,live,FB,,tr,,,
Bouverie,BOUV012,prefire,,km,2021,galporpor,live,FB,,tr,,,
RioLindo,RIO009,prefire,,km,2021,galporpor,live,FB,,tr,,,
Bouverie,BOUV001,prefire,,km,2021,galporten,live,FB,,4,,,
Bouverie,BOUV002,prefire,,km,2021,galporten,live,FB,,tr,,,
Bouverie,BOUV003,prefire,,km,2021,galporten,live,FB,,5,,,
Bouverie,BOUV003,prefire,,km,2021,galporten,live,FB,,0.25,,,
Bouverie,BOUV004,prefire,,km,2021,galporten,live,FB,,3,,,
Bouverie,BOUV005,prefire,,km,2021,galporten,live,FB,,0.5,,,
Bouverie,BOUV007,prefire,,km,2021,galporten,live,FB,,8,,,
Bouverie,BOUV008,prefire,,km,2021,galporten,live,FB,,2,,,
Bouverie,BOUV009,prefire,,km,2021,galporten,live,FB,,7,erect and small but not tiny lvs,,
Bouverie,BOUV010,prefire,,km,2021,galporten,live,FB,,1,,,
Bouverie,BOUV012,prefire,,km,2021,galporten,live,FB,,0.25,,,
RioLindo,RIO001,prefire,,km,2021,galporten,live,FB,,tr,,,
RioLindo,RIO002,prefire,,km,2021,galporten,live,FB,,1,,,
RioLindo,RIO004,prefire,,km,2021,galporten,live,FB,,tr,,,
RioLindo,RIO006,prefire,,km,2021,galporten,live,FB,,tr,,,
RioLindo,RIO007,prefire,,km,2021,galporten,live,FB,,tr,,,
RioLindo,RIO007,prefire,,km,2021,galporten,live,FB,,tr,,,
RioLindo,RIO008,prefire,,km,2021,galporten,live,FB,,tr,,,
RioLindo,RIO001,prefire,,km,2021,genmon,live,SH,,0.25,,,
RioLindo,RIO008,prefire,,km,2021,genmon,live,SH,,0.5,genista monspessulana,,
Bouverie,BOUV004,prefire,,km,2021,grass2,live,GR,,2,,,
Bouverie,BOUV006,prefire,,km,2021,grass3,live,GR,,3,,,
Bouverie,BOUV001,prefire,,km,2021,hairy aster,live,FB,,0.5,,,
Bouverie,BOUV002,prefire,,km,2021,hairy aster,live,FB,,tr,same as scratchy fb,,
Bouverie,BOUV003,prefire,,km,2021,hairy aster,live,FB,,tr,,,
Bouverie,BOUV007,prefire,,km,2021,hairy aster,live,FB,,0.25,,,
Bouverie,BOUV009,prefire,,km,2021,hairy aster,live,FB,,tr,,,
Bouverie,BOUV010,prefire,,km,2021,hairy aster,live,FB,,0.25,,,
Bouverie,BOUV012,prefire,,km,2021,hairy aster,live,FB,,tr,,,
RioLindo,RIO001,prefire,,km,2021,hedhel,live,FB,,tr,,,
RioLindo,RIO005,prefire,,km,2021,hedhel,live,FB,,tr,hedera helix,,
Bouverie,BOUV001,prefire,,km,2021,hetarb,live,TR,TSE,5,,,
Bouverie,BOUV001,prefire,,km,2021,hetarb,live,TR,TSA,5.5,,,
Bouverie,BOUV002,prefire,,km,2021,hetarb,live,TR,TSE,19,,,
Bouverie,BOUV002,prefire,,km,2021,hetarb,live,TR,TSA,6,,,
Bouverie,BOUV003,prefire,,km,2021,hetarb,live,TR,TSE,16,,,
Bouverie,BOUV003,prefire,,km,2021,hetarb,live,TR,TSA,7,,,
Bouverie,BOUV004,prefire,,km,2021,hetarb,live,TR,TSE,1,,,
Bouverie,BOUV004,prefire,,km,2021,hetarb,live,TR,TSA,1.5,,,
Bouverie,BOUV005,prefire,,km,2021,hetarb,live,TR,TSE,5,,,
Bouverie,BOUV005,prefire,,km,2021,hetarb,live,TR,TSA,7,,,
Bouverie,BOUV005,prefire,,mm,2021,hetarb,dead,TR,TSE,tr,,,
Bouverie,BOUV006,prefire,,km,2021,hetarb,live,TR,TSE,0.5,,,
Bouverie,BOUV006,prefire,,km,2021,hetarb,live,TR,TSA,0.5,,,
Bouverie,BOUV007,prefire,,km,2021,hetarb,live,TR,TSE,0.5,,,
Bouverie,BOUV008,prefire,,km,2021,hetarb,live,TR,TSE,7,3,,
Bouverie,BOUV008,prefire,,km,2021,hetarb,live,TR,TSA,0.75,,,
Bouverie,BOUV009,prefire,,km,2021,hetarb,live,TR,TSE,5,,,
Bouverie,BOUV009,prefire,,km,2021,hetarb,live,TR,TSA,3,,,
Bouverie,BOUV010,prefire,,km,2021,hetarb,live,TR,TSE,0.25,,,
Bouverie,BOUV010,prefire,,km,2021,hetarb,live,TR,TSA,0.25,,,
Bouverie,BOUV011,prefire,,km,2021,hetarb,live,TR,TSE,0.5,,,
Bouverie,BOUV011,prefire,,km,2021,hetarb,live,TR,TSA,1,,,
Bouverie,BOUV012,prefire,,km,2021,hetarb,live,TR,TSE,3,,,
Bouverie,BOUV012,prefire,,km,2021,hetarb,live,TR,TSA,1.75,,,
RioLindo,RIO001,prefire,,km,2021,hetarb,live,TR,TSE,tr,,,
RioLindo,RIO001,prefire,,km,2021,hetarb,live,TR,TSA,2,,,
RioLindo,RIO003,prefire,,km,2021,hetarb,live,TR,TSE,0.5,,,
RioLindo,RIO003,prefire,,km,2021,hetarb,live,TR,TSA,1,,,
RioLindo,RIO004,prefire,,km,2021,hetarb,live,TR,TSE,tr,,,
RioLindo,RIO004,prefire,,km,2021,hetarb,live,TR,TSA,0.5,,,
RioLindo,RIO007,prefire,,km,2021,hetarb,live,TR,TSE,tr,,,
RioLindo,RIO007,prefire,,km,2021,hetarb,live,TR,TSA,0.75,,,
RioLindo,RIO008,prefire,,km,2021,hetarb,live,TR,TOV,2,heteromeles arbutifolia,,
Bouverie,BOUV010,prefire,,km,2021,holdis,live,FB,,0.75,holodiscus discolor,,
RioLindo,RIO007,prefire,,km,2021,horcalela,live,FB,,tr,horkelia californica var. elata,,
RioLindo,RIO008,prefire,,km,2021,horcalela,live,FB,,tr,,,
RioLindo,RIO009,prefire,,km,2021,horcalela,live,FB,,tr,,,
RioLindo,RIO003,prefire,,km,2021,hypper,live,FB,,tr,,,
RioLindo,RIO006,prefire,,km,2021,hypper,live,FB,,0.5,,,
RioLindo,RIO008,prefire,,km,2021,hypper,live,FB,,tr,,,
Bouverie,BOUV004,prefire,,km,2021,iris,live,FB,,0.5,,,
Bouverie,BOUV005,prefire,,km,2021,iris,live,FB,,0.5,,,
Bouverie,BOUV006,prefire,,km,2021,iris,live,FB,,0.25,,,
Bouverie,BOUV009,prefire,,km,2021,iris,live,FB,,tr,,,
Bouverie,BOUV010,prefire,,km,2021,iris,live,FB,,tr,,,
Bouverie,BOUV001,prefire,,km,2021,iris,live,FB,,tr,,,
Bouverie,BOUV003,prefire,,km,2021,iris,live,FB,,0.25,,,
Bouverie,BOUV008,prefire,,km,2021,iris,live,FB,,tr,,,
Bouverie,BOUV007,prefire,,km,2021,toxdiv,live,FB,,tr,,,
Bouverie,BOUV011,prefire,,km,2021,toxdiv,live,FB,,tr,,,x
Bouverie,BOUV001,prefire,,km,2021,lacser,live,FB,,tr,,,
Bouverie,BOUV002,prefire,,km,2021,latnev,live,FB,,tr,,,
Bouverie,BOUV001,prefire,,km,2021,latves,live,FB,,1,,,
Bouverie,BOUV003,prefire,,km,2021,latves,live,FB,,0.5,,,
Bouverie,BOUV004,prefire,,km,2021,latves,live,FB,,1.5,,,
Bouverie,BOUV005,prefire,,km,2021,latves,live,FB,,1,,,
Bouverie,BOUV006,prefire,,km,2021,latves,live,FB,,3,,,
Bouverie,BOUV007,prefire,,km,2021,latves,live,FB,,tr,,,
Bouverie,BOUV008,prefire,,km,2021,latves,live,FB,,1,,,
Bouverie,BOUV010,prefire,,km,2021,latves,live,FB,,1,,,
Bouverie,BOUV011,prefire,,km,2021,latves,live,FB,,0.25,,,
Bouverie,BOUV012,prefire,,km,2021,latves,live,FB,,0.5,,,
RioLindo,RIO002,prefire,,km,2021,latves,live,FB,,0.5,,,
RioLindo,RIO004,prefire,,km,2021,latves,live,FB,,tr,,,
RioLindo,RIO005,prefire,,km,2021,latves,live,FB,,0.25,,,
RioLindo,RIO006,prefire,,km,2021,latves,live,FB,,tr,,,
RioLindo,RIO007,prefire,,km,2021,latves,live,FB,,tr,,,
RioLindo,RIO008,prefire,,km,2021,latves,live,FB,,0.5,,,
RioLindo,RIO009,prefire,,km,2021,latves,live,FB,,tr,,,
Bouverie,BOUV002,prefire,,km,2021,lobed lv,live,FB,,tr,,,
Bouverie,BOUV001,prefire,,km,2021,lonhis,live,SH,,1,,,
Bouverie,BOUV002,prefire,,km,2021,lonhis,live,SH,,0.25,,,
Bouverie,BOUV003,prefire,,km,2021,lonhis,live,SH,,5,,,
Bouverie,BOUV004,prefire,,km,2021,lonhis,live,SH,,3,,,
Bouverie,BOUV005,prefire,,km,2021,lonhis,live,SH,,1,,,
Bouverie,BOUV006,prefire,,km,2021,lonhis,live,SH,,tr,,,
Bouverie,BOUV007,prefire,,km,2021,lonhis,live,SH,,0.5,,,
Bouverie,BOUV008,prefire,,km,2021,lonhis,live,SH,,1,,,
Bouverie,BOUV009,prefire,,km,2021,lonhis,live,SH,,10,,,
Bouverie,BOUV010,prefire,,km,2021,lonhis,live,SH,,1.5,,,
Bouverie,BOUV011,prefire,,km,2021,lonhis,live,SH,,tr,,,
Bouverie,BOUV012,prefire,,km,2021,lonhis,live,SH,,tr,,,
RioLindo,RIO001,prefire,,km,2021,lonhis,live,SH,,0.5,,,
RioLindo,RIO002,prefire,,km,2021,lonhis,live,SH,,0.5,,,
RioLindo,RIO003,prefire,,km,2021,lonhis,live,SH,,0.25,,,
RioLindo,RIO004,prefire,,km,2021,lonhis,live,SH,,0.25,,,
RioLindo,RIO005,prefire,,km,2021,lonhis,live,SH,,tr,,,
RioLindo,RIO006,prefire,,km,2021,lonhis,live,SH,,1,,,
RioLindo,RIO007,prefire,,km,2021,lonhis,live,SH,,tr,,,
RioLindo,RIO008,prefire,,km,2021,lonhis,live,SH,,0.25,,,
RioLindo,RIO009,prefire,,km,2021,lonhis,live,SH,,tr,,,
Bouverie,BOUV001,prefire,,km,2021,madia,live,FB,,tr,,,
Bouverie,BOUV003,prefire,,km,2021,madia,live,FB,,tr,,,
Bouverie,BOUV006,prefire,,km,2021,madia,live,FB,,tr,,,
Bouverie,BOUV008,prefire,,km,2021,madia,live,FB,,tr,,,
Bouverie,BOUV001,prefire,,km,2021,melcal,live,GR,,1,,,
Bouverie,BOUV002,prefire,,km,2021,melcal,live,GR,,tr,,,
Bouverie,BOUV003,prefire,,km,2021,melcal,live,GR,,5,,,
Bouverie,BOUV004,prefire,,km,2021,melcal,live,GR,,8,,,
Bouverie,BOUV005,prefire,,km,2021,melcal,live,GR,,70,,,
Bouverie,BOUV006,prefire,,km,2021,melcal,live,GR,,7,,,
Bouverie,BOUV007,prefire,,km,2021,melcal,live,GR,,0.25,,,
Bouverie,BOUV008,prefire,,km,2021,melcal,live,GR,,33,,,
Bouverie,BOUV009,prefire,,km,2021,melcal,live,GR,,8,,,
Bouverie,BOUV010,prefire,,km,2021,melcal,live,GR,,27,,,
Bouverie,BOUV011,prefire,,km,2021,melcal,live,GR,,55,,,
Bouverie,BOUV012,prefire,,km,2021,melcal,live,GR,,5,,,
RioLindo,RIO001,prefire,,km,2021,melcal,live,GR,,0.25,,,
RioLindo,RIO002,prefire,,km,2021,melcal,live,GR,,tr,,,
RioLindo,RIO003,prefire,,km,2021,melcal,live,GR,,tr,,,
RioLindo,RIO004,prefire,,km,2021,melcal,live,GR,,tr,,,
RioLindo,RIO007,prefire,,km,2021,melcal,live,GR,,tr,,,
RioLindo,RIO008,prefire,,km,2021,melcal,live,GR,,0.25,,,
RioLindo,RIO009,prefire,,km,2021,melcal,live,GR,,1.5,,,
Bouverie,BOUV001,prefire,,km,2021,melcal,live,GR,,6,,,
Bouverie,BOUV001,prefire,,km,2021,menarv,live,FB,,2,,,
Bouverie,BOUV002,prefire,,km,2021,menarv,live,FB,,tr,,,
Bouverie,BOUV003,prefire,,km,2021,menarv,live,FB,,tr,,,
Bouverie,BOUV004,prefire,,km,2021,menarv,live,FB,,1,,,
Bouverie,BOUV005,prefire,,km,2021,menarv,live,FB,,6,,,
Bouverie,BOUV006,prefire,,km,2021,menarv,live,FB,,tr,,,
Bouverie,BOUV007,prefire,,km,2021,menarv,live,FB,,tr,,,
Bouverie,BOUV008,prefire,,km,2021,menarv,live,FB,,0.25,,,
Bouverie,BOUV009,prefire,,km,2021,menarv,live,FB,,0.5,,,
Bouverie,BOUV010,prefire,,km,2021,menarv,live,FB,,0.25,,,
Bouverie,BOUV011,prefire,,km,2021,menarv,live,FB,,0.25,,,
RioLindo,RIO001,prefire,,km,2021,menarv,live,FB,,tr,,,
RioLindo,RIO004,prefire,,km,2021,menarv,live,FB,,tr,,,
RioLindo,RIO005,prefire,,km,2021,menarv,live,FB,,tr,,,
RioLindo,RIO007,prefire,,km,2021,menarv,live,FB,,tr,,,
RioLindo,RIO008,prefire,,km,2021,menarv,live,FB,,0.25,originally recorded as monarv but assumed typo,,
RioLindo,RIO009,prefire,,km,2021,menarv,live,FB,,tr,,,
Bouverie,BOUV001,prefire,,km,2021,mimauraur,live,FB,,tr,,,
Bouverie,BOUV002,prefire,,km,2021,mimauraur,live,FB,,0.25,,,
Bouverie,BOUV003,prefire,,km,2021,mimauraur,live,FB,,0.5,,,
Bouverie,BOUV004,prefire,,km,2021,mimauraur,live,FB,,6,,,
Bouverie,BOUV005,prefire,,km,2021,mimauraur,live,FB,,2,,,
Bouverie,BOUV006,prefire,,km,2021,mimauraur,live,FB,,1,,,
Bouverie,BOUV007,prefire,,km,2021,mimauraur,live,FB,,32,,,
Bouverie,BOUV008,prefire,,km,2021,mimauraur,live,FB,,8,,,
Bouverie,BOUV009,prefire,,km,2021,mimauraur,live,FB,,26,,,
Bouverie,BOUV010,prefire,,km,2021,mimauraur,live,FB,,0.25,,,
Bouverie,BOUV011,prefire,,km,2021,mimauraur,live,FB,,13,,,
Bouverie,BOUV012,prefire,,km,2021,mimauraur,live,FB,,10,,,
RioLindo,RIO008,prefire,,km,2021,mimauraur,live,FB,,tr,,,
Bouverie,BOUV005,prefire,,km,2021,monvil,live,FB,,tr,monardella villosa,,
Bouverie,BOUV006,prefire,,km,2021,monvil,live,FB,,tr,,,
Bouverie,BOUV008,prefire,,km,2021,monvil,live,FB,,tr,,,
RioLindo,RIO001,prefire,,km,2021,oleeur,live,TR,TSE,tr,,,
RioLindo,RIO002,prefire,,km,2021,oleeur,live,TR,TSA,0.75,,,
RioLindo,RIO003,prefire,,km,2021,oleeur,live,TR,TSE,tr,,,
RioLindo,RIO004,prefire,,km,2021,oleeur,live,TR,TSE,tr,,,
RioLindo,RIO007,prefire,,km,2021,oleeur,live,TR,TSE,tr,,,
Bouverie,BOUV011,prefire,,km,2021,opp fb,live,FB,,tr,,x,x
Bouverie,BOUV012,prefire,,km,2021,opp fb,live,FB,,tr,,,
RioLindo,RIO001,prefire,,km,2021,osmber,live,FB,,0.5,,,
RioLindo,RIO002,prefire,,km,2021,osmber,live,FB,,1,,,
RioLindo,RIO003,prefire,,km,2021,osmber,live,FB,,tr,,,
RioLindo,RIO004,prefire,,km,2021,osmber,live,FB,,tr,,,
RioLindo,RIO005,prefire,,km,2021,osmber,live,FB,,0.25,,,
RioLindo,RIO006,prefire,,km,2021,osmber,live,FB,,tr,,,
RioLindo,RIO007,prefire,,km,2021,osmber,live,FB,,tr,,,
RioLindo,RIO008,prefire,,km,2021,osmber,live,FB,,1,,,
RioLindo,RIO009,prefire,,km,2021,osmber,live,FB,,0.25,,,
Bouverie,BOUV010,prefire,,km,2021,pedden,live,FB,,tr,pedicularis densiflora,,
Bouverie,BOUV006,prefire,,km,2021,pentri,live,FERN ,,tr,,,
Bouverie,BOUV007,prefire,,km,2021,pentri,live,FERN ,,tr,,,
Bouverie,BOUV008,prefire,,km,2021,pentri,live,FERN ,,tr,,,
Bouverie,BOUV009,prefire,,km,2021,pentri,live,FERN ,,tr,,,
RioLindo,RIO001,prefire,,km,2021,pentri,live,FERN ,,tr,,,
RioLindo,RIO001,prefire,,km,2021,pentri,dead,FERN ,,tr,,,
RioLindo,RIO003,prefire,,km,2021,pentri,live,FERN ,,tr,,,
RioLindo,RIO004,prefire,,km,2021,pentri,live,FERN ,,tr,,,
RioLindo,RIO005,prefire,,km,2021,pentri,live,FERN ,,0.25,,,
RioLindo,RIO007,prefire,,km,2021,pentri,live,FERN ,,tr,"pentri, pentagramma triangularis",,
RioLindo,RIO008,prefire,,km,2021,pentri,live,FERN ,,0.25,,,
RioLindo,RIO009,prefire,,km,2021,pentri,live,FERN ,,0.25,,,
RioLindo,RIO001,prefire,,km,2021,phaaqu,live,GR,,tr,,,
RioLindo,RIO006,prefire,,km,2021,phaaqu,live,GR,,0.25,,,
RioLindo,RIO004,prefire,,km,2021,pinnate fb,live,FB,,tr,,,
RioLindo,RIO007,prefire,,km,2021,pinnate fb,live,FB,,tr,,,
Bouverie,BOUV002,prefire,,km,2021,pinus,live,TR,TSE,0.25,,,
Bouverie,BOUV007,prefire,,km,2021,pinus,live,TR,TSE,tr,,,
Bouverie,BOUV012,prefire,,km,2021,pinus,live,TR,TSE,tr,,,
Bouverie,BOUV003,prefire,,km,2021,pipelo,live,FB,,tr,piperia elongata,,
RioLindo,RIO006,prefire,,km,2021,pira,live,TR,TSE,tr,,,
Bouverie,BOUV003,prefire,,km,2021,poa/melica,live,GR,,17,,,
Bouverie,BOUV004,prefire,,km,2021,poa/melica,live,GR,,2,,,
Bouverie,BOUV006,prefire,,km,2021,poa/melica,live,GR,,10,,,
Bouverie,BOUV007,prefire,,km,2021,poa/melica,live,GR,,0.25,,,
Bouverie,BOUV008,prefire,,km,2021,poa/melica,live,GR,,5,,,
Bouverie,BOUV009,prefire,,km,2021,poa/melica,live,GR,,13,same as disp,,
Bouverie,BOUV004,prefire,,km,2021,poa1,live,GR,,tr,,,
Bouverie,BOUV010,prefire,,km,2021,poa1,live,GR,,0.25,,,
Bouverie,BOUV012,prefire,,km,2021,poa1,live,GR,,0.25,,,
Bouverie,BOUV001,prefire,,km,2021,polcal,live,FB,,tr,,,
Bouverie,BOUV002,prefire,,km,2021,polcal,live,FB,,tr,,,
Bouverie,BOUV003,prefire,,km,2021,polcal,live,FB,,tr,,,
Bouverie,BOUV004,prefire,,km,2021,polcal,live,FB,,tr,,,
Bouverie,BOUV005,prefire,,km,2021,polcal,live,FB,,tr,,,
Bouverie,BOUV007,prefire,,km,2021,polcal,live,FB,,tr,,,
Bouverie,BOUV009,prefire,,km,2021,polcal,live,FB,,tr,,,
Bouverie,BOUV010,prefire,,km,2021,polcal,live,FB,,0.25,,,
RioLindo,RIO001,prefire,,km,2021,polcal,live,FB,,0.25,,,
RioLindo,RIO003,prefire,,km,2021,polcal,live,FB,,tr,,,
RioLindo,RIO004,prefire,,km,2021,polcal,live,FB,,tr,,,
RioLindo,RIO006,prefire,,km,2021,polcal,live,FB,,tr,,,
RioLindo,RIO007,prefire,,km,2021,polcal,live,FB,,tr,,,
RioLindo,RIO009,prefire,,km,2021,polcal,live,FB,,tr,,,
Bouverie,BOUV008,prefire,,km,2021,polgly,live,FERN ,,tr,,,
Bouverie,BOUV009,prefire,,km,2021,prohoo,live,FB,,tr,ovate leaves; originally recorded as porhoo but assumed typo,,
Bouverie,BOUV010,prefire,,km,2021,prohoo,live,FB,,tr,"originally recorded as porhoo, assumed typo",,
RioLindo,RIO005,prefire,,km,2021,prohoo,live,FB,,0.25,disporum hookeri,now prosartes,
RioLindo,RIO007,prefire,,km,2021,prohoo,live,FB,,tr,,,
Bouverie,BOUV011,prefire,,km,2021,pseudognaphalium,live,FB,,tr,,,x
Bouverie,BOUV012,prefire,,km,2021,pseudognaphalium,live,FB,,tr,,,
Bouverie,BOUV012,prefire,,km,2021,pseudognaphalium 3,live,FB,,tr,psecal?,,x
Bouverie,BOUV011,prefire,,km,2021,pseudognaphalium2,live,FB,,tr,,,x
Bouverie,BOUV003,prefire,,km,2021,psme,live,TR,TOV,22,,,
Bouverie,BOUV005,prefire,,km,2021,psme,live,TR,TOV,3.5,,,
Bouverie,BOUV007,prefire,,km,2021,psme,live,TR,TOV,10,,,
Bouverie,BOUV007,prefire,,km,2021,psme,dead,TR,TOV,3,,,
Bouverie,BOUV009,prefire,,km,2021,psme,live,TR,TOV,17,,,
Bouverie,BOUV010,prefire,,km,2021,psme,live,TR,TOV,18,,,
Bouverie,BOUV012,prefire,,km,2021,psme,dead,TR,TOV,tr,,,
RioLindo,RIO001,prefire,,km,2021,psme,live,TR,TSE,tr,,,
RioLindo,RIO002,prefire,,km,2021,psme,live,TR,TSE,tr,,,
RioLindo,RIO003,prefire,,km,2021,psme,live,TR,TSA,1,,,
RioLindo,RIO003,prefire,,km,2021,psme,live,TR,TOV,4,,,
RioLindo,RIO004,prefire,,km,2021,psme,live,TR,TSE,tr,,,
RioLindo,RIO004,prefire,,km,2021,psme,live,TR,TSA,0.25,,,
RioLindo,RIO004,prefire,,km,2021,psme,live,TR,TOV,7,,,
RioLindo,RIO005,prefire,,km,2021,psme,live,TR,TSA,1.5,,,
RioLindo,RIO006,prefire,,km,2021,psme,live,TR,TSE,tr,,,
RioLindo,RIO007,prefire,,km,2021,psme,live,TR,TSE,0.25,,,
RioLindo,RIO007,prefire,,km,2021,psme,live,TR,TSA,1,,,
RioLindo,RIO007,prefire,,km,2021,psme,live,TR,TOV,45,,,
RioLindo,RIO009,prefire,,km,2021,psme,live,TR,TSE,tr,,,
Bouverie,BOUV004,prefire,,km,2021,pteaqu,live,FERN ,,0.25,,,
RioLindo,RIO001,prefire,,km,2021,pteaqu,live,FERN ,,tr,,,
RioLindo,RIO003,prefire,,km,2021,pteaqu,live,FERN ,,tr,,,
RioLindo,RIO006,prefire,,km,2021,pteaqu,live,FERN ,,0.25,,,
RioLindo,RIO008,prefire,,km,2021,pteaqu,live,FERN ,,0.25,,,
RioLindo,RIO009,prefire,,km,2021,pteaqu,live,FERN ,,0.25,,,
Bouverie,BOUV005,prefire,,km,2021,qu entire,live,TR,TSE,tr,,,
Bouverie,BOUV009,prefire,,km,2021,qu entire,live,TR,TSE,0.5,,,
Bouverie,BOUV012,prefire,,mm,2021,qu entire,dead,TR,TSE,tr,,,
RioLindo,RIO001,prefire,,km,2021,qu entire,live,TR,TSE,0.25,,,
RioLindo,RIO001,prefire,,km,2021,qu entire,dead,TR,TSA,0.25,,,
RioLindo,RIO002,prefire,,mm,2021,qu entire,dead,TR,TSE,tr,,,
RioLindo,RIO003,prefire,,km,2021,qu entire,live,TR,TSE,tr,,,
RioLindo,RIO003,prefire,,km,2021,qu entire,live,TR,TSA,1,,,
RioLindo,RIO003,prefire,,km,2021,qu entire,dead,TR,TSA,1,,,
RioLindo,RIO003,prefire,,mm,2021,qu entire,dead,TR,TSE,tr,,,
RioLindo,RIO004,prefire,,km,2021,qu entire,live,TR,TSE,tr,,,
Bouverie,BOUV002,prefire,,km,2021,qu lobed,dead,TR,TOV,7,,,
Bouverie,BOUV006,prefire,,km,2021,qu lobed,live,TR,TSE,0.25,,,
RioLindo,RIO009,prefire,,km,2021,qu lobed,live,TR,TSE,tr,qulo or quke,,
Bouverie,BOUV001,prefire,,km,2021,quag,live,TR,TSE,tr,,,
Bouverie,BOUV001,prefire,,km,2021,quag,live,TR,TOV,27,,,
Bouverie,BOUV001,prefire,,km,2021,quag,dead,TR,TOV,0.25,,,
Bouverie,BOUV002,prefire,,km,2021,quag,live,TR,TSE,tr,,,
Bouverie,BOUV002,prefire,,km,2021,quag,live,TR,TSA,0.25,,,
Bouverie,BOUV003,prefire,,km,2021,quag,live,TR,TSE,0.25,,,
Bouverie,BOUV003,prefire,,km,2021,quag,live,TR,TSA,0.5,,,
Bouverie,BOUV003,prefire,,km,2021,quag,live,TR,TOV,5,,,
Bouverie,BOUV004,prefire,,km,2021,quag,live,TR,TSE,5,,,
Bouverie,BOUV004,prefire,,km,2021,quag,live,TR,TSA,0.75,,,
Bouverie,BOUV004,prefire,,km,2021,quag,live,TR,TOV,36,,,
Bouverie,BOUV005,prefire,,km,2021,quag,live,TR,TSE,0.25,,,
Bouverie,BOUV005,prefire,,km,2021,quag,live,TR,TOV,80,,,
Bouverie,BOUV006,prefire,,km,2021,quag,live,TR,TSE,0.25,,,
Bouverie,BOUV006,prefire,,km,2021,quag,live,TR,TOV,2,,,
Bouverie,BOUV007,prefire,,km,2021,quag,live,TR,TSE,0.5,,,
Bouverie,BOUV007,prefire,,km,2021,quag,live,TR,TOV,4,,,
Bouverie,BOUV008,prefire,,km,2021,quag,live,TR,TSE,0.25,,,
Bouverie,BOUV008,prefire,,mm,2021,quag,dead,TR,TSE,tr,,,
Bouverie,BOUV008,prefire,,km,2021,quag,live,TR,TSA,0.25,0.25,,
Bouverie,BOUV008,prefire,,km,2021,quag,live,TR,TOV,75,,,
Bouverie,BOUV008,prefire,,km,2021,quag,dead,TR,TOV,0.25,,,
Bouverie,BOUV009,prefire,,km,2021,quag,live,TR,TSE,1,,,
Bouverie,BOUV009,prefire,,km,2021,quag,live,TR,TOV,12,,,
Bouverie,BOUV010,prefire,,km,2021,quag,live,TR,TSE,0.25,,,
Bouverie,BOUV011,prefire,,km,2021,quag,live,TR,TSE,0.5,,,
Bouverie,BOUV011,prefire,,km,2021,quag,live,TR,TSA,0.25,,,
Bouverie,BOUV011,prefire,,km,2021,quag,live,TR,TOV,76,,,
Bouverie,BOUV012,prefire,,km,2021,quag,live,TR,TSE,tr,,,
Bouverie,BOUV012,prefire,,km,2021,quag,live,TR,TSA,0.25,,,
Bouverie,BOUV012,prefire,,km,2021,quag,live,TR,TOV,47,,,
RioLindo,RIO001,prefire,,km,2021,quag,live,TR,TOV,25,,,
RioLindo,RIO003,prefire,,km,2021,quag,live,TR,TSA,1.5,,,
RioLindo,RIO003,prefire,,km,2021,quag,live,TR,TOV,72,,,
RioLindo,RIO004,prefire,,km,2021,quag,live,TR,TSE,tr,,,
RioLindo,RIO004,prefire,,km,2021,quag,live,TR,TSA,0.25,,,
RioLindo,RIO004,prefire,,km,2021,quag,live,TR,TOV,6,,,
RioLindo,RIO007,prefire,,km,2021,quag,live,TR,TSE,tr,,,
RioLindo,RIO007,prefire,,km,2021,quag,live,TR,TSA,0.25,,,
RioLindo,RIO007,prefire,,km,2021,quag,live,TR,TOV,35,,,
RioLindo,RIO009,prefire,,km,2021,quag,live,TR,TSE,tr,,,
RioLindo,RIO009,prefire,,mm,2021,quag,dead,TR,TSE,tr,,,
RioLindo,RIO009,prefire,,km,2021,quag,live,TR,TSA,0.75,,,
RioLindo,RIO009,prefire,,km,2021,quag,live,TR,TOV,94,,,
Bouverie,BOUV002,prefire,,km,2021,quke,live,TR,TSE,tr,,,
Bouverie,BOUV003,prefire,,km,2021,quke,live,TR,TSE,0.25,,,
Bouverie,BOUV003,prefire,,km,2021,quke,live,TR,TOV,6,,,
Bouverie,BOUV003,prefire,,km,2021,quke,dead,TR,TOV,3,,,
Bouverie,BOUV007,prefire,,km,2021,quke,live,TR,TSE,tr,,,
Bouverie,BOUV010,prefire,,km,2021,quke,live,TR,TSE,tr,,,
Bouverie,BOUV010,prefire,,km,2021,quke,live,TR,TOV,36,,,
Bouverie,BOUV011,prefire,,km,2021,quke,live,TR,TSE,tr,,,
Bouverie,BOUV011,prefire,,km,2021,quke,live,TR,TOV,4,,,
RioLindo,RIO001,prefire,,km,2021,quke,live,TR,TOV,8,,,
RioLindo,RIO002,prefire,,km,2021,quke,live,TR,TSE,tr,,,
RioLindo,RIO002,prefire,,km,2021,quke,live,TR,TOV,17,,,
RioLindo,RIO002,prefire,,km,2021,quke,dead,TR,TOV,tr,,,
RioLindo,RIO003,prefire,,km,2021,quke,live,TR,TOV,1,,,
RioLindo,RIO004,prefire,,km,2021,quke,live,TR,TSE,tr,,,
RioLindo,RIO004,prefire,,km,2021,quke,live,TR,TOV,17,,,
RioLindo,RIO004,prefire,,km,2021,quke,dead,TR,TOV,22,,,
RioLindo,RIO008,prefire,,km,2021,quke,live,TR,TSE,tr,,,
RioLindo,RIO008,prefire,,km,2021,quke,live,TR,TOV,tr,,,
RioLindo,RIO008,prefire,,km,2021,quke,dead,TR,TSA,tr,,,
RioLindo,RIO009,prefire,,km,2021,quke,live,TR,TOV,7,,,
Bouverie,BOUV003,prefire,,km,2021,qulo,live,TR,TSE,tr,,,
Bouverie,BOUV003,prefire,,km,2021,qulo,live,TR,TOV,20,some outside trees overhanging,,
Bouverie,BOUV004,prefire,,km,2021,qulo,live,TR,TSE,tr,,,
Bouverie,BOUV005,prefire,,km,2021,qulo,live,TR,TSE,tr,,,
Bouverie,BOUV006,prefire,,km,2021,qulo,live,TR,TSE,tr,,,
Bouverie,BOUV006,prefire,,km,2021,qulo,live,TR,TOV,70,,,
Bouverie,BOUV006,prefire,,km,2021,qulo,dead,TR,TOV,25,,,
Bouverie,BOUV012,prefire,,km,2021,qulo,live,TR,TSE,tr,,,
RioLindo,RIO009,prefire,,km,2021,qulo,live,TR,TOV,tr,canopy out of plot,,
Bouverie,BOUV005,prefire,,km,2021,quwi,live,TR,TSE,tr,,,
Bouverie,BOUV007,prefire,,km,2021,quwi,live,TR,TSE,tr,,,
Bouverie,BOUV012,prefire,,km,2021,quwi,live,TR,TSE,0.25,,,
RioLindo,RIO001,prefire,,km,2021,quwi,live,TR,TOV,60,,,
RioLindo,RIO002,prefire,,km,2021,quwi,live,TR,TSE,tr,,,
RioLindo,RIO002,prefire,,km,2021,quwi,live,TR,TOV,73,,,
RioLindo,RIO003,prefire,,km,2021,quwi,live,TR,TOV,25,,,
RioLindo,RIO005,prefire,,km,2021,quwi,live,TR,TSE,1,,,
RioLindo,RIO005,prefire,,km,2021,quwi,live,TR,TOV,35,,,
RioLindo,RIO005,prefire,,km,2021,quwi,dead,TR,TOV,0.75,,,
RioLindo,RIO005,prefire,,km,2021,quwi,dead,TR,TSA,tr,,,
RioLindo,RIO006,prefire,,km,2021,quwi,live,TR,TSE,tr,,,
RioLindo,RIO006,prefire,,km,2021,quwi,live,TR,TOV,90,,,
RioLindo,RIO006,prefire,,km,2021,quwi,dead,TR,TSA,tr,,,
RioLindo,RIO006,prefire,,km,2021,quwi,dead,TR,TOV,tr,,,
RioLindo,RIO007,prefire,,km,2021,quwi,live,TR,TSE,tr,,,
RioLindo,RIO008,prefire,,km,2021,quwi,live,TR,TSE,1,,,
RioLindo,RIO008,prefire,,km,2021,quwi,live,TR,TOV,95,,,
RioLindo,RIO008,prefire,,km,2021,quwi,dead,TR,TOV,0.5,,,
RioLindo,RIO009,prefire,,km,2021,quwi,live,TR,TSE,tr,,,
Bouverie,BOUV003,prefire,,km,2021,quwifru,live,TR,TSE,0.25,possibly var fru,,
Bouverie,BOUV009,prefire,,km,2021,quwifru,live,TR,TSE,1,possibly var fru,,
Bouverie,BOUV005,prefire,,km,2021,quwifru,live,SH,,0.25,quwi var frutescens,,
Bouverie,BOUV007,prefire,,km,2021,quwifru,live,SH,,0.25,,,
Bouverie,BOUV008,prefire,,km,2021,quwifru,live,SH,,0.25,,,
Bouverie,BOUV009,prefire,,km,2021,quwifru,live,SH,,1,,,
Bouverie,BOUV012,prefire,,km,2021,quwifru,live,SH,,0.25,,,
RioLindo,RIO002,prefire,,km,2021,ranunculus,live,FB,,tr,,,
RioLindo,RIO006,prefire,,km,2021,ranunculus,live,FB,,0.25,,,
RioLindo,RIO003,prefire,,km,2021,rosa1,live,SH,,tr,,,
Bouverie,BOUV003,prefire,,km,2021,rosspi,live,SH,,tr,formerly rosa small,,
Bouverie,BOUV007,prefire,,km,2021,rosspi,live,SH,,0.25,formerly rosa small,,
Bouverie,BOUV009,prefire,,km,2021,rosspi,live,SH,,0.25,formerly rosa small,,
Bouverie,BOUV010,prefire,,km,2021,rosspi,live,SH,,4,,,
RioLindo,RIO009,prefire,,km,2021,rubarm,live,SH,,27,rubus armeniacus,,
Bouverie,BOUV001,prefire,,km,2021,ruburs,live,SH,,tr,,,
Bouverie,BOUV001,prefire,,km,2021,ruburs,live,SH,,0.25,originally recorded as rubbif but assumed typo,,
RioLindo,RIO003,prefire,,km,2021,ruburs,live,SH,,tr,,,
RioLindo,RIO007,prefire,,km,2021,ruburs,live,SH,,tr,,,
RioLindo,RIO008,prefire,,km,2021,ruburs,live,SH,,tr,rubus ursunis,,
RioLindo,RIO009,prefire,,km,2021,ruburs,live,SH,,0.25,,,
Bouverie,BOUV003,prefire,,km,2021,rupphy,live,FB,,0.25,,,
RioLindo,RIO004,prefire,,km,2021,rupphy,live,SH,,0.25,browsed,,
RioLindo,RIO007,prefire,,km,2021,rupphy,live,SH,,tr,browsed,,
Bouverie,BOUV002,prefire,,km,2021,sanoli,live,FB,,tr,,,
Bouverie,BOUV003,prefire,,km,2021,sanoli,live,FB,,tr,,,
Bouverie,BOUV005,prefire,,km,2021,sanoli,live,FB,,0.5,,,
Bouverie,BOUV006,prefire,,km,2021,sanoli,live,FB,,tr,,,
Bouverie,BOUV008,prefire,,km,2021,sanoli,live,FB,,tr,,,
Bouverie,BOUV010,prefire,,km,2021,sanoli,live,FB,,tr,,,
Bouverie,BOUV011,prefire,,km,2021,sanoli,live,FB,,tr,,,
RioLindo,RIO001,prefire,,km,2021,sanoli,live,FB,,0.25,,,
RioLindo,RIO002,prefire,,km,2021,sanoli,live,FB,,0.25,,,
RioLindo,RIO004,prefire,,km,2021,sanoli,live,FB,,tr,,,
RioLindo,RIO006,prefire,,km,2021,sanoli,live,FB,,0.25,,,
RioLindo,RIO007,prefire,,km,2021,sanoli,live,FB,,0.25,,,
RioLindo,RIO008,prefire,,km,2021,sanoli,live,FB,,0.25,,,
RioLindo,RIO009,prefire,,km,2021,sanoli,live,FB,,0.25,,,
Bouverie,BOUV006,prefire,,km,2021,skinny stem fb,live,FB,,tr,,,
Bouverie,BOUV011,prefire,,km,2021,skinny stem fb,live,FB,,0.25,,x,x
Bouverie,BOUV012,prefire,,km,2021,skinny stem fb,live,FB,,tr,,,
Bouverie,BOUV011,prefire,,km,2021,small aster,live,FB,,tr,,,
Bouverie,BOUV011,prefire,,km,2021,small aster,live,FB,,tr,,,x
Bouverie,BOUV003,prefire,,km,2021,stipa,live,GR,,1,,,
Bouverie,BOUV005,prefire,,km,2021,stipa,live,GR,,1,,,
Bouverie,BOUV008,prefire,,km,2021,stipa,live,GR,,3,,,
Bouverie,BOUV010,prefire,,km,2021,stipa,live,GR,,0.25,miliaceum?,,
Bouverie,BOUV011,prefire,,km,2021,stipa,live,GR,,0.5,,,
RioLindo,RIO002,prefire,,km,2021,stipa,live,GR,,0.5,,,
RioLindo,RIO004,prefire,,km,2021,stipa,live,GR,,tr,,,
RioLindo,RIO006,prefire,,km,2021,stipa,live,GR,,0.25,,,
RioLindo,RIO007,prefire,,km,2021,stipa,live,GR,,0.25,,,
RioLindo,RIO008,prefire,,km,2021,stipa,live,GR,,0.25,,,
RioLindo,RIO009,prefire,,km,2021,stipa,live,GR,,0.25,,,
Bouverie,BOUV001,prefire,,km,2021,symalblae,live,SH,,7,,,
Bouverie,BOUV002,prefire,,km,2021,symalblae,live,SH,,0.25,,,
Bouverie,BOUV003,prefire,,km,2021,symalblae,live,SH,,5,,,
Bouverie,BOUV004,prefire,,km,2021,symalblae,live,SH,,35,,,
Bouverie,BOUV005,prefire,,km,2021,symalblae,live,SH,,1,,,
Bouverie,BOUV007,prefire,,km,2021,symalblae,live,SH,,23,,,
Bouverie,BOUV009,prefire,,km,2021,symalblae,live,SH,,3,,,
Bouverie,BOUV010,prefire,,km,2021,symalblae,live,SH,,48,,,
RioLindo,RIO003,prefire,,km,2021,symalblae,live,SH,,0.25,,,
RioLindo,RIO004,prefire,,km,2021,symalblae,live,SH,,tr,,,
RioLindo,RIO007,prefire,,km,2021,symalblae,live,SH,,tr,symphoricarpus albus var alevigatus,,
RioLindo,RIO009,prefire,,km,2021,symalblae,live,SH,,tr,,,
Bouverie,BOUV003,prefire,,km,2021,symmol,live,SH,,18,,,
Bouverie,BOUV003,prefire,,km,2021,tall dead fb,dead,FB,,tr,,,
Bouverie,BOUV010,prefire,,km,2021,tall dead fb,live,FB,,tr,,,
Bouverie,BOUV006,prefire,,km,2021,tiny lathyrus,live,FB,,3,,,
Bouverie,BOUV011,prefire,,km,2021,tiny lathyrus,live,FB,,0.25,,,
Bouverie,BOUV012,prefire,,km,2021,tiny lathyrus,live,FB,,tr,,x,x
Bouverie,BOUV001,prefire,,km,2021,tornod,live,FB,,2,,,
Bouverie,BOUV002,prefire,,km,2021,tornod,live,FB,,tr,,,
Bouverie,BOUV003,prefire,,km,2021,tornod,live,FB,,tr,,,
Bouverie,BOUV004,prefire,,km,2021,tornod,live,FB,,0.25,,,
Bouverie,BOUV005,prefire,,km,2021,tornod,live,FB,,4,,,
Bouverie,BOUV006,prefire,,km,2021,tornod,live,FB,,1,,,
Bouverie,BOUV007,prefire,,km,2021,tornod,live,FB,,tr,,,
Bouverie,BOUV008,prefire,,km,2021,tornod,live,FB,,tr,,,
Bouverie,BOUV009,prefire,,km,2021,tornod,live,FB,,0.25,,,
Bouverie,BOUV010,prefire,,km,2021,tornod,live,FB,,0.5,,,
Bouverie,BOUV011,prefire,,km,2021,tornod,live,FB,,tr,,,
Bouverie,BOUV012,prefire,,km,2021,tornod,live,FB,,tr,,,
RioLindo,RIO001,prefire,,km,2021,tornod,live,FB,,tr,,,
RioLindo,RIO002,prefire,,km,2021,tornod,live,FB,,21,,,
RioLindo,RIO003,prefire,,km,2021,tornod,live,FB,,tr,,,
RioLindo,RIO004,prefire,,km,2021,tornod,live,FB,,tr,,,
RioLindo,RIO005,prefire,,km,2021,tornod,live,FB,,tr,,,
RioLindo,RIO006,prefire,,km,2021,tornod,live,FB,,1,,,
RioLindo,RIO007,prefire,,km,2021,tornod,live,FB,,tr,,,
RioLindo,RIO008,prefire,,km,2021,tornod,live,FB,,tr,,,
RioLindo,RIO009,prefire,,km,2021,tornod,live,FB,,tr,,,
Bouverie,BOUV001,prefire,,km,2021,toxdiv,live,SH,,46,,,
Bouverie,BOUV002,prefire,,km,2021,toxdiv,live,SH,,0.25,,,
Bouverie,BOUV003,prefire,,km,2021,toxdiv,live,SH,,3,,,
Bouverie,BOUV004,prefire,,km,2021,toxdiv,live,SH,,6,,,
Bouverie,BOUV005,prefire,,km,2021,toxdiv,live,SH,,19,,,
Bouverie,BOUV006,prefire,,km,2021,toxdiv,live,SH,,3,,,
Bouverie,BOUV007,prefire,,km,2021,toxdiv,live,SH,,0.5,,,
Bouverie,BOUV008,prefire,,km,2021,toxdiv,live,SH,,2,,,
Bouverie,BOUV009,prefire,,km,2021,toxdiv,live,SH,,6,,,
Bouverie,BOUV010,prefire,,km,2021,toxdiv,live,SH,,1,,,
Bouverie,BOUV011,prefire,,km,2021,toxdiv,live,SH,,1,,,
Bouverie,BOUV012,prefire,,km,2021,toxdiv,live,SH,,9,,,
RioLindo,RIO001,prefire,,km,2021,toxdiv,live,SH,,45,,,
RioLindo,RIO002,prefire,,km,2021,toxdiv,live,SH,,25,,,
RioLindo,RIO003,prefire,,km,2021,toxdiv,live,SH,,23,,,
RioLindo,RIO004,prefire,,km,2021,toxdiv,live,SH,,26,,,
RioLindo,RIO005,prefire,,km,2021,toxdiv,live,SH,,71,,,
RioLindo,RIO006,prefire,,km,2021,toxdiv,live,SH,,35,,,
RioLindo,RIO007,prefire,,km,2021,toxdiv,live,SH,,55,,,
RioLindo,RIO008,prefire,,km,2021,toxdiv,live,SH,,79,,,
RioLindo,RIO009,prefire,,km,2021,toxdiv,live,SH,,15,,,
Bouverie,BOUV006,prefire,,km,2021,trifolium,live,FB,,tr,,,
Bouverie,BOUV011,prefire,,km,2021,trifolium,live,FB,,2,,,
Bouverie,BOUV004,prefire,,km,2021,trifolium small head,live,FB,,tr,,,
Bouverie,BOUV006,prefire,,km,2021,trifolium small head,live,FB,,tr,,,
Bouverie,BOUV011,prefire,,km,2021,trifolium small head,live,FB,,tr,,x,x
Bouverie,BOUV012,prefire,,km,2021,trifolium small head,live,FB,,0.25,,,
Bouverie,BOUV012,prefire,,km,2021,trifolium tiny,live,FB,,tr,,,
Bouverie,BOUV009,prefire,,km,2021,trilat,live,FB,,0.25,trientalis latifolia,,
Bouverie,BOUV010,prefire,,km,2021,trilat,live,FB,,tr,,,
Bouverie,BOUV001,prefire,,km,2021,umbcal,live,TR,TSE,1,,,
Bouverie,BOUV001,prefire,,km,2021,umbcal,live,TR,TSA,4.5,,,
Bouverie,BOUV002,prefire,,km,2021,umbcal,live,TR,TSE,1,,,
Bouverie,BOUV002,prefire,,km,2021,umbcal,live,TR,TSA,5,,,
Bouverie,BOUV003,prefire,,km,2021,umbcal,live,TR,TSE,2,,,
Bouverie,BOUV003,prefire,,km,2021,umbcal,live,TR,TSA,5,,,
Bouverie,BOUV004,prefire,,km,2021,umbcal,live,TR,TSE,4,,,
Bouverie,BOUV004,prefire,,km,2021,umbcal,live,TR,TSA,8,,,
Bouverie,BOUV005,prefire,,km,2021,umbcal,live,TR,TSE,3,,,
Bouverie,BOUV005,prefire,,km,2021,umbcal,live,TR,TSA,24,,,
Bouverie,BOUV005,prefire,,km,2021,umbcal,dead,TR,TSE,1,,,
Bouverie,BOUV005,prefire,,km,2021,umbcal,dead,TR,TSA,5,,,
Bouverie,BOUV005,prefire,,km,2021,umbcal,dead,TR,TOV,28,,,
Bouverie,BOUV006,prefire,,km,2021,umbcal,live,TR,TSE,0.5,,,
Bouverie,BOUV006,prefire,,km,2021,umbcal,live,TR,TSA,1.5,,,
Bouverie,BOUV007,prefire,,km,2021,umbcal,live,TR,TSE,21,,,
Bouverie,BOUV007,prefire,,km,2021,umbcal,live,TR,TSA,7,,,
Bouverie,BOUV008,prefire,,km,2021,umbcal,live,TR,TSE,0.5,tr,,
Bouverie,BOUV008,prefire,,km,2021,umbcal,live,TR,TSA,1.5,,,
Bouverie,BOUV009,prefire,,km,2021,umbcal,live,TR,TSE,2,,,
Bouverie,BOUV009,prefire,,km,2021,umbcal,live,TR,TSA,3,,,
Bouverie,BOUV010,prefire,,km,2021,umbcal,live,TR,TSE,1,,,
Bouverie,BOUV010,prefire,,km,2021,umbcal,live,TR,TSA,2.25,,,
Bouverie,BOUV010,prefire,,km,2021,umbcal,dead,TR,TOV,2,,,
Bouverie,BOUV010,prefire,,km,2021,umbcal,dead,TR,TSE,tr,,,
Bouverie,BOUV011,prefire,,km,2021,umbcal,live,TR,TSE,0.25,,,
Bouverie,BOUV011,prefire,,km,2021,umbcal,live,TR,TSA,0.25,,,
Bouverie,BOUV012,prefire,,km,2021,umbcal,live,TR,TSE,1.5,,,
Bouverie,BOUV012,prefire,,km,2021,umbcal,live,TR,TSA,1.5,,,
RioLindo,RIO001,prefire,,km,2021,umbcal,live,TR,TSE,tr,,,
RioLindo,RIO001,prefire,,km,2021,umbcal,live,TR,TSA,7,,,
RioLindo,RIO001,prefire,,km,2021,umbcal,live,TR,TOV,22,,,
RioLindo,RIO002,prefire,,km,2021,umbcal,live,TR,TSE,0.5,,symphoricarpus albus var alevigatus,
RioLindo,RIO002,prefire,,km,2021,umbcal,live,TR,TSA,1,,,
RioLindo,RIO002,prefire,,km,2021,umbcal,live,TR,TOV,12,,,
RioLindo,RIO002,prefire,,mm,2021,umbcal,dead,TR,TOV,tr,,,
RioLindo,RIO002,prefire,,mm,2021,umbcal,dead,TR,TSE,tr,,,
RioLindo,RIO003,prefire,,km,2021,umbcal,live,TR,TSE,tr,,,
RioLindo,RIO003,prefire,,km,2021,umbcal,live,TR,TSA,1.5,,,
RioLindo,RIO003,prefire,,km,2021,umbcal,live,TR,TOV,15,,,
RioLindo,RIO004,prefire,,km,2021,umbcal,live,TR,TSE,3,,,
RioLindo,RIO004,prefire,,km,2021,umbcal,live,TR,TSA,26,,,
RioLindo,RIO004,prefire,,km,2021,umbcal,live,TR,TOV,85,,,
RioLindo,RIO004,prefire,,km,2021,umbcal,dead,TR,TSE,tr,,,
RioLindo,RIO004,prefire,,km,2021,umbcal,dead,TR,TSA,0.25,,,
RioLindo,RIO005,prefire,,km,2021,umbcal,live,TR,TSE,1,,,
RioLindo,RIO005,prefire,,km,2021,umbcal,live,TR,TSA,6,,,
RioLindo,RIO005,prefire,,km,2021,umbcal,live,TR,TOV,78,,,
RioLindo,RIO005,prefire,,km,2021,umbcal,dead,TR,TOV,tr,,,
RioLindo,RIO006,prefire,,km,2021,umbcal,live,TR,TSE,2,,,
RioLindo,RIO006,prefire,,km,2021,umbcal,live,TR,TSA,2,,,
RioLindo,RIO006,prefire,,km,2021,umbcal,live,TR,TOV,8,,,
RioLindo,RIO007,prefire,,km,2021,umbcal,live,TR,TSE,0.5,,,
RioLindo,RIO007,prefire,,km,2021,umbcal,live,TR,TSA,20,,,
RioLindo,RIO007,prefire,,km,2021,umbcal,live,TR,TOV,23,,,
RioLindo,RIO007,prefire,,km,2021,umbcal,dead,TR,TSA,1,,,
RioLindo,RIO008,prefire,,mm,2021,umbcal,live,TR,TOV,6,,,
RioLindo,RIO009,prefire,,km,2021,umbcal,live,TR,TSE,0.25,,,
RioLindo,RIO009,prefire,,km,2021,umbcal,live,TR,TSA,1,,,
RioLindo,RIO009,prefire,,km,2021,umbcal,live,TR,TOV,6,,,
Bouverie,BOUV010,prefire,,km,2021,unk,dead,TR,TSE,tr,,,
RioLindo,RIO006,prefire,,mm,2021,unk,dead,TR,TSE,tr,,,
RioLindo,RIO009,prefire,,km,2021,unk,dead,TR,TSA,0.25,,,
Bouverie,BOUV002,prefire,,km,2021,vitcal,live,FB,,tr,,,
RioLindo,RIO009,prefire,,km,2021,vitvin,live,SH,,tr,vitis vinifera,,
Bouverie,BOUV007,prefire,,km,2021,vulmyu,live,GR,,0.25,,,
Bouverie,BOUV002,prefire,,km,2021,whimod,live,FB,,0.25,,,
Bouverie,BOUV004,prefire,,km,2021,whimod,live,FB,,tr,,,
Bouverie,BOUV007,prefire,,km,2021,whimod,live,FB,,0.5,"opposite branchimg/lvs, .1m to ground, sparsly long white hairy lvs",,
Bouverie,BOUV009,prefire,,km,2021,whimod,live,FB,,0.25,,,
Bouverie,BOUV010,prefire,,km,2021,whimod,live,FB,,1,"whipplea modesta, small opp sh, aloso maybe polcal",,
Bouverie,BOUV005,prefire,,km,2021,wyegla,live,FB,,tr,,,
