site,year,pre_post_fire,plotid,obs,species,status,lifeform,layer_code,percent,notes
Modoc,2020,prefire,Modoc01,vs,abco,live,TR,TOV,,
Modoc,2020,prefire,Modoc01,vs,abco,live,TR,TSA,tr,added during QAQC using regen data
Modoc,2020,prefire,Modoc01,vs,abco,live,TR,TSE,tr,
Modoc,2020,prefire,Modoc03,vs,abco,live,TR,TSE,tr,
Modoc,2020,prefire,Modoc03,vs,abco,live,TR,TSA,tr,
Modoc,2020,prefire,Modoc03,vs,abco,live,TR,TOV,,
Modoc,2020,prefire,Modoc05,vs,abco,live,TR,TOV,65,
Modoc,2020,prefire,Modoc05,vs,abco,dead,TR,TOV,tr,
Modoc,2020,prefire,Modoc05,vs,abco,live,TR,TSA,5,
Modoc,2020,prefire,Modoc05,vs,abco,live,TR,TSE,tr,
Modoc,2020,prefire,Modoc27,vs,abco,live,TR,TOV,10,
Modoc,2020,prefire,Modoc27,vs,abco,live,TR,TSE,tr,
Modoc,2020,prefire,Modoc25,vs,abco,live,TR,TOV,3,
Modoc,2020,prefire,Modoc23,vs,abco,live,TR,TOV,18,
Modoc,2020,prefire,Modoc23,vs,abco,live,TR,TSE,tr,
Modoc,2020,prefire,Modoc21,vs,abco,live,TR,TOV,5,
Modoc,2020,prefire,Modoc21,vs,abco,live,TR,TSE,tr,
Modoc,2020,prefire,Modoc19,vs,abco,live,TR,TOV,2,
Modoc,2020,prefire,Modoc02,ag,abco,live,TR,TOV,73,
Modoc,2020,prefire,Modoc02,ag,abco,live,TR,TSA,15,
Modoc,2020,prefire,Modoc02,ag,abco,live,TR,TSE,tr,
Modoc,2020,prefire,Modoc02,ag,abco,dead,TR,TSA,tr,
Modoc,2020,prefire,Modoc02,ag,abco,dead,TR,TOV,tr,
Modoc,2020,prefire,Modoc04,km,abco,live,TR,TOV,20,
Modoc,2020,prefire,Modoc04,km,abco,live,TR,TSA,tr,
Modoc,2020,prefire,Modoc04,km,abco,live,TR,TSE,tr,
Modoc,2020,prefire,Modoc04,km,abco,dead,TR,TOV,tr,
Modoc,2020,prefire,Modoc06,ag,abco,live,TR,TOV,30,
Modoc,2020,prefire,Modoc06,ag,abco,live,TR,TSA,tr,
Modoc,2020,prefire,Modoc06,ag,abco,live,TR,TSE,tr,
Modoc,2020,prefire,Modoc07,ag,abco,live,TR,TOV,18,
Modoc,2020,prefire,Modoc07,ag,abco,live,TR,TSE,tr,
Modoc,2020,prefire,Modoc08,ag,abco,live,TR,TOV,7,
Modoc,2020,prefire,Modoc08,ag,abco,live,TR,TSA,2,
Modoc,2020,prefire,Modoc08,ag,abco,live,TR,TSE,tr,
Modoc,2020,prefire,Modoc10,ag,abco,live,TR,TOV,,
Modoc,2020,prefire,Modoc10,ag,abco,dead,TR,TOV,,
Modoc,2020,prefire,Modoc10,ag,abco,dead,TR,TSA,,
Modoc,2020,prefire,Modoc10,ag,abco,live,TR,TSA,,added during QAQC using regen data
Modoc,2020,prefire,Modoc10,ag,abco,live,TR,TSE,3,
Modoc,2020,prefire,Modoc12,ag,abco,live,TR,TOV,34,
Modoc,2020,prefire,Modoc12,ag,abco,dead,TR,TOV,tr,
Modoc,2020,prefire,Modoc12,ag,abco,dead,TR,TSA,1.5,
Modoc,2020,prefire,Modoc12,ag,abco,live,TR,TSE,1,
Modoc,2020,prefire,Modoc12,ag,abco,dead,TR,TSE,tr,
Modoc,2020,prefire,Modoc14,ag,abco,live,TR,TOV,45,
Modoc,2020,prefire,Modoc14,ag,abco,dead,TR,TSA,0.5,
Modoc,2020,prefire,Modoc14,ag,abco,live,TR,TSA,0.5,
Modoc,2020,prefire,Modoc14,ag,abco,live,TR,TSE,tr,
Modoc,2020,prefire,Modoc14,ag,abco,dead,TR,TSE,tr,
Modoc,2020,prefire,Modoc16,ag,abco,dead,TR,TSA,tr,
Modoc,2020,prefire,Modoc18,ag,abco,live,TR,TSE,t4,
Modoc,2020,prefire,Modoc18,ag,abco,live,TR,TOV,tr,
Modoc,2020,prefire,Modoc20,ag,abco,live,TR,TSE,tr,
Modoc,2020,prefire,Modoc20,ag,abco,live,TR,TOV,tr,
Modoc,2020,prefire,Modoc22,ag,abco,live,TR,TOV,9,
Modoc,2020,prefire,Modoc22,ag,abco,dead,TR,TSA,tr,
Modoc,2020,prefire,Modoc22,ag,abco,live,TR,TSE,tr,
Modoc,2020,prefire,Modoc24,ag,abco,live,TR,TOV,15,
Modoc,2020,prefire,Modoc24,ag,abco,live,TR,TSE,tr,
Modoc,2020,prefire,Modoc26,ag,abco,live,TR,TOV,25,
Modoc,2020,prefire,Modoc26,ag,abco,live,TR,TSE,12,
Modoc,2020,prefire,Modoc26,ag,abco,live,TR,TSA,tr,
Modoc,2020,prefire,Modoc28,ag,abco,live,TR,TSE,tr,
Modoc,2020,prefire,Modoc15,vs,abco,live,TR,TOV,4,
Modoc,2020,prefire,Modoc13,vs,abco,live,TR,TOV,,no overstory per spp
Modoc,2020,prefire,Modoc13,vs,abco,live,TR,TSE,1,
Modoc,2020,prefire,Modoc11,vs,abco,live,TR,TSE,tr,added during QAQC using regen data
Modoc,2020,prefire,Modoc11,vs,abco,live,TR,TOV,tr,
Modoc,2020,prefire,Modoc09,vs,abco,live,TR,TOV,,no cover per spp recorded
Modoc,2020,prefire,Modoc09,vs,abco,live,TR,TSE,tr,
Modoc,2020,prefire,Modoc07,vs,abco,live,TR,TOV,,no overstory per spp
Modoc,2020,prefire,Modoc07,vs,abco,live,TR,TSE,tr,
Modoc,2020,prefire,Modoc01,vs,achnatherum,live,FB,na,tr,
Modoc,2020,prefire,Modoc03,vs,achnatherum,live,GR,na,tr,
Modoc,2020,prefire,Modoc27,vs,achnatherum,live,GR,na,tr,
Modoc,2020,prefire,Modoc25,vs,achnatherum,live,GR,na,tr,
Modoc,2020,prefire,Modoc23,vs,achnatherum,live,GR,na,tr,
Modoc,2020,prefire,Modoc21,vs,achnatherum,live,GR,na,tr,
Modoc,2020,prefire,Modoc19,vs,achnatherum,live,GR,na,tr,
Modoc,2020,prefire,Modoc17,vs,achnatherum ,live,GR,na,1,
Modoc,2020,prefire,Modoc15,vs,achnatherum ,live,GR,na,3,
Modoc,2020,prefire,Modoc13,vs,achnatherum ,live,GR,na,tr,
Modoc,2020,prefire,Modoc11,vs,achnatherum ,live,GR,na,2,
Modoc,2020,prefire,Modoc09,vs,achnatherum ,live,GR,na,tr,
Modoc,2020,prefire,Modoc07,vs,achnatherum ,live,GR,na,tr,
Modoc,2020,prefire,Modoc17,vs,agogra,live,FB,na,tr,
Modoc,2020,prefire,Modoc15,vs,agogra,live,FB,na,tr,
Modoc,2020,prefire,Modoc11,vs,agogra,live,FB,na,tr,
Modoc,2020,prefire,Modoc16,ag,agohet,live,FB,na,tr,
Modoc,2020,prefire,Modoc18,ag,agoseris,live,FB,na,tr,
Modoc,2020,prefire,Modoc20,ag,agoseris,live,FB,na,tr,
Modoc,2020,prefire,Modoc21,vs,agoseris,live,FB,na,tr,
Modoc,2020,prefire,Modoc04,km,allvir,live,FB,na,tr,
Modoc,2020,prefire,Modoc03,vs,amut,live,SH,na,tr,
Modoc,2020,prefire,Modoc21,vs,amut,live,SH,na,tr,
Modoc,2020,prefire,Modoc19,vs,amut,live,SH,na,tr,
Modoc,2020,prefire,Modoc14,ag,amut,live,SH,na,tr,
Modoc,2020,prefire,Modoc16,ag,amut,live,SH,na,tr,
Modoc,2020,prefire,Modoc22,ag,amut,live,SH,na,tr,
Modoc,2020,prefire,Modoc26,ag,amut,live,SH,na,tr,
Modoc,2020,prefire,Modoc28,ag,amut,live,SH,na,tr,
Modoc,2020,prefire,Modoc28,ag,amut,dead,SH,na,tr,resp
Modoc,2020,prefire,Modoc17,vs,amut,live,SH,na,tr,
Modoc,2020,prefire,Modoc15,vs,amut,live,SH,na,tr,
Modoc,2020,prefire,Modoc13,vs,amut,live,SH,na,tr,
Modoc,2020,prefire,Modoc11,vs,amut,live,SH,na,tr,
Modoc,2020,prefire,Modoc07,vs,amut,live,SH,na,tr,
Modoc,2020,prefire,Modoc17,vs,antennaria,live,FB,na,tr,
Modoc,2020,prefire,Modoc03,vs,ipoagg,live,FB,na,tr,
Modoc,2020,prefire,Modoc01,vs,apoand,live,FB,na,tr,
Modoc,2020,prefire,Modoc03,vs,apoand,live,SH,na,tr,
Modoc,2020,prefire,Modoc05,vs,apoand,live,SH,na,tr,
Modoc,2020,prefire,Modoc23,vs,apoand,live,SH,na,tr,
Modoc,2020,prefire,Modoc19,vs,apoand,live,SH,na,tr,
Modoc,2020,prefire,Modoc02,ag,apoand,live,SH,na,tr,
Modoc,2020,prefire,Modoc04,km,apoand,live,FB,na,tr,
Modoc,2020,prefire,Modoc06,ag,apoand,live,SH,na,tr,
Modoc,2020,prefire,Modoc07,ag,apoand,live,SH,na,tr,
Modoc,2020,prefire,Modoc08,ag,apoand,live,SH,na,tr,
Modoc,2020,prefire,Modoc26,ag,apoand,live,SH,na,tr,
Modoc,2020,prefire,Modoc07,vs,apoand,live,SH,na,tr,
Modoc,2020,prefire,Modoc21,vs,ipoagg,live,FB,na,tr,
Modoc,2020,prefire,Modoc15,vs,ipoagg,live,FB,na,tr,
Modoc,2020,prefire,Modoc09,vs,ipoagg,live,FB,na,tr,
Modoc,2020,prefire,Modoc07,vs,ipoagg,live,FB,na,tr,
Modoc,2020,prefire,Modoc01,vs,arpa,live,SH,na,2,(patula)
Modoc,2020,prefire,Modoc03,vs,arpa,live,FB,na,tr,
Modoc,2020,prefire,Modoc01,vs,arcto2,live,SH,na,tr,
Modoc,2020,prefire,Modoc07,ag,arne,live,SH,na,tr,
Modoc,2020,prefire,Modoc27,vs,arpa,live,SH,na,1,
Modoc,2020,prefire,Modoc27,vs,arpa,dead,SH,na,tr,pretreatment 80%
Modoc,2020,prefire,Modoc23,vs,arpa,dead,SH,na,tr,
Modoc,2020,prefire,Modoc21,vs,arpa,live,SH,na,tr,
Modoc,2020,prefire,Modoc21,vs,arpa,dead,SH,na,tr,resp
Modoc,2020,prefire,Modoc19,vs,arpa,live,SH,na,tr,
Modoc,2020,prefire,Modoc04,km,arpa,live,SH,na,1,
Modoc,2020,prefire,Modoc04,km,arpa,dead,SH,na,tr,
Modoc,2020,prefire,Modoc06,ag,arpa,live,SH,na,tr,
Modoc,2020,prefire,Modoc07,ag,arpa,live,SH,na,tr,
Modoc,2020,prefire,Modoc08,ag,arpa,live,SH,na,tr,
Modoc,2020,prefire,Modoc08,ag,arpa,dead,SH,na,5,
Modoc,2020,prefire,Modoc10,ag,arpa,live,SH,na,tr,resp
Modoc,2020,prefire,Modoc12,ag,arpa,dead,SH,na,0.5,resp
Modoc,2020,prefire,Modoc14,ag,arpa,live,SH,na,tr,
Modoc,2020,prefire,Modoc14,ag,arpa,dead,SH,na,tr,
Modoc,2020,prefire,Modoc16,ag,arpa,dead,SH,na,18,resp
Modoc,2020,prefire,Modoc16,ag,arpa,live,SH,na,3,
Modoc,2020,prefire,Modoc18,ag,arpa,dead,SH,na,7,resp
Modoc,2020,prefire,Modoc18,ag,arpa,live,SH,na,1,
Modoc,2020,prefire,Modoc20,ag,arpa,live,SH,na,9,
Modoc,2020,prefire,Modoc20,ag,arpa,dead,SH,na,2,resp
Modoc,2020,prefire,Modoc24,ag,arpa,live,SH,na,tr,
Modoc,2020,prefire,Modoc24,ag,arpa,dead,SH,na,4,resp
Modoc,2020,prefire,Modoc28,ag,arpa,dead,SH,na,6,resp
Modoc,2020,prefire,Modoc28,ag,arpa,live,SH,na,tr,
Modoc,2020,prefire,Modoc17,vs,arpa,live,SH,na,6,sm
Modoc,2020,prefire,Modoc17,vs,arpa,dead,SH,na,tr,
Modoc,2020,prefire,Modoc15,vs,arpa,live,SH,na,tr,
Modoc,2020,prefire,Modoc13,vs,arpa,live,SH,na,tr,
Modoc,2020,prefire,Modoc11,vs,arpa,dead,SH,na,,
Modoc,2020,prefire,Modoc09,vs,arpa,dead,SH,na,tr,
Modoc,2020,prefire,Modoc07,vs,arpa,live,SH,na,tr,
Modoc,2020,prefire,Modoc23,vs,arne,live,SH,na,tr,
Modoc,2020,prefire,Modoc10,ag,aster1,live,FB,na,tr,collect
Modoc,2020,prefire,Modoc10,ag,aster2,live,FB,na,tr,collect
Modoc,2020,prefire,Modoc14,ag,asterunk,live,FB,na,tr,
Modoc,2020,prefire,Modoc06,ag,bolete,live,FUNGI,na,tr,
Modoc,2020,prefire,Modoc10,ag,FUNHYG,live,moss,na,tr,
Modoc,2020,prefire,Modoc12,ag,FUNHYG,live,moss,na,1,
Modoc,2020,prefire,Modoc20,ag,FUNHYG,live,moss,na,tr,
Modoc,2020,prefire,Modoc10,ag,bromeModoc,live,FB,na,1,collect
Modoc,2020,prefire,Modoc12,ag,bromeModoc,live,GR,na,8,
Modoc,2020,prefire,Modoc14,ag,bromeModoc ,live,GR,na,4,
Modoc,2020,prefire,Modoc16,ag,bromeModoc ,live,FB,na,tr,
Modoc,2020,prefire,Modoc18,ag,bromeModoc ,live,GR,na,12,
Modoc,2020,prefire,Modoc20,ag,bromeModoc ,live,GR,na,5,
Modoc,2020,prefire,Modoc22,ag,bromeModoc ,live,GR,na,tr,
Modoc,2020,prefire,Modoc24,ag,bromeModoc ,live,GR,na,tr,
Modoc,2020,prefire,Modoc26,ag,bromeModoc ,live,GR,na,tr,
Modoc,2020,prefire,Modoc28,ag,bromeModoc ,live,GR,na,tr,
Modoc,2020,prefire,Modoc01,vs,bromus,live,GR,na,tr,collected
Modoc,2020,prefire,Modoc25,vs,bromus,live,GR,na,tr,
Modoc,2020,prefire,Modoc23,vs,bromus,live,GR,na,tr,
Modoc,2020,prefire,Modoc21,vs,bromus,live,GR,na,tr,
Modoc,2020,prefire,Modoc19,vs,bromus,live,GR,na,tr,
Modoc,2020,prefire,Modoc17,vs,bromus,live,GR,na,1,
Modoc,2020,prefire,Modoc15,vs,bromus,live,GR,na,1,
Modoc,2020,prefire,Modoc13,vs,bromus,live,GR,na,tr,
Modoc,2020,prefire,Modoc11,vs,bromus,live,GR,na,tr,
Modoc,2020,prefire,Modoc09,vs,bromus,live,GR,na,1,
Modoc,2020,prefire,Modoc16,ag,brotec,live,GR,na,tr,
Modoc,2020,prefire,Modoc18,ag,brotec,live,GR,na,tr,
Modoc,2020,prefire,Modoc03,vs,boechera,live,FB,na,tr,collected
Modoc,2020,prefire,Modoc07,vs,boechera,live,FB,na,tr,
Modoc,2020,prefire,Modoc24,ag,boechera,live,FB,na,tr,
Modoc,2020,prefire,Modoc16,ag,boechera,live,FB,na,tr,
Modoc,2020,prefire,Modoc01,vs,cade,live,TR,TOV,tr,
Modoc,2020,prefire,Modoc01,vs,cade,live,TR,TSE,tr,
Modoc,2020,prefire,Modoc03,vs,cade,live,TR,TSE,1,
Modoc,2020,prefire,Modoc03,vs,cade,dead,TR,TSE,tr,added during QAQC using regen data
Modoc,2020,prefire,Modoc03,vs,cade,live,TR,TSA,tr,
Modoc,2020,prefire,Modoc05,vs,cade,live,TR,TSA,1,
Modoc,2020,prefire,Modoc05,vs,cade,live,TR,TSE,tr,
Modoc,2020,prefire,Modoc27,vs,cade,live,TR,TOV,tr,
Modoc,2020,prefire,Modoc25,vs,cade,live,TR,TOV,3,
Modoc,2020,prefire,Modoc25,vs,cade,live,TR,TSA,1,
Modoc,2020,prefire,Modoc23,vs,cade,live,TR,TSE,tr,
Modoc,2020,prefire,Modoc19,vs,cade,live,TR,TOV,18,
Modoc,2020,prefire,Modoc02,ag,cade,live,TR,TOV,2,
Modoc,2020,prefire,Modoc02,ag,cade,live,TR,TSA,tr,
Modoc,2020,prefire,Modoc02,ag,cade,live,TR,TSE,tr,
Modoc,2020,prefire,Modoc04,km,cade,live,TR,TOV,2,
Modoc,2020,prefire,Modoc04,km,cade,live,TR,TSA,tr,
Modoc,2020,prefire,Modoc04,km,cade,live,TR,TSE,tr,
Modoc,2020,prefire,Modoc04,km,cade,dead,TR,TSE,tr,added during QAQC using regen data
Modoc,2020,prefire,Modoc06,ag,cade,live,TR,TSE,tr,
Modoc,2020,prefire,Modoc07,ag,cade,live,TR,TOV,12.5,
Modoc,2020,prefire,Modoc07,ag,cade,live,TR,TSE,tr,
Modoc,2020,prefire,Modoc08,ag,cade,live,TR,TOV,1.5,
Modoc,2020,prefire,Modoc08,ag,cade,live,TR,TSE,tr,
Modoc,2020,prefire,Modoc10,ag,cade,live,TR,TOV,,
Modoc,2020,prefire,Modoc10,ag,cade,dead,TR,TSA,,
Modoc,2020,prefire,Modoc10,ag,cade,live,TR,TSA,,added during QAQC using regen data
Modoc,2020,prefire,Modoc10,ag,cade,live,TR,TSE,,
Modoc,2020,prefire,Modoc10,ag,cade,dead,TR,TSE,,
Modoc,2020,prefire,Modoc12,ag,cade,live,TR,TOV,9,
Modoc,2020,prefire,Modoc12,ag,cade,dead,TR,TSE,tr,added during QAQC using regen data
Modoc,2020,prefire,Modoc12,ag,cade,live,TR,TSE,tr,
Modoc,2020,prefire,Modoc14,ag,cade,live,TR,TSE,tr,
Modoc,2020,prefire,Modoc14,ag,cade,live,TR,TSA,tr,
Modoc,2020,prefire,Modoc14,ag,cade,dead,TR,TSA,tr,
Modoc,2020,prefire,Modoc16,ag,cade,live,TR,TOV,3,
Modoc,2020,prefire,Modoc16,ag,cade,live,TR,TSE,tr,
Modoc,2020,prefire,Modoc18,ag,cade,dead,TR,TOV,1,
Modoc,2020,prefire,Modoc18,ag,cade,live,TR,TOV,35,
Modoc,2020,prefire,Modoc18,ag,cade,live,TR,TSE,tr,
Modoc,2020,prefire,Modoc20,ag,cade,live,TR,TOV,30,
Modoc,2020,prefire,Modoc20,ag,cade,live,TR,TSA,tr,
Modoc,2020,prefire,Modoc20,ag,cade,live,TR,TSE,tr,
Modoc,2020,prefire,Modoc20,ag,cade,dead,TR,TSA,tr,
Modoc,2020,prefire,Modoc20,ag,cade,dead,TR,TSE,tr,
Modoc,2020,prefire,Modoc20,ag,cade,live,TR,TSE,tr,added during QAQC using regen data
Modoc,2020,prefire,Modoc24,ag,cade,live,TR,TOV,tr,
Modoc,2020,prefire,Modoc24,ag,cade,live,TR,TSE,tr,
Modoc,2020,prefire,Modoc24,ag,cade,dead,TR,TSE,tr,
Modoc,2020,prefire,Modoc26,ag,cade,live,TR,TOV,tr,
Modoc,2020,prefire,Modoc26,ag,cade,live,TR,TSE,tr,
Modoc,2020,prefire,Modoc28,ag,cade,live,TR,TOV,3,resprouting
Modoc,2020,prefire,Modoc28,ag,cade,live,TR,TSE,tr,
Modoc,2020,prefire,Modoc17,vs,cade,live,TR,TOV,11,
Modoc,2020,prefire,Modoc17,vs,cade,live,TR,TSA,tr,
Modoc,2020,prefire,Modoc17,vs,cade,live,TR,TSE,tr,
Modoc,2020,prefire,Modoc13,vs,cade,live,TR,TOV,,
Modoc,2020,prefire,Modoc13,vs,cade,live,TR,TSE,tr,
Modoc,2020,prefire,Modoc09,vs,cade,live,TR,TOV,,
Modoc,2020,prefire,Modoc09,vs,cade,live,TR,TSE,tr,
Modoc,2020,prefire,Modoc09,vs,cade,dead,TR,TSE,tr,
Modoc,2020,prefire,Modoc07,vs,cade,live,TR,TOV,,
Modoc,2020,prefire,Modoc07,vs,cade,live,TR,TSE,1,
Modoc,2020,prefire,Modoc03,vs,callonlon,live,FB,na,tr,
Modoc,2020,prefire,Modoc21,vs,callonlon,live,FB,na,tr,
Modoc,2020,prefire,Modoc14,ag,callonlon,live,FB,na,tr,
Modoc,2020,prefire,Modoc20,ag,callonlon,live,FB,na,tr,
Modoc,2020,prefire,Modoc22,ag,callonlon,live,FB,na,tr,
Modoc,2020,prefire,Modoc26,ag,callonlon,live,FB,na,tr,
Modoc,2020,prefire,Modoc28,ag,callonlon,live,FB,na,tr,
Modoc,2020,prefire,Modoc15,vs,callonlon,live,FB,na,tr,
Modoc,2020,prefire,Modoc13,vs,callonlon,live,FB,na,tr,
Modoc,2020,prefire,Modoc11,vs,callonlon,live,FB,na,tr,
Modoc,2020,prefire,Modoc09,vs,callonlon,live,FB,na,tr,
Modoc,2020,prefire,Modoc07,vs,callonlon,live,FB,na,tr,
Modoc,2020,prefire,Modoc01,vs,carex1,live,GR,na,tr,
Modoc,2020,prefire,Modoc03,vs,carex1,live,GR,na,tr,
Modoc,2020,prefire,Modoc27,vs,carex1,live,GR,na,tr,
Modoc,2020,prefire,Modoc25,vs,carex1,live,GR,na,tr,
Modoc,2020,prefire,Modoc23,vs,carex1,live,GR,na,tr,
Modoc,2020,prefire,Modoc21,vs,carex1,live,GR,na,1,
Modoc,2020,prefire,Modoc19,vs,carex1,live,GR,na,tr,
Modoc,2020,prefire,Modoc28,ag,carex1,live,GR,na,tr,
Modoc,2020,prefire,Modoc15,vs,carex1,live,GR,na,tr,
Modoc,2020,prefire,Modoc13,vs,carex1,live,GR,na,tr,
Modoc,2020,prefire,Modoc11,vs,carex1,live,GR,na,tr,
Modoc,2020,prefire,Modoc09,vs,carex1,live,GR,na,1,
Modoc,2020,prefire,Modoc07,vs,carex1,live,GR,na,tr,
Modoc,2020,prefire,Modoc21,vs,carex2,live,GR,na,tr,
Modoc,2020,prefire,Modoc19,vs,carex2,live,GR,na,tr,
Modoc,2020,prefire,Modoc13,vs,carex2,live,GR,na,tr,
Modoc,2020,prefire,Modoc11,vs,carex2,live,GR,na,tr,
Modoc,2020,prefire,Modoc09,vs,carex2,live,GR,na,tr,
Modoc,2020,prefire,Modoc27,vs,carex2/3,live,GR,na,tr,collected
Modoc,2020,prefire,Modoc12,ag,carexModoc,live,FB,na,tr,
Modoc,2020,prefire,Modoc14,ag,carexModoc ,live,GR,na,tr,
Modoc,2020,prefire,Modoc16,ag,carexModoc ,live,GR,na,tr,
Modoc,2020,prefire,Modoc18,ag,carexModoc ,live,GR,na,1,
Modoc,2020,prefire,Modoc20,ag,carexModoc ,live,GR,na,tr,
Modoc,2020,prefire,Modoc26,ag,carexModoc ,live,GR,na,tr,
Modoc,2020,prefire,Modoc27,vs,castelleja,live,FB,na,tr,
Modoc,2020,prefire,Modoc25,vs,castelleja,live,FB,na,tr,
Modoc,2020,prefire,Modoc16,ag,castilleja,live,FB,na,tr,
Modoc,2020,prefire,Modoc18,ag,castilleja,live,FB,na,tr,
Modoc,2020,prefire,Modoc20,ag,castilleja,live,FB,na,0.25,
Modoc,2020,prefire,Modoc28,ag,castilleja ,live,FB,na,tr,
Modoc,2020,prefire,Modoc17,vs,castilleja ,live,FB,na,tr,
Modoc,2020,prefire,Modoc15,vs,castilleja ,live,FB,na,tr,
Modoc,2020,prefire,Modoc09,vs,castilleja ,live,FB,na,tr,
Modoc,2020,prefire,Modoc03,vs,ceanothus2,live,SH,na,tr,
Modoc,2020,prefire,Modoc01,vs,cepr,live,SH,na,3,
Modoc,2020,prefire,Modoc03,vs,cepr,live,SH,na,tr,
Modoc,2020,prefire,Modoc27,vs,cepr,live,SH,na,3,resp?
Modoc,2020,prefire,Modoc25,vs,cepr,live,SH,na,2,
Modoc,2020,prefire,Modoc25,vs,cepr,dead,SH,na,tr,
Modoc,2020,prefire,Modoc23,vs,cepr,live,SH,na,4,sl
Modoc,2020,prefire,Modoc21,vs,cepr,live,SH,na,6,sl
Modoc,2020,prefire,Modoc04,km,cepr,live,SH,na,1,
Modoc,2020,prefire,Modoc07,ag,cepr,live,SH,na,0.5,
Modoc,2020,prefire,Modoc08,ag,cepr,live,SH,na,0.5,
Modoc,2020,prefire,Modoc10,ag,cepr,live,SH,na,2,
Modoc,2020,prefire,Modoc12,ag,cepr,live,SH,na,1,
Modoc,2020,prefire,Modoc14,ag,cepr,live,SH,na,tr,
Modoc,2020,prefire,Modoc16,ag,cepr,live,SH,na,2,
Modoc,2020,prefire,Modoc18,ag,cepr,live,SH,na,13,
Modoc,2020,prefire,Modoc20,ag,cepr,live,SH,na,30,
Modoc,2020,prefire,Modoc22,ag,cepr,live,SH,na,2,
Modoc,2020,prefire,Modoc26,ag,cepr,live,SH,na,1,
Modoc,2020,prefire,Modoc28,ag,cepr,live,SH,na,10,
Modoc,2020,prefire,Modoc17,vs,cepr,live,SH,na,3,
Modoc,2020,prefire,Modoc15,vs,cepr,live,SH,na,tr,
Modoc,2020,prefire,Modoc11,vs,cepr,live,SH,na,tr,
Modoc,2020,prefire,Modoc07,vs,cepr,live,SH,na,tr,
Modoc,2020,prefire,Modoc01,vs,ceve,live,SH,na,1,
Modoc,2020,prefire,Modoc27,vs,ceve,live,SH,na,3,
Modoc,2020,prefire,Modoc25,vs,ceve,live,SH,na,4,
Modoc,2020,prefire,Modoc25,vs,ceve,dead,SH,na,tr,resprout
Modoc,2020,prefire,Modoc23,vs,ceve,live,SH,na,20,sm
Modoc,2020,prefire,Modoc21,vs,ceve,live,SH,na,tr,
Modoc,2020,prefire,Modoc19,vs,ceve,live,SH,na,4,sm
Modoc,2020,prefire,Modoc06,ag,ceve,live,SH,na,tr,
Modoc,2020,prefire,Modoc07,ag,ceve,live,SH,na,0.25,
Modoc,2020,prefire,Modoc08,ag,ceve,live,SH,na,0.5,
Modoc,2020,prefire,Modoc08,ag,ceve,dead,SH,na,2,
Modoc,2020,prefire,Modoc10,ag,ceve,live,SH,na,tr,
Modoc,2020,prefire,Modoc12,ag,ceve,live,SH,na,tr,
Modoc,2020,prefire,Modoc14,ag,ceve,live,SH,na,tr,
Modoc,2020,prefire,Modoc14,ag,ceve,dead,SH,na,tr,resp
Modoc,2020,prefire,Modoc16,ag,ceve,live,SH,na,20,
Modoc,2020,prefire,Modoc16,ag,ceve,dead,SH,na,2,resp
Modoc,2020,prefire,Modoc18,ag,ceve,live,SH,na,tr,
Modoc,2020,prefire,Modoc20,ag,ceve,live,SH,na,1,
Modoc,2020,prefire,Modoc22,ag,ceve,dead,SH,na,1.5,resp
Modoc,2020,prefire,Modoc22,ag,ceve,live,SH,na,1,
Modoc,2020,prefire,Modoc24,ag,ceve,dead,SH,na,3,resp
Modoc,2020,prefire,Modoc24,ag,ceve,live,SH,na,tr,
Modoc,2020,prefire,Modoc26,ag,ceve,live,SH,na,tr,
Modoc,2020,prefire,Modoc28,ag,ceve,live,SH,na,tr,
Modoc,2020,prefire,Modoc28,ag,ceve,dead,SH,na,tr,resp
Modoc,2020,prefire,Modoc17,vs,ceve,live,SH,na,6,5 sm
Modoc,2020,prefire,Modoc15,vs,ceve,live,SH,na,2,
Modoc,2020,prefire,Modoc11,vs,ceve,live,SH,na,tr,
Modoc,2020,prefire,Modoc09,vs,ceve,live,SH,na,tr,
Modoc,2020,prefire,Modoc07,vs,ceve,live,SH,na,tr,
Modoc,2020,prefire,Modoc23,vs,chimen,live,FB,na,tr,
Modoc,2020,prefire,Modoc22,ag,chimen,live,FB,na,tr,
Modoc,2020,prefire,Modoc13,vs,chimen,live,FB,na,tr,
Modoc,2020,prefire,Modoc01,vs,cirsium,live,FB,na,tr,
Modoc,2020,prefire,Modoc10,ag,cirsium,live,FB,na,tr,
Modoc,2020,prefire,Modoc12,ag,cirsium,live,FB,na,tr,
Modoc,2020,prefire,Modoc09,vs,cirvul,live,FB,na,tr,
Modoc,2020,prefire,Modoc27,vs,clarho,live,FB,na,tr,
Modoc,2020,prefire,Modoc25,vs,clarho,live,FB,na,tr,
Modoc,2020,prefire,Modoc19,vs,clarho,live,FB,na,tr,
Modoc,2020,prefire,Modoc04,km,clarkia,live,FB,na,tr,
Modoc,2020,prefire,Modoc04,km,clarkia,dead,FB,na,tr,
Modoc,2020,prefire,Modoc07,ag,clarkia,live,FB,na,tr,
Modoc,2020,prefire,Modoc08,ag,clarkia,live,FB,na,tr,
Modoc,2020,prefire,Modoc14,ag,clarkia,live,FB,na,tr,
Modoc,2020,prefire,Modoc16,ag,clarkia,live,FB,na,tr,
Modoc,2020,prefire,Modoc18,ag,clarkia,live,FB,na,tr,
Modoc,2020,prefire,Modoc26,ag,clarkia,live,FB,na,tr,
Modoc,2020,prefire,Modoc03,vs,claytonia,live,FB,na,tr,collected
Modoc,2020,prefire,Modoc18,ag,claytonia,live,FB,na,tr,
Modoc,2020,prefire,Modoc07,vs,claytonia,live,FB,na,tr,
Modoc,2020,prefire,Modoc03,vs,colgra,live,FB,na,tr,
Modoc,2020,prefire,Modoc27,vs,colgra,live,FB,na,tr,
Modoc,2020,prefire,Modoc07,ag,colgra,live,FB,na,tr,
Modoc,2020,prefire,Modoc08,ag,colgra,live,FB,na,tr,
Modoc,2020,prefire,Modoc10,ag,colgra,live,FB,na,tr,
Modoc,2020,prefire,Modoc12,ag,colgra,live,FB,na,tr,
Modoc,2020,prefire,Modoc14,ag,colgra,live,FB,na,tr,
Modoc,2020,prefire,Modoc16,ag,colgra,live,FB,na,tr,
Modoc,2020,prefire,Modoc18,ag,colgra,live,FB,na,tr,
Modoc,2020,prefire,Modoc20,ag,colgra,live,FB,na,tr,
Modoc,2020,prefire,Modoc22,ag,colgra,live,FB,na,tr,
Modoc,2020,prefire,Modoc26,ag,colgra,live,FB,na,tr,
Modoc,2020,prefire,Modoc27,vs,colpar,live,FB,na,tr,
Modoc,2020,prefire,Modoc25,vs,colpar,live,FB,na,tr,
Modoc,2020,prefire,Modoc02,ag,colpar,live,FB,na,tr,
Modoc,2020,prefire,Modoc04,km,colpar,live,FB,na,tr,
Modoc,2020,prefire,Modoc07,ag,colpar,live,FB,na,tr,
Modoc,2020,prefire,Modoc08,ag,colpar,live,FB,na,tr,
Modoc,2020,prefire,Modoc12,ag,colpar,live,FB,na,2,
Modoc,2020,prefire,Modoc15,vs,colpar,live,FB,na,tr,
Modoc,2020,prefire,Modoc11,vs,colpar,live,FB,na,tr,
Modoc,2020,prefire,Modoc12,ag,collinsia2,live,FB,na,tr,collect
Modoc,2020,prefire,Modoc10,ag,collomia2,live,FB,na,tr,
Modoc,2020,prefire,Modoc12,ag,collomia2,live,FB,na,1,collect
Modoc,2020,prefire,Modoc14,ag,collomia2,live,FB,na,tr,
Modoc,2020,prefire,Modoc18,ag,collomia2,live,FB,na,tr,
Modoc,2020,prefire,Modoc22,ag,collomia2,live,FB,na,tr,
Modoc,2020,prefire,Modoc01,vs,collomia,live,FB,na,tr,photo
Modoc,2020,prefire,Modoc25,vs,collomia,live,FB,na,tr,
Modoc,2020,prefire,Modoc16,ag,coltor,live,FB,na,tr,
Modoc,2020,prefire,Modoc18,ag,coltor,live,FB,na,tr,
Modoc,2020,prefire,Modoc20,ag,coltor,live,FB,na,tr,
Modoc,2020,prefire,Modoc22,ag,coltor,live,FB,na,tr,
Modoc,2020,prefire,Modoc24,ag,coltor,live,FB,na,tr,
Modoc,2020,prefire,Modoc26,ag,coltor,live,FB,na,tr,
Modoc,2020,prefire,Modoc06,ag,cormac,live,FB,na,tr,
Modoc,2020,prefire,Modoc01,vs,cyanoglossum,live,FB,na,tr,collected
Modoc,2020,prefire,Modoc16,ag,dipnan,live,FB,na,tr,
Modoc,2020,prefire,Modoc18,ag,dipnan,live,FB,na,tr,
Modoc,2020,prefire,Modoc20,ag,dipnan,live,FB,na,tr,
Modoc,2020,prefire,Modoc06,ag,prohoo,live,FB,na,tr,
Modoc,2020,prefire,Modoc03,vs,elyely,live,GR,na,tr,
Modoc,2020,prefire,Modoc02,ag,elyely,live,GR,na,tr,elymus elymoides
Modoc,2020,prefire,Modoc04,km,elyely,live,GR,na,tr,
Modoc,2020,prefire,Modoc10,ag,elyely,live,FB,na,6,
Modoc,2020,prefire,Modoc12,ag,elyely,live,GR,na,tr,
Modoc,2020,prefire,Modoc14,ag,elyely,live,GR,na,tr,
Modoc,2020,prefire,Modoc16,ag,elyely,live,GR,na,19,
Modoc,2020,prefire,Modoc18,ag,elyely,live,GR,na,tr,
Modoc,2020,prefire,Modoc20,ag,elyely,live,GR,na,tr,
Modoc,2020,prefire,Modoc22,ag,elyely,live,GR,na,3,
Modoc,2020,prefire,Modoc24,ag,elyely,live,GR,na,4,
Modoc,2020,prefire,Modoc26,ag,elyely,live,GR,na,tr,
Modoc,2020,prefire,Modoc03,vs,elygla,live,GR,na,tr,
Modoc,2020,prefire,Modoc09,vs,elygla,live,GR,na,tr,
Modoc,2020,prefire,Modoc07,vs,elygla,live,GR,na,tr,
Modoc,2020,prefire,Modoc27,vs,elymus,live,GR,na,tr,
Modoc,2020,prefire,Modoc23,vs,elymus,live,GR,na,1,
Modoc,2020,prefire,Modoc21,vs,elymus,live,GR,na,tr,
Modoc,2020,prefire,Modoc19,vs,elymus,live,GR,na,tr,
Modoc,2020,prefire,Modoc17,vs,elymus,live,GR,na,2,
Modoc,2020,prefire,Modoc15,vs,elymus,live,GR,na,1,
Modoc,2020,prefire,Modoc13,vs,elymus,live,GR,na,tr,
Modoc,2020,prefire,Modoc11,vs,elymus,live,GR,na,tr,
Modoc,2020,prefire,Modoc07,vs,elymus,live,GR,na,tr,
Modoc,2020,prefire,Modoc01,vs,elymus1,live,GR,na,tr,likely elimoides
Modoc,2020,prefire,Modoc07,ag,elymus1,live,GR,na,,
Modoc,2020,prefire,Modoc08,ag,elymus1,live,GR,na,tr,
Modoc,2020,prefire,Modoc01,vs,epilobium,live,FB,na,tr,
Modoc,2020,prefire,Modoc27,vs,epilobium,live,FB,na,tr,
Modoc,2020,prefire,Modoc21,vs,epilobium,live,FB,na,tr,
Modoc,2020,prefire,Modoc22,ag,epilobium,live,FB,na,tr,
Modoc,2020,prefire,Modoc24,ag,epilobium,live,FB,na,tr,
Modoc,2020,prefire,Modoc10,ag,erilan,live,FB,na,tr,collect
Modoc,2020,prefire,Modoc16,ag,erilan,live,FB,na,tr,
Modoc,2020,prefire,Modoc20,ag,erilan,live,FB,na,tr,
Modoc,2020,prefire,Modoc17,vs,erilan,live,FB,na,tr,
Modoc,2020,prefire,Modoc15,vs,erilan,live,FB,na,1,
Modoc,2020,prefire,Modoc01,vs,erinau,live,FB,na,tr,
Modoc,2020,prefire,Modoc03,vs,erinau,live,SH,na,tr,
Modoc,2020,prefire,Modoc27,vs,erinau,live,SH,na,tr,
Modoc,2020,prefire,Modoc23,vs,erinau,live,SH,na,tr,resp
Modoc,2020,prefire,Modoc23,vs,erinau,dead,SH,na,tr,
Modoc,2020,prefire,Modoc21,vs,erinau,live,SH,na,tr,
Modoc,2020,prefire,Modoc21,vs,erinau,dead,SH,na,tr,resp
Modoc,2020,prefire,Modoc19,vs,erinau,live,SH,na,tr,
Modoc,2020,prefire,Modoc04,km,erinau,live,SH,na,tr,
Modoc,2020,prefire,Modoc08,ag,erinau,live,SH,na,tr,
Modoc,2020,prefire,Modoc16,ag,erinau,live,SH,na,tr,
Modoc,2020,prefire,Modoc28,ag,erinau,live,SH,na,tr,
Modoc,2020,prefire,Modoc17,vs,erinau,live,SH,na,1,
Modoc,2020,prefire,Modoc11,vs,erinau,dead,SH,na,,resp
Modoc,2020,prefire,Modoc09,vs,erinau,live,SH,na,tr,
Modoc,2020,prefire,Modoc07,vs,erinau,live,SH,na,tr,
Modoc,2020,prefire,Modoc25,vs,erinud,live,FB,na,tr,
Modoc,2020,prefire,Modoc08,ag,erinud,live,FB,na,tr,
Modoc,2020,prefire,Modoc16,ag,erinud,live,FB,na,tr,
Modoc,2020,prefire,Modoc18,ag,erinud,live,FB,na,tr,
Modoc,2020,prefire,Modoc20,ag,erinud,live,FB,na,tr,
Modoc,2020,prefire,Modoc24,ag,erinud,live,FB,na,tr,
Modoc,2020,prefire,Modoc28,ag,erinud,live,FB,na,tr,
Modoc,2020,prefire,Modoc20,ag,eriumb,live,FB,na,tr,
Modoc,2020,prefire,Modoc15,vs,euophorbia,live,FB,na,tr,
Modoc,2020,prefire,Modoc09,vs,euophorbia,live,FB,na,tr,
Modoc,2020,prefire,Modoc23,vs,euphorbia,live,FB,na,tr,
Modoc,2020,prefire,Modoc21,vs,euphorbia,live,FB,na,tr,
Modoc,2020,prefire,Modoc19,vs,euphorbia,live,FB,na,tr,
Modoc,2020,prefire,Modoc10,ag,euphorbia,live,FB,na,tr,collect
Modoc,2020,prefire,Modoc16,ag,euphorbia,live,FB,na,tr,
Modoc,2020,prefire,Modoc20,ag,euphorbia,live,FB,na,tr,
Modoc,2020,prefire,Modoc11,vs,euphorbia,live,FB,na,tr,
Modoc,2020,prefire,Modoc22,ag,euphorbia ,live,FB,na,tr,
Modoc,2020,prefire,Modoc17,vs,euphorbia ,live,FB,na,tr,
Modoc,2020,prefire,Modoc09,vs,festuca,live,GR,na,tr,
Modoc,2020,prefire,Modoc01,vs,fravir,live,FB,na,tr,
Modoc,2020,prefire,Modoc21,vs,fravir,live,FB,na,2,
Modoc,2020,prefire,Modoc07,ag,fravir,live,FB,na,tr,
Modoc,2020,prefire,Modoc10,ag,fravir,live,FB,na,tr,
Modoc,2020,prefire,Modoc12,ag,fravir,live,FB,na,tr,
Modoc,2020,prefire,Modoc14,ag,fravir,live,FB,na,tr,
Modoc,2020,prefire,Modoc16,ag,fravir,live,FB,na,tr,
Modoc,2020,prefire,Modoc18,ag,fravir,live,FB,na,tr,
Modoc,2020,prefire,Modoc20,ag,fravir,live,FB,na,0.25,
Modoc,2020,prefire,Modoc22,ag,fravir,live,FB,na,2,
Modoc,2020,prefire,Modoc24,ag,fravir,live,FB,na,tr,
Modoc,2020,prefire,Modoc26,ag,fravir,live,FB,na,tr,
Modoc,2020,prefire,Modoc28,ag,fravir,live,FB,na,tr,
Modoc,2020,prefire,Modoc17,vs,fravir,live,FB,na,1,
Modoc,2020,prefire,Modoc15,vs,fravir,live,FB,na,1,
Modoc,2020,prefire,Modoc13,vs,fravir,live,FB,na,tr,
Modoc,2020,prefire,Modoc11,vs,fravir,live,FB,na,1,
Modoc,2020,prefire,Modoc09,vs,fravir,live,FB,na,tr,
Modoc,2020,prefire,Modoc19,vs,gaydif,live,FB,na,tr,
Modoc,2020,prefire,Modoc16,ag,gaydif,live,FB,na,tr,collect
Modoc,2020,prefire,Modoc18,ag,gaydif,live,FB,na,tr,
Modoc,2020,prefire,Modoc20,ag,gaydif,live,FB,na,tr,
Modoc,2020,prefire,Modoc22,ag,gaydif,live,FB,na,tr,
Modoc,2020,prefire,Modoc24,ag,gaydif,live,FB,na,tr,
Modoc,2020,prefire,Modoc26,ag,gaydif,live,FB,na,tr,
Modoc,2020,prefire,Modoc15,vs,gaydif,live,FB,na,tr,
Modoc,2020,prefire,Modoc07,vs,gaydif,live,FB,na,tr,
Modoc,2020,prefire,Modoc10,ag,gayophytum,live,FB,na,1,collect
Modoc,2020,prefire,Modoc17,vs,gayophytum,live,FB,na,tr,
Modoc,2020,prefire,Modoc03,vs,goob,live,FB,na,tr,
Modoc,2020,prefire,Modoc05,vs,goob,live,FB,na,tr,
Modoc,2020,prefire,Modoc12,ag,goob,live,FB,na,tr,
Modoc,2020,prefire,Modoc14,ag,goob,live,FB,na,tr,
Modoc,2020,prefire,Modoc22,ag,goob,live,FB,na,tr,
Modoc,2020,prefire,Modoc24,ag,goob,live,FB,na,tr,
Modoc,2020,prefire,Modoc07,vs,goob,live,FB,na,tr,
Modoc,2020,prefire,Modoc12,ag,hairygrass,live,GR,na,1,collect
Modoc,2020,prefire,Modoc27,vs,HIESCO,live,FB,na,tr,Hieracium scouleri
Modoc,2020,prefire,Modoc25,vs,HIESCO,live,FB,na,tr,
Modoc,2020,prefire,Modoc23,vs,HIESCO,live,FB,na,tr,
Modoc,2020,prefire,Modoc21,vs,HIESCO,live,FB,na,1,
Modoc,2020,prefire,Modoc19,vs,HIESCO,live,FB,na,1,
Modoc,2020,prefire,Modoc20,ag,HIESCO,live,FB,na,0.25,
Modoc,2020,prefire,Modoc22,ag,HIESCO,live,FB,na,tr,
Modoc,2020,prefire,Modoc17,vs,HIESCO,live,FB,na,tr,
Modoc,2020,prefire,Modoc15,vs,HIESCO,live,FB,na,2,
Modoc,2020,prefire,Modoc13,vs,HIESCO,live,FB,na,tr,
Modoc,2020,prefire,Modoc11,vs,HIESCO,live,FB,na,tr,
Modoc,2020,prefire,Modoc09,vs,HIESCO,live,FB,na,tr,
Modoc,2020,prefire,Modoc07,vs,HIESCO,live,FB,na,tr,
Modoc,2020,prefire,Modoc25,vs,herb2,live,FB,na,tr,
Modoc,2020,prefire,Modoc17,vs,herb2,live,FB,na,tr,
Modoc,2020,prefire,Modoc02,ag,HIESCO,live,FB,na,tr,
Modoc,2020,prefire,Modoc04,km,HIESCO,live,FB,na,tr,
Modoc,2020,prefire,Modoc06,ag,HIESCO,live,FB,na,tr,
Modoc,2020,prefire,Modoc10,ag,HIESCO,live,FB,na,1,
Modoc,2020,prefire,Modoc12,ag,HIESCO,live,FB,na,tr,
Modoc,2020,prefire,Modoc16,ag,HIESCO,live,FB,na,tr,
Modoc,2020,prefire,Modoc24,ag,HIESCO,live,FB,na,tr,
Modoc,2020,prefire,Modoc26,ag,HIESCO,live,FB,na,tr,
Modoc,2020,prefire,Modoc28,ag,HIESCO,live,FB,na,tr,
Modoc,2020,prefire,Modoc14,ag,HIESCO,live,SH,na,tr,
Modoc,2020,prefire,Modoc18,ag,HIESCO,live,FB,na,tr,
Modoc,2020,prefire,Modoc03,vs,HIESCO,live,FB,na,tr,
Modoc,2020,prefire,Modoc01,vs,hortri,live,FB,na,tr,collected
Modoc,2020,prefire,Modoc21,vs,hortri,live,FB,na,tr,
Modoc,2020,prefire,Modoc19,vs,hortri,live,FB,na,tr,
Modoc,2020,prefire,Modoc04,km,hortri,live,FB,na,tr,
Modoc,2020,prefire,Modoc08,ag,hortri,live,FB,na,tr,
Modoc,2020,prefire,Modoc10,ag,hortri,live,FB,na,tr,
Modoc,2020,prefire,Modoc12,ag,hortri,live,FB,na,tr,
Modoc,2020,prefire,Modoc14,ag,hortri,live,FB,na,tr,
Modoc,2020,prefire,Modoc20,ag,hortri,live,FB,na,tr,
Modoc,2020,prefire,Modoc22,ag,hortri,live,FB,na,tr,
Modoc,2020,prefire,Modoc24,ag,hortri,live,FB,na,tr,
Modoc,2020,prefire,Modoc15,vs,hortri,live,FB,na,tr,
Modoc,2020,prefire,Modoc11,vs,hortri,live,FB,na,tr,
Modoc,2020,prefire,Modoc09,vs,hortri,live,FB,na,tr,
Modoc,2020,prefire,Modoc07,vs,hortri,live,FB,na,tr,
Modoc,2020,prefire,Modoc03,vs,horkelia,live,FB,na,tr,
Modoc,2020,prefire,Modoc04,km,ipoagg,live,FB,na,tr,
Modoc,2020,prefire,Modoc10,ag,ipoagg,live,FB,na,tr,
Modoc,2020,prefire,Modoc22,ag,ipoagg,live,FB,na,tr,
Modoc,2020,prefire,Modoc26,ag,ipoagg,live,FB,na,tr,
Modoc,2020,prefire,Modoc08,ag,kega,live,FB,na,0.5,
Modoc,2020,prefire,Modoc01,vs,kelgal,live,FB,na,tr,
Modoc,2020,prefire,Modoc03,vs,kelgal,live,FB,na,tr,
Modoc,2020,prefire,Modoc05,vs,kelgal,live,FB,na,tr,
Modoc,2020,prefire,Modoc27,vs,kelgal,live,FB,na,tr,
Modoc,2020,prefire,Modoc25,vs,kelgal,live,FB,na,tr,
Modoc,2020,prefire,Modoc23,vs,kelgal,live,FB,na,5,
Modoc,2020,prefire,Modoc21,vs,kelgal,live,FB,na,1,
Modoc,2020,prefire,Modoc19,vs,kelgal,live,FB,na,2,
Modoc,2020,prefire,Modoc04,km,kelgal,live,FB,na,tr,
Modoc,2020,prefire,Modoc07,ag,kelgal,live,FB,na,tr,
Modoc,2020,prefire,Modoc10,ag,kelgal,live,FB,na,tr,
Modoc,2020,prefire,Modoc12,ag,kelgal,live,FB,na,tr,
Modoc,2020,prefire,Modoc14,ag,kelgal,live,FB,na,tr,
Modoc,2020,prefire,Modoc16,ag,kelgal,live,FB,na,tr,
Modoc,2020,prefire,Modoc16,ag,kelgal,live,FB,na,1,collect
Modoc,2020,prefire,Modoc18,ag,kelgal,live,FB,na,0.5,
Modoc,2020,prefire,Modoc20,ag,kelgal,live,FB,na,0.25,
Modoc,2020,prefire,Modoc22,ag,kelgal,live,FB,na,3,
Modoc,2020,prefire,Modoc24,ag,kelgal,live,FB,na,1,
Modoc,2020,prefire,Modoc26,ag,kelgal,live,FB,na,1,
Modoc,2020,prefire,Modoc28,ag,kelgal,live,FB,na,tr,
Modoc,2020,prefire,Modoc17,vs,kelgal,live,FB,na,2,
Modoc,2020,prefire,Modoc15,vs,kelgal,live,FB,na,tr,
Modoc,2020,prefire,Modoc13,vs,kelgal,live,FB,na,tr,
Modoc,2020,prefire,Modoc11,vs,kelgal,live,FB,na,tr,
Modoc,2020,prefire,Modoc09,vs,kelgal,live,FB,na,tr,
Modoc,2020,prefire,Modoc04,km,lacser,live,FB,na,tr,
Modoc,2020,prefire,Modoc14,ag,lacser,live,FB,na,tr,
Modoc,2020,prefire,Modoc16,ag,lacser,live,FB,na,tr,
Modoc,2020,prefire,Modoc24,ag,lacser,live,FB,na,tr,
Modoc,2020,prefire,Modoc26,ag,lacser,live,FB,na,tr,
Modoc,2020,prefire,Modoc12,ag,lactuca,live,FB,na,tr,
Modoc,2020,prefire,Modoc18,ag,largeaster,live,FB,na,tr,
Modoc,2020,prefire,Modoc20,ag,largeaster,live,FB,na,tr,
Modoc,2020,prefire,Modoc10,ag,lathryus,live,FB,na,tr,collect
Modoc,2020,prefire,Modoc09,vs,lathryus,live,FB,na,tr,
Modoc,2020,prefire,Modoc16,ag,lathryusnotched,live,FB,na,tr,
Modoc,2020,prefire,Modoc15,vs,lathryusnotched,live,FB,na,tr,
Modoc,2020,prefire,Modoc23,vs,lathryusnotnotched,live,FB,na,tr,
Modoc,2020,prefire,Modoc21,vs,lathryusnotnotched,live,FB,na,tr,
Modoc,2020,prefire,Modoc16,ag,lathryusnotnotched,live,FB,na,tr,
Modoc,2020,prefire,Modoc18,ag,lathryusnotnotched,live,FB,na,tr,
Modoc,2020,prefire,Modoc20,ag,lathryusnotnotched ,live,FB,na,tr,
Modoc,2020,prefire,Modoc17,vs,lathryusnotnotched ,live,FB,na,2,
Modoc,2020,prefire,Modoc15,vs,lathryusnotnotched ,live,FB,na,6,
Modoc,2020,prefire,Modoc13,vs,lathryusnotnotched ,live,FB,na,tr,
Modoc,2020,prefire,Modoc17,vs,lessengia,live,FB,na,tr,
Modoc,2020,prefire,Modoc15,vs,lessengia,live,FB,na,tr,
Modoc,2020,prefire,Modoc11,vs,lessengia,live,FB,na,tr,
Modoc,2020,prefire,Modoc09,vs,lessengia,live,FB,na,tr,
Modoc,2020,prefire,Modoc25,vs,lessingia,live,FB,na,tr,
Modoc,2020,prefire,Modoc23,vs,lessingia,live,FB,na,tr,
Modoc,2020,prefire,Modoc21,vs,lessingia,live,FB,na,tr,
Modoc,2020,prefire,Modoc19,vs,lessingia,live,FB,na,tr,
Modoc,2020,prefire,Modoc04,km,letvul,live,FUNGI,na,tr,
Modoc,2020,prefire,Modoc22,ag,liliaceae,live,FB,na,tr,no bloom yey
Modoc,2020,prefire,Modoc16,ag,madia,live,FB,na,tr,collect
Modoc,2020,prefire,Modoc20,ag,madia,live,FB,na,tr,
Modoc,2020,prefire,Modoc15,vs,madia,live,FB,na,tr,
Modoc,2020,prefire,Modoc18,ag,madia2,live,FB,na,tr,small
Modoc,2020,prefire,Modoc24,ag,madiasmall,live,FB,na,tr,
Modoc,2020,prefire,Modoc03,vs,maiste,live,FB,na,tr,
Modoc,2020,prefire,Modoc05,vs,maiste,live,FB,na,tr,
Modoc,2020,prefire,Modoc02,ag,maiste,live,FB,na,tr,
Modoc,2020,prefire,Modoc07,ag,maiste,live,FB,na,tr,
Modoc,2020,prefire,Modoc08,ag,maiste,live,FB,na,tr,
Modoc,2020,prefire,Modoc14,ag,maiste,live,FB,na,tr,
Modoc,2020,prefire,Modoc22,ag,maiste,live,FB,na,tr,
Modoc,2020,prefire,Modoc07,vs,maiste,live,FB,na,tr,
Modoc,2020,prefire,Modoc13,vs,miaste,live,FB,na,tr,
Modoc,2020,prefire,Modoc21,vs,micoseris,live,FB,na,tr,microseris heterophylla??? Or agosiris?
Modoc,2020,prefire,Modoc17,vs,micoseris,live,FB,na,tr,
Modoc,2020,prefire,Modoc15,vs,micoseris,live,FB,na,tr,
Modoc,2020,prefire,Modoc02,ag,Modoccarex,live,GR,na,tr,
Modoc,2020,prefire,Modoc04,km,Modoccarex,live,GR,na,tr,
Modoc,2020,prefire,Modoc06,ag,Modoccarex,live,GR,na,tr,
Modoc,2020,prefire,Modoc24,ag,Modoccarex,live,GR,na,tr,
Modoc,2020,prefire,Modoc07,ag,Modoccarex ,live,GR,na,tr,
Modoc,2020,prefire,Modoc08,ag,Modoccarex ,live,GR,na,1,
Modoc,2020,prefire,Modoc10,ag,Modoccarex ,live,FB,na,tr,
Modoc,2020,prefire,Modoc22,ag,Modoccarex ,live,GR,na,tr,
Modoc,2020,prefire,Modoc04,km,Modocgrass1,live,FB,na,tr,
Modoc,2020,prefire,Modoc01,vs,monodo,live,FB,na,tr,
Modoc,2020,prefire,Modoc27,vs,monodo,live,FB,na,1,
Modoc,2020,prefire,Modoc25,vs,monodo,live,FB,na,2,
Modoc,2020,prefire,Modoc23,vs,monodo,live,FB,na,1,
Modoc,2020,prefire,Modoc21,vs,monodo,live,FB,na,1,
Modoc,2020,prefire,Modoc19,vs,monodo,live,FB,na,1,
Modoc,2020,prefire,Modoc02,ag,monodo,live,FB,na,1,
Modoc,2020,prefire,Modoc07,ag,monodo,live,FB,na,tr,
Modoc,2020,prefire,Modoc08,ag,monodo,live,FB,na,tr,
Modoc,2020,prefire,Modoc10,ag,monodo,live,FB,na,4,
Modoc,2020,prefire,Modoc10,ag,monodo,dead,FB,na,tr,
Modoc,2020,prefire,Modoc12,ag,monodo,live,FB,na,tr,
Modoc,2020,prefire,Modoc14,ag,monodo,live,FB,na,3,
Modoc,2020,prefire,Modoc18,ag,monodo,live,FB,na,tr,
Modoc,2020,prefire,Modoc20,ag,monodo,live,FB,na,tr,
Modoc,2020,prefire,Modoc24,ag,monodo,live,FB,na,tr,
Modoc,2020,prefire,Modoc26,ag,monodo,live,FB,na,tr,
Modoc,2020,prefire,Modoc28,ag,monodo,live,FB,na,tr,
Modoc,2020,prefire,Modoc17,vs,monodo,live,FB,na,2,
Modoc,2020,prefire,Modoc15,vs,monodo,live,FB,na,3,
Modoc,2020,prefire,Modoc13,vs,monodo,live,FB,na,tr,
Modoc,2020,prefire,Modoc11,vs,monodo,live,FB,na,tr,
Modoc,2020,prefire,Modoc09,vs,monodo,live,FB,na,tr,
Modoc,2020,prefire,Modoc01,vs,notlactuca,live,FB,na,tr,collected
Modoc,2020,prefire,Modoc03,vs,notlactuca,live,FB,na,tr,
Modoc,2020,prefire,Modoc25,vs,notlactuca,live,FB,na,tr,
Modoc,2020,prefire,Modoc23,vs,notlactuca,live,FB,na,tr,
Modoc,2020,prefire,Modoc21,vs,notlactuca,live,FB,na,tr,
Modoc,2020,prefire,Modoc12,ag,notlactuca,live,FB,na,tr,
Modoc,2020,prefire,Modoc18,ag,notlactuca,live,FB,na,tr,
Modoc,2020,prefire,Modoc28,ag,notlactuca,live,FB,na,tr,
Modoc,2020,prefire,Modoc17,vs,notlactuca,live,FB,na,tr,
Modoc,2020,prefire,Modoc15,vs,notlactuca,live,FB,na,tr,
Modoc,2020,prefire,Modoc13,vs,notlactuca,live,FB,na,tr,
Modoc,2020,prefire,Modoc09,vs,notlactuca,live,FB,na,tr,
Modoc,2020,prefire,Modoc07,vs,notlactuca,live,FB,na,tr,
Modoc,2020,prefire,Modoc21,vs,pedsem,live,FB,na,tr,
Modoc,2020,prefire,Modoc19,vs,pedsem,live,FB,na,tr,
Modoc,2020,prefire,Modoc12,ag,pedsem,live,FB,na,tr,
Modoc,2020,prefire,Modoc14,ag,pedsem,live,FB,na,tr,
Modoc,2020,prefire,Modoc18,ag,pedsem,live,FB,na,tr,
Modoc,2020,prefire,Modoc22,ag,pedsem,live,FB,na,tr,
Modoc,2020,prefire,Modoc11,vs,pedsem,live,FB,na,tr,
Modoc,2020,prefire,Modoc16,ag,pendeuped,live,FB,na,tr,
Modoc,2020,prefire,Modoc24,ag,pendeuped,live,FB,na,tr,
Modoc,2020,prefire,Modoc17,vs,pendeuped,live,FB,na,tr,
Modoc,2020,prefire,Modoc03,vs,penneo,live,FB,na,tr,
Modoc,2020,prefire,Modoc05,vs,penneo,live,FB,na,tr,
Modoc,2020,prefire,Modoc04,km,penneo,dead,FB,na,tr,
Modoc,2020,prefire,Modoc04,km,penneo,live,FB,na,tr,
Modoc,2020,prefire,Modoc06,ag,penneo,live,FB,na,tr,
Modoc,2020,prefire,Modoc07,ag,penneo,live,FB,na,tr,
Modoc,2020,prefire,Modoc08,ag,penneo,live,FB,na,tr,
Modoc,2020,prefire,Modoc10,ag,penneo,live,FB,na,tr,
Modoc,2020,prefire,Modoc12,ag,penneo,live,FB,na,tr,
Modoc,2020,prefire,Modoc14,ag,penneo,live,FB,na,tr,
Modoc,2020,prefire,Modoc16,ag,penneo,live,FB,na,tr,
Modoc,2020,prefire,Modoc20,ag,penneo,live,FB,na,tr,
Modoc,2020,prefire,Modoc22,ag,penneo,live,FB,na,tr,
Modoc,2020,prefire,Modoc24,ag,penneo,live,FB,na,tr,
Modoc,2020,prefire,Modoc26,ag,penneo,live,FB,na,tr,
Modoc,2020,prefire,Modoc28,ag,penneo,live,FB,na,tr,
Modoc,2020,prefire,Modoc07,ag,pennew,live,FB,na,tr,
Modoc,2020,prefire,Modoc16,ag,penspe,live,FB,na,tr,
Modoc,2020,prefire,Modoc22,ag,penspe,live,FB,na,tr,
Modoc,2020,prefire,Modoc28,ag,penspe,live,FB,na,tr,
Modoc,2020,prefire,Modoc17,vs,penneo,live,FB,na,1,
Modoc,2020,prefire,Modoc13,vs,penneo,live,FB,na,tr,
Modoc,2020,prefire,Modoc27,vs,penneo,live,FB,na,1,
Modoc,2020,prefire,Modoc25,vs,penneo,live,FB,na,tr,
Modoc,2020,prefire,Modoc23,vs,penneo,live,FB,na,tr,
Modoc,2020,prefire,Modoc21,vs,penneo,live,FB,na,1,
Modoc,2020,prefire,Modoc19,vs,penneo,live,FB,na,tr,
Modoc,2020,prefire,Modoc15,vs,penneo,live,FB,na,tr,
Modoc,2020,prefire,Modoc11,vs,penneo,live,FB,na,tr,
Modoc,2020,prefire,Modoc07,vs,penneo,live,FB,na,tr,
Modoc,2020,prefire,Modoc19,vs,penspe,live,FB,na,tr,
Modoc,2020,prefire,Modoc04,km,penspe,live,FB,na,tr,
Modoc,2020,prefire,Modoc11,vs,penspe,live,FB,na,tr,
Modoc,2020,prefire,Modoc09,vs,penspe,live,FB,na,tr,
Modoc,2020,prefire,Modoc21,vs,phacelia1,live,FB,na,tr,
Modoc,2020,prefire,Modoc15,vs,phacelia1,live,FB,na,tr,
Modoc,2020,prefire,Modoc11,vs,phacelia1,live,FB,na,tr,
Modoc,2020,prefire,Modoc09,vs,phacelia1,live,FB,na,tr,
Modoc,2020,prefire,Modoc07,vs,phacelia1,live,FB,na,tr,
Modoc,2020,prefire,Modoc21,vs,phacelia2,live,FB,na,tr,
Modoc,2020,prefire,Modoc17,vs,phacelia2,live,FB,na,tr,
Modoc,2020,prefire,Modoc16,ag,phahas,live,FB,na,1,
Modoc,2020,prefire,Modoc20,ag,phahas,live,FB,na,tr,
Modoc,2020,prefire,Modoc26,ag,phahas,live,FB,na,tr,
Modoc,2020,prefire,Modoc02,ag,phahyd,live,FB,na,tr,
Modoc,2020,prefire,Modoc04,km,phahyd,live,FB,na,tr,
Modoc,2020,prefire,Modoc06,ag,phahyd,live,FB,na,tr,
Modoc,2020,prefire,Modoc07,ag,phahyd,live,FB,na,tr,
Modoc,2020,prefire,Modoc16,ag,phahyd,live,FB,na,tr,
Modoc,2020,prefire,Modoc22,ag,phahyd,live,FB,na,tr,
Modoc,2020,prefire,Modoc27,vs,phldif,live,FB,na,1,
Modoc,2020,prefire,Modoc23,vs,phldif,live,FB,na,tr,resp
Modoc,2020,prefire,Modoc19,vs,phldif,live,FB,na,1,
Modoc,2020,prefire,Modoc10,ag,phldif,live,FB,na,tr,
Modoc,2020,prefire,Modoc16,ag,phldif,live,FB,na,1.5,
Modoc,2020,prefire,Modoc18,ag,phldif,live,FB,na,tr,
Modoc,2020,prefire,Modoc20,ag,phldif,live,FB,na,tr,
Modoc,2020,prefire,Modoc26,ag,phldif,live,FB,na,tr,
Modoc,2020,prefire,Modoc28,ag,phldif,live,FB,na,tr,
Modoc,2020,prefire,Modoc17,vs,phldif,live,FB,na,1,
Modoc,2020,prefire,Modoc15,vs,phldif,live,FB,na,1,
Modoc,2020,prefire,Modoc09,vs,phldif,live,FB,na,tr,
Modoc,2020,prefire,Modoc18,ag,phyhas,live,FB,na,0.5,
Modoc,2020,prefire,Modoc03,vs,phyhyd,live,FB,na,tr,
Modoc,2020,prefire,Modoc08,ag,phahyd,live,FB,na,0.25,
Modoc,2020,prefire,Modoc12,ag,phahyd,live,FB,na,tr,
Modoc,2020,prefire,Modoc14,ag,phahyd,live,FB,na,tr,
Modoc,2020,prefire,Modoc20,ag,phahyd,live,FB,na,tr,
Modoc,2020,prefire,Modoc01,vs,pipo,live,TR,TOV,16,
Modoc,2020,prefire,Modoc01,vs,pipo,live,TR,TSE,tr,
Modoc,2020,prefire,Modoc03,vs,pipo,live,TR,TSE,tr,
Modoc,2020,prefire,Modoc03,vs,pipo,live,TR,TSA,tr,
Modoc,2020,prefire,Modoc03,vs,pipo,live,TR,TOV,,
Modoc,2020,prefire,Modoc05,vs,pipo,live,TR,TOV,5,
Modoc,2020,prefire,Modoc05,vs,pipo,dead,TR,TOV,1,
Modoc,2020,prefire,Modoc27,vs,pipo,live,TR,TOV,8,
Modoc,2020,prefire,Modoc27,vs,pipo,live,TR,TSE,tr,
Modoc,2020,prefire,Modoc25,vs,pipo,live,TR,TOV,26,
Modoc,2020,prefire,Modoc23,vs,pipo,live,TR,TOV,20,
Modoc,2020,prefire,Modoc23,vs,pipo,live,TR,TSE,tr,
Modoc,2020,prefire,Modoc21,vs,pipo,live,TR,TOV,12,
Modoc,2020,prefire,Modoc19,vs,pipo,live,TR,TOV,25,
Modoc,2020,prefire,Modoc19,vs,pipo,live,TR,TSE,tr,
Modoc,2020,prefire,Modoc19,vs,pipo,dead,TR,TSE,tr,
Modoc,2020,prefire,Modoc02,ag,pipo,live,TR,TOV,12,
Modoc,2020,prefire,Modoc02,ag,pipo,live,TR,TSA,tr,
Modoc,2020,prefire,Modoc02,ag,pipo,live,TR,TSE,tr,
Modoc,2020,prefire,Modoc02,ag,pipo,dead,TR,TOV,tr,
Modoc,2020,prefire,Modoc02,ag,pipo,dead,TR,TSA,tr,
Modoc,2020,prefire,Modoc02,ag,pipo,live,TR,TSE,tr,
Modoc,2020,prefire,Modoc02,ag,pipo,live,TR,TOV,tr,
Modoc,2020,prefire,Modoc04,km,pipo,live,TR,TOV,8,
Modoc,2020,prefire,Modoc04,km,pipo,dead,TR,TOV,tr,
Modoc,2020,prefire,Modoc04,km,pipo,dead,TR,TSE,tr,added during QAQC using regen data
Modoc,2020,prefire,Modoc04,km,pipo,live,TR,TSE,tr,
Modoc,2020,prefire,Modoc06,ag,pipo,live,TR,TOV,55,
Modoc,2020,prefire,Modoc06,ag,pipo,live,TR,TSE,tr,
Modoc,2020,prefire,Modoc07,ag,pipo,live,TR,TOV,21,
Modoc,2020,prefire,Modoc07,ag,pipo,live,TR,TSE,tr,
Modoc,2020,prefire,Modoc08,ag,pipo,live,TR,TOV,17,
Modoc,2020,prefire,Modoc08,ag,pipo,live,TR,TSA,tr,
Modoc,2020,prefire,Modoc10,ag,pipo,dead,TR,TOV,,
Modoc,2020,prefire,Modoc10,ag,pipo,live,TR,TSE,tr,
Modoc,2020,prefire,Modoc12,ag,pipo,live,TR,TOV,4,
Modoc,2020,prefire,Modoc14,ag,pipo,live,TR,TOV,10,
Modoc,2020,prefire,Modoc14,ag,pipo,live,TR,TSE,tr,
Modoc,2020,prefire,Modoc14,ag,pipo,dead,TR,TSA,tr,
Modoc,2020,prefire,Modoc14,ag,pipo,live,TR,TSA,tr,
Modoc,2020,prefire,Modoc16,ag,pipo,live,TR,TOV,7,
Modoc,2020,prefire,Modoc18,ag,pipo,live,TR,TOV,8,
Modoc,2020,prefire,Modoc18,ag,pipo,live,TR,TSE,tr,
Modoc,2020,prefire,Modoc18,ag,pipo,dead,TR,TOV,tr,
Modoc,2020,prefire,Modoc20,ag,pipo,live,TR,TOV,8,
Modoc,2020,prefire,Modoc20,ag,pipo,live,TR,TSA,tr,
Modoc,2020,prefire,Modoc22,ag,pipo,live,TR,TOV,10,
Modoc,2020,prefire,Modoc22,ag,pipo,dead,TR,TSA,tr,
Modoc,2020,prefire,Modoc22,ag,pipo,live,TR,TSA,tr,
Modoc,2020,prefire,Modoc24,ag,pipo,live,TR,TOV,20,
Modoc,2020,prefire,Modoc26,ag,pipo,dead,TR,TOV,tr,
Modoc,2020,prefire,Modoc26,ag,pipo,live,TR,TSE,tr,
Modoc,2020,prefire,Modoc17,vs,pipo,live,TR,TOV,14,
Modoc,2020,prefire,Modoc17,vs,pipo,live,TR,TSA,tr,
Modoc,2020,prefire,Modoc15,vs,pipo,live,TR,TOV,5,
Modoc,2020,prefire,Modoc15,vs,pipo,live,TR,TSE,tr,
Modoc,2020,prefire,Modoc13,vs,pipo,live,TR,TOV,,
Modoc,2020,prefire,Modoc13,vs,pipo,live,TR,TSE,tr,
Modoc,2020,prefire,Modoc11,vs,pipo,live,TR,TOV,30,not entered....
Modoc,2020,prefire,Modoc11,vs,pipo,dead,TR,TOV,tr,
Modoc,2020,prefire,Modoc11,vs,pipo,dead,TR,TOV,tr,
Modoc,2020,prefire,Modoc09,vs,pipo,live,TR,TOV,,
Modoc,2020,prefire,Modoc09,vs,pipo,live,TR,TSE,tr,
Modoc,2020,prefire,Modoc09,vs,pipo,dead,TR,TSE,tr,
Modoc,2020,prefire,Modoc07,vs,pipo,live,TR,TOV,,
Modoc,2020,prefire,Modoc07,vs,pipo,live,TR,TSE,tr,
Modoc,2020,prefire,Modoc25,vs,pipow,live,TR,TOV,12,
Modoc,2020,prefire,Modoc07,ag,plagioModoc,live,FB,na,tr,
Modoc,2020,prefire,Modoc08,ag,plagioModoc,live,FB,na,tr,
Modoc,2020,prefire,Modoc16,ag,plagioModoc ,live,FB,na,tr,
Modoc,2020,prefire,Modoc18,ag,plagioModoc ,live,FB,na,tr,
Modoc,2020,prefire,Modoc20,ag,plagioModoc ,live,FB,na,tr,
Modoc,2020,prefire,Modoc18,ag,polemoniaceae2,live,FB,na,tr,
Modoc,2020,prefire,Modoc21,vs,polemontinctorum,live,FB,na,tr,
Modoc,2020,prefire,Modoc15,vs,polemontinctorum,live,FB,na,tr,
Modoc,2020,prefire,Modoc11,vs,polemontinctorum,live,FB,na,tr,
Modoc,2020,prefire,Modoc08,ag,potentilla,live,FB,na,tr,
Modoc,2020,prefire,Modoc27,vs,pruema,live,SH,na,1,
Modoc,2020,prefire,Modoc25,vs,pruema,live,SH,na,tr,
Modoc,2020,prefire,Modoc08,ag,pruema,live,SH,na,0.25,
Modoc,2020,prefire,Modoc12,ag,pruema,dead,SH,na,tr,
Modoc,2020,prefire,Modoc12,ag,pruema,live,SH,na,tr,
Modoc,2020,prefire,Modoc14,ag,pruema,live,SH,na,tr,
Modoc,2020,prefire,Modoc18,ag,pruema,live,SH,na,tr,
Modoc,2020,prefire,Modoc20,ag,pruema,live,FB,na,tr,
Modoc,2020,prefire,Modoc24,ag,pruema,live,SH,na,tr,
Modoc,2020,prefire,Modoc24,ag,pruema,dead,SH,na,tr,resp
Modoc,2020,prefire,Modoc26,ag,pruema,live,SH,na,tr,smallleave
Modoc,2020,prefire,Modoc28,ag,pruema,live,SH,na,tr,
Modoc,2020,prefire,Modoc17,vs,pruema,live,SH,na,tr,
Modoc,2020,prefire,Modoc16,ag,prunus,live,SH,na,tr,
Modoc,2020,prefire,Modoc28,ag,prunusstipules,live,SH,na,tr,
Modoc,2020,prefire,Modoc26,ag,prvi,live,SH,na,0.5,"large leaf, on plot day before"
Modoc,2020,prefire,Modoc05,vs,pteand,live,FB,na,tr,
Modoc,2020,prefire,Modoc07,ag,pteand,live,FB,na,tr,
Modoc,2020,prefire,Modoc16,ag,purpleaster,live,FB,na,tr,collect
Modoc,2020,prefire,Modoc17,vs,purpleaster,live,FB,na,tr,
Modoc,2020,prefire,Modoc15,vs,purpleaster,live,FB,na,4,
Modoc,2020,prefire,Modoc01,vs,purtri,live,SH,na,tr,
Modoc,2020,prefire,Modoc03,vs,purtri,live,FB,na,tr,
Modoc,2020,prefire,Modoc27,vs,purtri,live,SH,na,tr,
Modoc,2020,prefire,Modoc25,vs,purtri,live,SH,na,tr,
Modoc,2020,prefire,Modoc25,vs,purtri,dead,SH,na,tr,
Modoc,2020,prefire,Modoc23,vs,purtri,live,SH,na,1,sm
Modoc,2020,prefire,Modoc23,vs,purtri,dead,SH,na,tr,
Modoc,2020,prefire,Modoc21,vs,purtri,live,SH,na,tr,
Modoc,2020,prefire,Modoc21,vs,purtri,dead,SH,na,tr,resp
Modoc,2020,prefire,Modoc19,vs,purtri,live,SH,na,tr,
Modoc,2020,prefire,Modoc04,km,purtri,live,SH,na,tr,
Modoc,2020,prefire,Modoc06,ag,purtri,live,SH,na,tr,
Modoc,2020,prefire,Modoc08,ag,purtri,live,SH,na,tr,
Modoc,2020,prefire,Modoc14,ag,purtri,live,SH,na,tr,
Modoc,2020,prefire,Modoc16,ag,purtri,live,SH,na,tr,
Modoc,2020,prefire,Modoc18,ag,purtri,live,SH,na,tr,
Modoc,2020,prefire,Modoc20,ag,purtri,live,SH,na,1.5,
Modoc,2020,prefire,Modoc20,ag,purtri,dead,SH,na,tr,resp
Modoc,2020,prefire,Modoc22,ag,purtri,live,SH,na,tr,
Modoc,2020,prefire,Modoc24,ag,purtri,live,SH,na,tr,
Modoc,2020,prefire,Modoc26,ag,purtri,live,SH,na,0.5,
Modoc,2020,prefire,Modoc28,ag,purtri,live,SH,na,tr,
Modoc,2020,prefire,Modoc28,ag,purtri,dead,SH,na,2,resp
Modoc,2020,prefire,Modoc28,ag,purtri,dead,SH,na,tr,resp
Modoc,2020,prefire,Modoc17,vs,purtri,live,SH,na,tr,
Modoc,2020,prefire,Modoc15,vs,purtri,live,SH,na,1,
Modoc,2020,prefire,Modoc07,vs,purtri,live,SH,na,tr,
Modoc,2020,prefire,Modoc03,vs,pyrpic,live,FB,na,tr,
Modoc,2020,prefire,Modoc05,vs,pyrpic,live,FB,na,tr,
Modoc,2020,prefire,Modoc23,vs,pyrpic,live,FB,na,tr,
Modoc,2020,prefire,Modoc21,vs,pyrpic,live,FB,na,tr,
Modoc,2020,prefire,Modoc19,vs,pyrpic,live,FB,na,tr,
Modoc,2020,prefire,Modoc02,ag,pyrpic,live,FB,na,tr,
Modoc,2020,prefire,Modoc04,km,pyrpic,live,FB,na,tr,
Modoc,2020,prefire,Modoc06,ag,pyrpic,live,FB,na,tr,
Modoc,2020,prefire,Modoc07,ag,pyrpic,live,FB,na,tr,
Modoc,2020,prefire,Modoc14,ag,pyrpic,live,FB,na,tr,
Modoc,2020,prefire,Modoc22,ag,pyrpic,live,FB,na,tr,
Modoc,2020,prefire,Modoc11,vs,pyrpic,live,FB,na,tr,
Modoc,2020,prefire,Modoc07,vs,pyrpic,live,FB,na,tr,
Modoc,2020,prefire,Modoc19,vs,qube,live,SH,na,tr,
Modoc,2020,prefire,Modoc13,vs,raylessaster,live,FB,na,tr,
Modoc,2020,prefire,Modoc18,ag,lessingia,live,FB,na,tr,
Modoc,2020,prefire,Modoc20,ag,lessingia,live,FB,na,tr,
Modoc,2020,prefire,Modoc22,ag,lessingia,live,FB,na,tr,
Modoc,2020,prefire,Modoc28,ag,lessingia,live,FB,na,tr,
Modoc,2020,prefire,Modoc01,vs,ribes1,live,SH,na,tr,
Modoc,2020,prefire,Modoc01,vs,ribes2,live,SH,na,tr,collected
Modoc,2020,prefire,Modoc27,vs,ribes3,live,SH,na,tr,
Modoc,2020,prefire,Modoc21,vs,ribes3,live,FB,na,tr,
Modoc,2020,prefire,Modoc19,vs,ribes3,live,FB,na,tr,
Modoc,2020,prefire,Modoc09,vs,ribes3,live,SH,na,tr,
Modoc,2020,prefire,Modoc05,vs,ribessmallleaf,live,SH,na,tr,photo
Modoc,2020,prefire,Modoc07,ag,rice,live,SH,na,tr,
Modoc,2020,prefire,Modoc08,ag,rice,live,SH,na,tr,
Modoc,2020,prefire,Modoc10,ag,rice,live,SH,na,tr,
Modoc,2020,prefire,Modoc22,ag,rice,live,SH,na,tr,
Modoc,2020,prefire,Modoc07,ag,riro,live,SH,na,tr,
Modoc,2020,prefire,Modoc08,ag,riro,live,SH,na,tr,
Modoc,2020,prefire,Modoc10,ag,riro,live,SH,na,tr,
Modoc,2020,prefire,Modoc14,ag,riro,live,SH,na,tr,
Modoc,2020,prefire,Modoc16,ag,riro,live,SH,na,tr,
Modoc,2020,prefire,Modoc22,ag,riro,live,SH,na,tr,
Modoc,2020,prefire,Modoc24,ag,riro,live,SH,na,tr,
Modoc,2020,prefire,Modoc26,ag,riro,live,SH,na,tr,
Modoc,2020,prefire,Modoc28,ag,riro,live,SH,na,tr,
Modoc,2020,prefire,Modoc08,ag,roswod,live,FB,na,0.25,
Modoc,2020,prefire,Modoc21,vs,senecio,live,FB,na,tr,
Modoc,2020,prefire,Modoc16,ag,senecio,live,FB,na,tr,
Modoc,2020,prefire,Modoc20,ag,senecio,live,FB,na,tr,
Modoc,2020,prefire,Modoc24,ag,senecio,live,FB,na,tr,
Modoc,2020,prefire,Modoc15,vs,senecio,live,FB,na,tr,
Modoc,2020,prefire,Modoc11,vs,senecio,live,FB,na,tr,
Modoc,2020,prefire,Modoc09,vs,senecio,live,FB,na,tr,
Modoc,2020,prefire,Modoc28,ag,silene,live,FB,na,tr,
Modoc,2020,prefire,Modoc10,ag,sisrynchium,live,FB,na,tr,
Modoc,2020,prefire,Modoc01,vs,smilacina,live,FB,na,tr,collected
Modoc,2020,prefire,Modoc04,km,smilacina,live,FB,na,tr,
Modoc,2020,prefire,Modoc08,ag,stachys,live,FB,na,tr,
Modoc,2020,prefire,Modoc16,ag,stachys,live,FB,na,tr,collect
Modoc,2020,prefire,Modoc20,ag,stachys,live,FB,na,tr,
Modoc,2020,prefire,Modoc24,ag,stachys,live,FB,na,tr,
Modoc,2020,prefire,Modoc01,vs,symo,live,SH,na,16,
Modoc,2020,prefire,Modoc03,vs,symo,live,SH,na,tr,
Modoc,2020,prefire,Modoc05,vs,symo,live,SH,na,tr,
Modoc,2020,prefire,Modoc23,vs,symo,live,SH,na,tr,
Modoc,2020,prefire,Modoc07,ag,symo,live,SH,na,0.5,
Modoc,2020,prefire,Modoc10,ag,symo,live,SH,na,tr,
Modoc,2020,prefire,Modoc16,ag,symo,live,SH,na,tr,
Modoc,2020,prefire,Modoc18,ag,symo,live,SH,na,tr,
Modoc,2020,prefire,Modoc20,ag,symo,live,SH,na,tr,
Modoc,2020,prefire,Modoc26,ag,symo,live,SH,na,tr,
Modoc,2020,prefire,Modoc07,vs,symo,live,SH,na,tr,
Modoc,2020,prefire,Modoc23,vs,symoweird,live,SH,na,tr,smaller leaves with fruit and flower? Might just be in symo... But check
Modoc,2020,prefire,Modoc10,ag,trapra,live,FB,na,tr,collect
Modoc,2020,prefire,Modoc16,ag,trapra,live,FB,na,tr,
Modoc,2020,prefire,Modoc18,ag,trapra,live,FB,na,tr,
Modoc,2020,prefire,Modoc20,ag,trapra,live,FB,na,tr,
Modoc,2020,prefire,Modoc24,ag,trapra ,live,FB,na,tr,
Modoc,2020,prefire,Modoc18,ag,triixi,live,FB,na,tr,
Modoc,2020,prefire,Modoc21,vs,unkforb,live,FB,na,tr,
Modoc,2020,prefire,Modoc17,vs,unkforb*,live,FB,na,1,
Modoc,2020,prefire,Modoc23,vs,unkherb,live,FB,na,tr,
Modoc,2020,prefire,Modoc07,ag,vertha,live,FB,na,tr,
Modoc,2020,prefire,Modoc16,ag,vertha,live,FB,na,1,
Modoc,2020,prefire,Modoc01,vs,viopur,live,FB,na,tr,
Modoc,2020,prefire,Modoc27,vs,viopur,live,FB,na,tr,
Modoc,2020,prefire,Modoc21,vs,viopur,live,FB,na,tr,
Modoc,2020,prefire,Modoc19,vs,viopur,live,FB,na,tr,
Modoc,2020,prefire,Modoc08,ag,viopur,live,FB,na,tr,
Modoc,2020,prefire,Modoc10,ag,viopur,live,FB,na,tr,
Modoc,2020,prefire,Modoc12,ag,viopur,live,FB,na,tr,
Modoc,2020,prefire,Modoc14,ag,viopur,live,FB,na,tr,
Modoc,2020,prefire,Modoc16,ag,viopur,live,FB,na,tr,
Modoc,2020,prefire,Modoc18,ag,viopur,live,FB,na,tr,
Modoc,2020,prefire,Modoc20,ag,viopur,live,FB,na,tr,
Modoc,2020,prefire,Modoc24,ag,viopur,live,FB,na,tr,
Modoc,2020,prefire,Modoc17,vs,viopur,live,FB,na,tr,
Modoc,2020,prefire,Modoc13,vs,viopur,live,FB,na,tr,
Modoc,2020,prefire,Modoc11,vs,viopur,live,FB,na,tr,
Modoc,2020,prefire,Modoc09,vs,viopur,live,FB,na,tr,
